District,Crop,Season,Start_Year,Area_Hectare,Production,Yield,Previous_Yield,NDVI_Mean,NDVI_Max,NDVI_Min,Weather_Months_Available,Temperature_C,TMin_C,TMax_C,Precipitation_mm_day,WindSpeed_m_s,Humidity_pct,RootSoilWetness,SurfaceSoilWetness,Irradiance_kWh_m2_day,NDVI_Mean_was_imputed,NDVI_Max_was_imputed,NDVI_Min_was_imputed,Weather_Confidence
Ahilyanagar,Arhar/Tur,Kharif,2020,20664.59,15667.3,0.76,,0.4114655664617643,0.4463622281073737,0.241067837336053,5,25.335436559139783,22.02197419354839,29.70109247311828,6.665363440860214,2.8885354838709683,81.53875268817204,0.8129032258064516,0.8317225806451611,16.17787096774194,True,False,True,medium
Ahilyanagar,Arhar/Tur,Kharif,2021,22874.75,18530.84,0.81,0.76,0.4114655664617643,0.4663541451681234,0.241067837336053,5,25.425494623655915,21.6634623655914,30.468236559139783,4.080023655913979,3.309797849462366,77.9924688172043,0.7194903225806452,0.7335698924731184,16.467733333333335,True,False,True,medium
Ahilyanagar,Arhar/Tur,Kharif,2022,23881.0,22018.0,0.92,0.81,0.4114655664617643,0.5578163738210732,0.241067837336053,5,25.129193548387097,21.4820623655914,29.93831827956989,5.353662365591398,3.4139483870967746,78.68415913978495,0.776425806451613,0.7723978494623657,16.000466666666668,True,False,True,medium
Ahilyanagar,Bajra,Kharif,2020,150957.97,229822.23,1.52,,0.3910617756159833,0.4463622281073737,0.21228181914333283,5,25.335436559139783,22.02197419354839,29.70109247311828,6.665363440860214,2.8885354838709683,81.53875268817204,0.8129032258064516,0.8317225806451611,16.17787096774194,True,False,True,medium
Ahilyanagar,Bajra,Kharif,2021,147501.9,151916.36,1.03,1.52,0.3910617756159833,0.4663541451681234,0.21228181914333283,5,25.425494623655915,21.6634623655914,30.468236559139783,4.080023655913979,3.309797849462366,77.9924688172043,0.7194903225806452,0.7335698924731184,16.467733333333335,True,False,True,medium
Ahilyanagar,Bajra,Kharif,2022,110862.0,136744.0,1.23,1.03,0.3910617756159833,0.5578163738210732,0.21228181914333283,5,25.129193548387097,21.4820623655914,29.93831827956989,5.353662365591398,3.4139483870967746,78.68415913978495,0.776425806451613,0.7723978494623657,16.000466666666668,True,False,True,medium
Ahilyanagar,Bajra,Summer,2021,2016.0,1834.56,0.91,,0.244291434361624,0.2514076275385131,0.237175241184735,2,30.570129032258063,23.78289784946237,37.47250537634408,1.1596881720430108,2.5626989247311824,40.69797311827957,0.5998655913978495,0.330752688172043,21.962483870967745,False,False,False,low
Ahilyanagar,Bajra,Summer,2022,5129.3,4667.66,0.91,0.91,0.2565302594821461,0.2738278845742898,0.2392326343900025,2,32.01146774193548,23.983559139784948,40.05520430107527,0.1368440860215053,3.1686774193548386,32.518715053763444,0.5906451612903225,0.1650376344086021,23.26796774193549,False,False,False,low
Ahilyanagar,Cotton(lint),Kharif,2020,172800.0,399500.0,2.31,,0.4114655664617643,0.4463622281073737,0.241067837336053,5,25.335436559139783,22.02197419354839,29.70109247311828,6.665363440860214,2.8885354838709683,81.53875268817204,0.8129032258064516,0.8317225806451611,16.17787096774194,True,False,True,medium
Ahilyanagar,Cotton(lint),Kharif,2021,162600.0,277400.0,1.71,2.31,0.4114655664617643,0.4663541451681234,0.241067837336053,5,25.425494623655915,21.6634623655914,30.468236559139783,4.080023655913979,3.309797849462366,77.9924688172043,0.7194903225806452,0.7335698924731184,16.467733333333335,True,False,True,medium
Ahilyanagar,Cotton(lint),Kharif,2022,131229.17,255061.86,1.94,1.71,0.4114655664617643,0.5578163738210732,0.241067837336053,5,25.129193548387097,21.4820623655914,29.93831827956989,5.353662365591398,3.4139483870967746,78.68415913978495,0.776425806451613,0.7723978494623657,16.000466666666668,True,False,True,medium
Ahilyanagar,Gram,Rabi,2020,107760.0,92042.58,0.85,,0.3585650385034403,0.4246576217352772,0.2807788083230003,5,22.989303993855607,16.0865777265745,30.770575422427036,0.1262437788018433,1.6240526881720427,54.20688110599078,0.6851666666666667,0.5807161290322581,18.27091904761905,False,False,False,medium
Ahilyanagar,Gram,Rabi,2021,114238.91,112409.95,0.98,0.85,0.3581513270245153,0.4235945288263218,0.2902276389859127,5,22.91851228878648,16.022233333333332,30.95597004608295,0.3056752688172043,1.91535821812596,52.96012780337941,0.6369786482334869,0.4750294930875575,17.37526466973886,False,False,False,medium
Ahilyanagar,Gram,Rabi,2022,113139.7,112159.91,0.99,0.98,0.3838584570677159,0.4546265394793832,0.3214662553859761,5,22.31607173579109,14.953211520737328,30.913897542242704,0.1875505376344086,1.8131190476190475,51.33472350230416,0.6561542242703532,0.5265451612903226,18.914902611367125,False,False,False,medium
Ahilyanagar,Groundnut,Kharif,2020,13496.5,11272.68,0.84,,0.4009920640763048,0.4463622281073737,0.2429167809553046,5,25.335436559139783,22.02197419354839,29.70109247311828,6.665363440860214,2.8885354838709683,81.53875268817204,0.8129032258064516,0.8317225806451611,16.17787096774194,True,False,True,medium
Ahilyanagar,Groundnut,Kharif,2021,15363.13,13395.11,0.87,0.84,0.4009920640763048,0.4663541451681234,0.2429167809553046,5,25.425494623655915,21.6634623655914,30.468236559139783,4.080023655913979,3.309797849462366,77.9924688172043,0.7194903225806452,0.7335698924731184,16.467733333333335,True,False,True,medium
Ahilyanagar,Groundnut,Kharif,2022,5255.6,5503.14,1.05,0.87,0.4009920640763048,0.5578163738210732,0.2429167809553046,5,25.129193548387097,21.4820623655914,29.93831827956989,5.353662365591398,3.4139483870967746,78.68415913978495,0.776425806451613,0.7723978494623657,16.000466666666668,True,False,True,medium
Ahilyanagar,Groundnut,Summer,2020,487.07,684.98,1.41,,0.2464554100974996,0.2581780806862528,0.2347327395087464,2,32.53834946236559,24.436091397849463,40.21984408602151,0.2420913978494623,2.6984086021505376,30.970838709677423,0.5931075268817203,0.2407150537634408,25.057693548387096,False,False,False,low
Ahilyanagar,Groundnut,Summer,2021,415.99,592.56,1.42,1.41,0.244291434361624,0.2514076275385131,0.237175241184735,2,30.570129032258063,23.78289784946237,37.47250537634408,1.1596881720430108,2.5626989247311824,40.69797311827957,0.5998655913978495,0.330752688172043,21.962483870967745,False,False,False,low
Ahilyanagar,Groundnut,Summer,2022,5824.0,7451.0,1.28,1.42,0.2565302594821461,0.2738278845742898,0.2392326343900025,2,32.01146774193548,23.983559139784948,40.05520430107527,0.1368440860215053,3.1686774193548386,32.518715053763444,0.5906451612903225,0.1650376344086021,23.26796774193549,False,False,False,low
Ahilyanagar,Jowar,Kharif,2020,1080.76,667.26,0.62,,0.4114655664617643,0.4463622281073737,0.241067837336053,5,25.335436559139783,22.02197419354839,29.70109247311828,6.665363440860214,2.8885354838709683,81.53875268817204,0.8129032258064516,0.8317225806451611,16.17787096774194,True,False,True,medium
Ahilyanagar,Jowar,Kharif,2021,921.41,1040.33,1.13,0.62,0.4114655664617643,0.4663541451681234,0.241067837336053,5,25.425494623655915,21.6634623655914,30.468236559139783,4.080023655913979,3.309797849462366,77.9924688172043,0.7194903225806452,0.7335698924731184,16.467733333333335,True,False,True,medium
Ahilyanagar,Jowar,Kharif,2022,426.97,243.89,0.57,1.13,0.4114655664617643,0.5578163738210732,0.241067837336053,5,25.129193548387097,21.4820623655914,29.93831827956989,5.353662365591398,3.4139483870967746,78.68415913978495,0.776425806451613,0.7723978494623657,16.000466666666668,True,False,True,medium
Ahilyanagar,Jowar,Rabi,2020,336386.53,196522.75,0.58,,0.3585650385034403,0.4246576217352772,0.2807788083230003,5,22.989303993855607,16.0865777265745,30.770575422427036,0.1262437788018433,1.6240526881720427,54.20688110599078,0.6851666666666667,0.5807161290322581,18.27091904761905,False,False,False,medium
Ahilyanagar,Jowar,Rabi,2021,324627.56,221379.77,0.68,0.58,0.3581513270245153,0.4235945288263218,0.2902276389859127,5,22.91851228878648,16.022233333333332,30.95597004608295,0.3056752688172043,1.91535821812596,52.96012780337941,0.6369786482334869,0.4750294930875575,17.37526466973886,False,False,False,medium
Ahilyanagar,Jowar,Rabi,2022,142520.05,118049.36,0.83,0.68,0.3838584570677159,0.4546265394793832,0.3214662553859761,5,22.31607173579109,14.953211520737328,30.913897542242704,0.1875505376344086,1.8131190476190475,51.33472350230416,0.6561542242703532,0.5265451612903226,18.914902611367125,False,False,False,medium
Ahilyanagar,Linseed,Rabi,2020,46.42,27.85,0.6,,0.3585650385034403,0.4246576217352772,0.2807788083230003,5,22.989303993855607,16.0865777265745,30.770575422427036,0.1262437788018433,1.6240526881720427,54.20688110599078,0.6851666666666667,0.5807161290322581,18.27091904761905,False,False,False,medium
Ahilyanagar,Linseed,Rabi,2021,52.02,49.03,0.94,0.6,0.3581513270245153,0.4235945288263218,0.2902276389859127,5,22.91851228878648,16.022233333333332,30.95597004608295,0.3056752688172043,1.91535821812596,52.96012780337941,0.6369786482334869,0.4750294930875575,17.37526466973886,False,False,False,medium
Ahilyanagar,Linseed,Rabi,2022,39.11,14.76,0.38,0.94,0.3838584570677159,0.4546265394793832,0.3214662553859761,5,22.31607173579109,14.953211520737328,30.913897542242704,0.1875505376344086,1.8131190476190475,51.33472350230416,0.6561542242703532,0.5265451612903226,18.914902611367125,False,False,False,medium
Ahilyanagar,Maize,Kharif,2020,43241.51,144642.87,3.35,,0.4033555229369874,0.4463622281073737,0.2163513167840456,5,25.335436559139783,22.02197419354839,29.70109247311828,6.665363440860214,2.8885354838709683,81.53875268817204,0.8129032258064516,0.8317225806451611,16.17787096774194,True,False,True,medium
Ahilyanagar,Maize,Kharif,2021,46278.98,147412.44,3.19,3.35,0.4033555229369874,0.4663541451681234,0.2163513167840456,5,25.425494623655915,21.6634623655914,30.468236559139783,4.080023655913979,3.309797849462366,77.9924688172043,0.7194903225806452,0.7335698924731184,16.467733333333335,True,False,True,medium
Ahilyanagar,Maize,Kharif,2022,49098.0,97824.0,1.99,3.19,0.4033555229369874,0.5578163738210732,0.2163513167840456,5,25.129193548387097,21.4820623655914,29.93831827956989,5.353662365591398,3.4139483870967746,78.68415913978495,0.776425806451613,0.7723978494623657,16.000466666666668,True,False,True,medium
Ahilyanagar,Maize,Rabi,2020,44709.39,122023.24,2.73,,0.3585650385034403,0.4246576217352772,0.2807788083230003,5,22.989303993855607,16.0865777265745,30.770575422427036,0.1262437788018433,1.6240526881720427,54.20688110599078,0.6851666666666667,0.5807161290322581,18.27091904761905,False,False,False,medium
Ahilyanagar,Maize,Rabi,2021,45432.92,120165.53,2.64,2.73,0.3581513270245153,0.4235945288263218,0.2902276389859127,5,22.91851228878648,16.022233333333332,30.95597004608295,0.3056752688172043,1.91535821812596,52.96012780337941,0.6369786482334869,0.4750294930875575,17.37526466973886,False,False,False,medium
Ahilyanagar,Maize,Rabi,2022,46177.56,108212.49,2.34,2.64,0.3838584570677159,0.4546265394793832,0.3214662553859761,5,22.31607173579109,14.953211520737328,30.913897542242704,0.1875505376344086,1.8131190476190475,51.33472350230416,0.6561542242703532,0.5265451612903226,18.914902611367125,False,False,False,medium
Ahilyanagar,Maize,Summer,2020,2397.58,3164.81,1.32,,0.2464554100974996,0.2581780806862528,0.2347327395087464,2,32.53834946236559,24.436091397849463,40.21984408602151,0.2420913978494623,2.6984086021505376,30.970838709677423,0.5931075268817203,0.2407150537634408,25.057693548387096,False,False,False,low
Ahilyanagar,Maize,Summer,2021,3048.14,4023.55,1.32,1.32,0.244291434361624,0.2514076275385131,0.237175241184735,2,30.570129032258063,23.78289784946237,37.47250537634408,1.1596881720430108,2.5626989247311824,40.69797311827957,0.5998655913978495,0.330752688172043,21.962483870967745,False,False,False,low
Ahilyanagar,Maize,Summer,2022,5791.47,11032.75,1.9,1.32,0.2565302594821461,0.2738278845742898,0.2392326343900025,2,32.01146774193548,23.983559139784948,40.05520430107527,0.1368440860215053,3.1686774193548386,32.518715053763444,0.5906451612903225,0.1650376344086021,23.26796774193549,False,False,False,low
Ahilyanagar,Moong(Green Gram),Kharif,2020,67191.94,41004.02,0.61,,0.4114655664617643,0.4463622281073737,0.241067837336053,5,25.335436559139783,22.02197419354839,29.70109247311828,6.665363440860214,2.8885354838709683,81.53875268817204,0.8129032258064516,0.8317225806451611,16.17787096774194,True,False,True,medium
Ahilyanagar,Moong(Green Gram),Kharif,2021,69620.98,42037.15,0.6,0.61,0.4114655664617643,0.4663541451681234,0.241067837336053,5,25.425494623655915,21.6634623655914,30.468236559139783,4.080023655913979,3.309797849462366,77.9924688172043,0.7194903225806452,0.7335698924731184,16.467733333333335,True,False,True,medium
Ahilyanagar,Moong(Green Gram),Kharif,2022,49101.39,39374.41,0.8,0.6,0.4114655664617643,0.5578163738210732,0.241067837336053,5,25.129193548387097,21.4820623655914,29.93831827956989,5.353662365591398,3.4139483870967746,78.68415913978495,0.776425806451613,0.7723978494623657,16.000466666666668,True,False,True,medium
Ahilyanagar,Moong(Green Gram),Summer,2021,509.0,93.75,0.18,,0.244291434361624,0.2514076275385131,0.237175241184735,2,30.570129032258063,23.78289784946237,37.47250537634408,1.1596881720430108,2.5626989247311824,40.69797311827957,0.5998655913978495,0.330752688172043,21.962483870967745,False,False,False,low
Ahilyanagar,Moong(Green Gram),Summer,2022,95.0,17.5,0.18,0.18,0.2565302594821461,0.2738278845742898,0.2392326343900025,2,32.01146774193548,23.983559139784948,40.05520430107527,0.1368440860215053,3.1686774193548386,32.518715053763444,0.5906451612903225,0.1650376344086021,23.26796774193549,False,False,False,low
Ahilyanagar,Niger seed,Kharif,2020,766.43,325.66,0.42,,0.4009920640763048,0.4463622281073737,0.2723615137428504,5,25.335436559139783,22.02197419354839,29.70109247311828,6.665363440860214,2.8885354838709683,81.53875268817204,0.8129032258064516,0.8317225806451611,16.17787096774194,True,False,True,medium
Ahilyanagar,Niger seed,Kharif,2021,794.51,135.94,0.17,0.42,0.4009920640763048,0.4663541451681234,0.2723615137428504,5,25.425494623655915,21.6634623655914,30.468236559139783,4.080023655913979,3.309797849462366,77.9924688172043,0.7194903225806452,0.7335698924731184,16.467733333333335,True,False,True,medium
Ahilyanagar,Niger seed,Kharif,2022,84.22,38.41,0.46,0.17,0.4009920640763048,0.5578163738210732,0.2723615137428504,5,25.129193548387097,21.4820623655914,29.93831827956989,5.353662365591398,3.4139483870967746,78.68415913978495,0.776425806451613,0.7723978494623657,16.000466666666668,True,False,True,medium
Ahilyanagar,Other  Rabi pulses,Rabi,2020,2405.0,1560.85,0.65,,0.3585650385034403,0.4246576217352772,0.2807788083230003,5,22.989303993855607,16.0865777265745,30.770575422427036,0.1262437788018433,1.6240526881720427,54.20688110599078,0.6851666666666667,0.5807161290322581,18.27091904761905,False,False,False,medium
Ahilyanagar,Other  Rabi pulses,Rabi,2021,289.0,83.84,0.29,0.65,0.3581513270245153,0.4235945288263218,0.2902276389859127,5,22.91851228878648,16.022233333333332,30.95597004608295,0.3056752688172043,1.91535821812596,52.96012780337941,0.6369786482334869,0.4750294930875575,17.37526466973886,False,False,False,medium
Ahilyanagar,Other  Rabi pulses,Rabi,2022,3630.6,1262.32,0.35,0.29,0.3838584570677159,0.4546265394793832,0.3214662553859761,5,22.31607173579109,14.953211520737328,30.913897542242704,0.1875505376344086,1.8131190476190475,51.33472350230416,0.6561542242703532,0.5265451612903226,18.914902611367125,False,False,False,medium
Ahilyanagar,Other Cereals,Kharif,2020,252.0,54.68,0.22,,0.4009920640763048,0.4463622281073737,0.2537155251933066,5,25.335436559139783,22.02197419354839,29.70109247311828,6.665363440860214,2.8885354838709683,81.53875268817204,0.8129032258064516,0.8317225806451611,16.17787096774194,True,False,True,medium
Ahilyanagar,Other Cereals,Kharif,2021,389.0,87.91,0.23,0.22,0.4009920640763048,0.4663541451681234,0.2537155251933066,5,25.425494623655915,21.6634623655914,30.468236559139783,4.080023655913979,3.309797849462366,77.9924688172043,0.7194903225806452,0.7335698924731184,16.467733333333335,True,False,True,medium
Ahilyanagar,Other Cereals,Kharif,2022,159.0,34.15,0.21,0.23,0.4009920640763048,0.5578163738210732,0.2537155251933066,5,25.129193548387097,21.4820623655914,29.93831827956989,5.353662365591398,3.4139483870967746,78.68415913978495,0.776425806451613,0.7723978494623657,16.000466666666668,True,False,True,medium
Ahilyanagar,Other Cereals,Rabi,2020,22.0,2.77,0.13,,0.3585650385034403,0.4246576217352772,0.2807788083230003,5,22.989303993855607,16.0865777265745,30.770575422427036,0.1262437788018433,1.6240526881720427,54.20688110599078,0.6851666666666667,0.5807161290322581,18.27091904761905,False,False,False,medium
Ahilyanagar,Other Cereals,Rabi,2021,55.0,12.76,0.23,0.13,0.3581513270245153,0.4235945288263218,0.2902276389859127,5,22.91851228878648,16.022233333333332,30.95597004608295,0.3056752688172043,1.91535821812596,52.96012780337941,0.6369786482334869,0.4750294930875575,17.37526466973886,False,False,False,medium
Ahilyanagar,Other Cereals,Rabi,2022,75.0,17.02,0.23,0.23,0.3838584570677159,0.4546265394793832,0.3214662553859761,5,22.31607173579109,14.953211520737328,30.913897542242704,0.1875505376344086,1.8131190476190475,51.33472350230416,0.6561542242703532,0.5265451612903226,18.914902611367125,False,False,False,medium
Ahilyanagar,Other Cereals,Summer,2020,1586.0,1376.01,0.87,,0.2464554100974996,0.2581780806862528,0.2347327395087464,2,32.53834946236559,24.436091397849463,40.21984408602151,0.2420913978494623,2.6984086021505376,30.970838709677423,0.5931075268817203,0.2407150537634408,25.057693548387096,False,False,False,low
Ahilyanagar,Other Cereals,Summer,2021,26.0,28.3,1.09,0.87,0.244291434361624,0.2514076275385131,0.237175241184735,2,30.570129032258063,23.78289784946237,37.47250537634408,1.1596881720430108,2.5626989247311824,40.69797311827957,0.5998655913978495,0.330752688172043,21.962483870967745,False,False,False,low
Ahilyanagar,Other Cereals,Summer,2022,15.8,19.46,1.23,1.09,0.2565302594821461,0.2738278845742898,0.2392326343900025,2,32.01146774193548,23.983559139784948,40.05520430107527,0.1368440860215053,3.1686774193548386,32.518715053763444,0.5906451612903225,0.1650376344086021,23.26796774193549,False,False,False,low
Ahilyanagar,Other Kharif pulses,Kharif,2020,9593.0,5736.61,0.6,,0.4009920640763048,0.4463622281073737,0.2537155251933066,5,25.335436559139783,22.02197419354839,29.70109247311828,6.665363440860214,2.8885354838709683,81.53875268817204,0.8129032258064516,0.8317225806451611,16.17787096774194,True,False,True,medium
Ahilyanagar,Other Kharif pulses,Kharif,2021,9403.0,1006.12,0.11,0.6,0.4009920640763048,0.4663541451681234,0.2537155251933066,5,25.425494623655915,21.6634623655914,30.468236559139783,4.080023655913979,3.309797849462366,77.9924688172043,0.7194903225806452,0.7335698924731184,16.467733333333335,True,False,True,medium
Ahilyanagar,Other Kharif pulses,Kharif,2022,10337.0,5684.0,0.55,0.11,0.4009920640763048,0.5578163738210732,0.2537155251933066,5,25.129193548387097,21.4820623655914,29.93831827956989,5.353662365591398,3.4139483870967746,78.68415913978495,0.776425806451613,0.7723978494623657,16.000466666666668,True,False,True,medium
Ahilyanagar,Other Summer Pulses,Summer,2020,861.0,444.28,0.52,,0.2464554100974996,0.2581780806862528,0.2347327395087464,2,32.53834946236559,24.436091397849463,40.21984408602151,0.2420913978494623,2.6984086021505376,30.970838709677423,0.5931075268817203,0.2407150537634408,25.057693548387096,False,False,False,low
Ahilyanagar,Other Summer Pulses,Summer,2021,398.0,225.87,0.57,0.52,0.244291434361624,0.2514076275385131,0.237175241184735,2,30.570129032258063,23.78289784946237,37.47250537634408,1.1596881720430108,2.5626989247311824,40.69797311827957,0.5998655913978495,0.330752688172043,21.962483870967745,False,False,False,low
Ahilyanagar,Other Summer Pulses,Summer,2022,42.8,30.7,0.72,0.57,0.2565302594821461,0.2738278845742898,0.2392326343900025,2,32.01146774193548,23.983559139784948,40.05520430107527,0.1368440860215053,3.1686774193548386,32.518715053763444,0.5906451612903225,0.1650376344086021,23.26796774193549,False,False,False,low
Ahilyanagar,Ragi,Kharif,2020,130.01,102.24,0.79,,0.366957985075254,0.4463622281073737,0.2878671519862098,5,25.335436559139783,22.02197419354839,29.70109247311828,6.665363440860214,2.8885354838709683,81.53875268817204,0.8129032258064516,0.8317225806451611,16.17787096774194,True,False,True,medium
Ahilyanagar,Ragi,Kharif,2021,150.76,178.25,1.18,0.79,0.366957985075254,0.4663541451681234,0.2878671519862098,5,25.425494623655915,21.6634623655914,30.468236559139783,4.080023655913979,3.309797849462366,77.9924688172043,0.7194903225806452,0.7335698924731184,16.467733333333335,True,False,True,medium
Ahilyanagar,Ragi,Kharif,2022,190.0,181.0,0.95,1.18,0.366957985075254,0.5578163738210732,0.2878671519862098,5,25.129193548387097,21.4820623655914,29.93831827956989,5.353662365591398,3.4139483870967746,78.68415913978495,0.776425806451613,0.7723978494623657,16.000466666666668,True,False,True,medium
Ahilyanagar,Rice,Kharif,2020,17595.34,33172.49,1.89,,0.42158207299695205,0.4463622281073737,0.2723615137428504,5,25.335436559139783,22.02197419354839,29.70109247311828,6.665363440860214,2.8885354838709683,81.53875268817204,0.8129032258064516,0.8317225806451611,16.17787096774194,True,False,True,medium
Ahilyanagar,Rice,Kharif,2021,19551.47,37007.02,1.89,1.89,0.42158207299695205,0.4663541451681234,0.2723615137428504,5,25.425494623655915,21.6634623655914,30.468236559139783,4.080023655913979,3.309797849462366,77.9924688172043,0.7194903225806452,0.7335698924731184,16.467733333333335,True,False,True,medium
Ahilyanagar,Rice,Kharif,2022,20579.65,34228.07,1.66,1.89,0.42158207299695205,0.5578163738210732,0.2723615137428504,5,25.129193548387097,21.4820623655914,29.93831827956989,5.353662365591398,3.4139483870967746,78.68415913978495,0.776425806451613,0.7723978494623657,16.000466666666668,True,False,True,medium
Ahilyanagar,Rice,Summer,2021,10.0,31.13,3.11,,0.244291434361624,0.2514076275385131,0.237175241184735,2,30.570129032258063,23.78289784946237,37.47250537634408,1.1596881720430108,2.5626989247311824,40.69797311827957,0.5998655913978495,0.330752688172043,21.962483870967745,False,False,False,low
Ahilyanagar,Safflower,Rabi,2020,59.0,13.59,0.23,,0.3585650385034403,0.4246576217352772,0.2807788083230003,5,22.989303993855607,16.0865777265745,30.770575422427036,0.1262437788018433,1.6240526881720427,54.20688110599078,0.6851666666666667,0.5807161290322581,18.27091904761905,False,False,False,medium
Ahilyanagar,Safflower,Rabi,2021,62.67,41.27,0.66,0.23,0.3581513270245153,0.4235945288263218,0.2902276389859127,5,22.91851228878648,16.022233333333332,30.95597004608295,0.3056752688172043,1.91535821812596,52.96012780337941,0.6369786482334869,0.4750294930875575,17.37526466973886,False,False,False,medium
Ahilyanagar,Safflower,Rabi,2022,74.0,33.18,0.45,0.66,0.3838584570677159,0.4546265394793832,0.3214662553859761,5,22.31607173579109,14.953211520737328,30.913897542242704,0.1875505376344086,1.8131190476190475,51.33472350230416,0.6561542242703532,0.5265451612903226,18.914902611367125,False,False,False,medium
Ahilyanagar,Sesamum,Kharif,2020,236.08,70.05,0.3,,0.4114655664617643,0.4463622281073737,0.2447657245745562,5,25.335436559139783,22.02197419354839,29.70109247311828,6.665363440860214,2.8885354838709683,81.53875268817204,0.8129032258064516,0.8317225806451611,16.17787096774194,True,False,True,medium
Ahilyanagar,Sesamum,Kharif,2021,135.56,25.88,0.19,0.3,0.4114655664617643,0.4663541451681234,0.2447657245745562,5,25.425494623655915,21.6634623655914,30.468236559139783,4.080023655913979,3.309797849462366,77.9924688172043,0.7194903225806452,0.7335698924731184,16.467733333333335,True,False,True,medium
Ahilyanagar,Sesamum,Kharif,2022,111.06,37.91,0.34,0.19,0.4114655664617643,0.5578163738210732,0.2447657245745562,5,25.129193548387097,21.4820623655914,29.93831827956989,5.353662365591398,3.4139483870967746,78.68415913978495,0.776425806451613,0.7723978494623657,16.000466666666668,True,False,True,medium
Ahilyanagar,Sesamum,Rabi,2020,217.71,48.27,0.22,,0.3585650385034403,0.4246576217352772,0.2807788083230003,5,22.989303993855607,16.0865777265745,30.770575422427036,0.1262437788018433,1.6240526881720427,54.20688110599078,0.6851666666666667,0.5807161290322581,18.27091904761905,False,False,False,medium
Ahilyanagar,Sesamum,Rabi,2021,158.49,113.24,0.71,0.22,0.3581513270245153,0.4235945288263218,0.2902276389859127,5,22.91851228878648,16.022233333333332,30.95597004608295,0.3056752688172043,1.91535821812596,52.96012780337941,0.6369786482334869,0.4750294930875575,17.37526466973886,False,False,False,medium
Ahilyanagar,Sesamum,Rabi,2022,19.45,6.52,0.34,0.71,0.3838584570677159,0.4546265394793832,0.3214662553859761,5,22.31607173579109,14.953211520737328,30.913897542242704,0.1875505376344086,1.8131190476190475,51.33472350230416,0.6561542242703532,0.5265451612903226,18.914902611367125,False,False,False,medium
Ahilyanagar,Sesamum,Summer,2020,135.0,25.38,0.19,,0.2464554100974996,0.2581780806862528,0.2347327395087464,2,32.53834946236559,24.436091397849463,40.21984408602151,0.2420913978494623,2.6984086021505376,30.970838709677423,0.5931075268817203,0.2407150537634408,25.057693548387096,False,False,False,low
Ahilyanagar,Sesamum,Summer,2021,48.0,9.02,0.19,0.19,0.244291434361624,0.2514076275385131,0.237175241184735,2,30.570129032258063,23.78289784946237,37.47250537634408,1.1596881720430108,2.5626989247311824,40.69797311827957,0.5998655913978495,0.330752688172043,21.962483870967745,False,False,False,low
Ahilyanagar,Sesamum,Summer,2022,39.0,10.0,0.26,0.19,0.2565302594821461,0.2738278845742898,0.2392326343900025,2,32.01146774193548,23.983559139784948,40.05520430107527,0.1368440860215053,3.1686774193548386,32.518715053763444,0.5906451612903225,0.1650376344086021,23.26796774193549,False,False,False,low
Ahilyanagar,Soyabean,Kharif,2020,84480.32,141300.37,1.67,,0.4114655664617643,0.4463622281073737,0.241067837336053,5,25.335436559139783,22.02197419354839,29.70109247311828,6.665363440860214,2.8885354838709683,81.53875268817204,0.8129032258064516,0.8317225806451611,16.17787096774194,True,False,True,medium
Ahilyanagar,Soyabean,Kharif,2021,99300.03,157052.93,1.58,1.67,0.4114655664617643,0.4663541451681234,0.241067837336053,5,25.425494623655915,21.6634623655914,30.468236559139783,4.080023655913979,3.309797849462366,77.9924688172043,0.7194903225806452,0.7335698924731184,16.467733333333335,True,False,True,medium
Ahilyanagar,Soyabean,Kharif,2022,110629.0,200692.0,1.81,1.58,0.4114655664617643,0.5578163738210732,0.241067837336053,5,25.129193548387097,21.4820623655914,29.93831827956989,5.353662365591398,3.4139483870967746,78.68415913978495,0.776425806451613,0.7723978494623657,16.000466666666668,True,False,True,medium
Ahilyanagar,Soyabean,Summer,2021,3195.0,4792.5,1.5,,0.244291434361624,0.2514076275385131,0.237175241184735,2,30.570129032258063,23.78289784946237,37.47250537634408,1.1596881720430108,2.5626989247311824,40.69797311827957,0.5998655913978495,0.330752688172043,21.962483870967745,False,False,False,low
Ahilyanagar,Soyabean,Summer,2022,1475.0,2212.5,1.5,1.5,0.2565302594821461,0.2738278845742898,0.2392326343900025,2,32.01146774193548,23.983559139784948,40.05520430107527,0.1368440860215053,3.1686774193548386,32.518715053763444,0.5906451612903225,0.1650376344086021,23.26796774193549,False,False,False,low
Ahilyanagar,Sugarcane,Whole Year,2020,109977.0,11945130.44,108.61,,0.3730108423266771,0.4463622281073737,0.20171800959583375,12,25.3678646953405,19.71006117908788,31.81868362995922,2.879157675194661,2.456519744160178,62.73381797676431,0.7192884686688913,0.6118615745890496,18.64775142133234,True,False,True,high
Ahilyanagar,Sugarcane,Whole Year,2021,207805.0,20676012.67,99.5,108.61,0.3730108423266771,0.4663541451681234,0.20171800959583375,12,25.37772791858679,19.901648425499232,31.81888402457757,2.0606338325652844,2.528215501792115,62.06546569380439,0.6699502688172044,0.5865752688172043,17.709718061955964,True,False,True,high
Ahilyanagar,Sugarcane,Whole Year,2022,160000.0,17600000.0,110.0,99.5,0.3730108423266771,0.5578163738210732,0.20171800959583375,12,25.24111936763953,19.35732213261649,32.07940777009729,2.2872374551971326,2.701060547875064,59.73005952380953,0.6941846518177163,0.5545687403993856,18.22898662314388,True,False,True,high
Ahilyanagar,Sunflower,Kharif,2020,322.15,405.74,1.26,,0.4009920640763048,0.4463622281073737,0.2723615137428504,5,25.335436559139783,22.02197419354839,29.70109247311828,6.665363440860214,2.8885354838709683,81.53875268817204,0.8129032258064516,0.8317225806451611,16.17787096774194,True,False,True,medium
Ahilyanagar,Sunflower,Kharif,2021,265.04,178.24,0.67,1.26,0.4009920640763048,0.4663541451681234,0.2723615137428504,5,25.425494623655915,21.6634623655914,30.468236559139783,4.080023655913979,3.309797849462366,77.9924688172043,0.7194903225806452,0.7335698924731184,16.467733333333335,True,False,True,medium
Ahilyanagar,Sunflower,Kharif,2022,62.0,37.0,0.6,0.67,0.4009920640763048,0.5578163738210732,0.2723615137428504,5,25.129193548387097,21.4820623655914,29.93831827956989,5.353662365591398,3.4139483870967746,78.68415913978495,0.776425806451613,0.7723978494623657,16.000466666666668,True,False,True,medium
Ahilyanagar,Sunflower,Rabi,2020,80.59,31.46,0.39,,0.3585650385034403,0.4246576217352772,0.2807788083230003,5,22.989303993855607,16.0865777265745,30.770575422427036,0.1262437788018433,1.6240526881720427,54.20688110599078,0.6851666666666667,0.5807161290322581,18.27091904761905,False,False,False,medium
Ahilyanagar,Sunflower,Rabi,2021,87.92,115.94,1.32,0.39,0.3581513270245153,0.4235945288263218,0.2902276389859127,5,22.91851228878648,16.022233333333332,30.95597004608295,0.3056752688172043,1.91535821812596,52.96012780337941,0.6369786482334869,0.4750294930875575,17.37526466973886,False,False,False,medium
Ahilyanagar,Sunflower,Rabi,2022,35.17,21.24,0.6,1.32,0.3838584570677159,0.4546265394793832,0.3214662553859761,5,22.31607173579109,14.953211520737328,30.913897542242704,0.1875505376344086,1.8131190476190475,51.33472350230416,0.6561542242703532,0.5265451612903226,18.914902611367125,False,False,False,medium
Ahilyanagar,Sunflower,Summer,2020,22.0,6.45,0.29,,0.2464554100974996,0.2581780806862528,0.2347327395087464,2,32.53834946236559,24.436091397849463,40.21984408602151,0.2420913978494623,2.6984086021505376,30.970838709677423,0.5931075268817203,0.2407150537634408,25.057693548387096,False,False,False,low
Ahilyanagar,Sunflower,Summer,2021,11.78,9.27,0.79,0.29,0.244291434361624,0.2514076275385131,0.237175241184735,2,30.570129032258063,23.78289784946237,37.47250537634408,1.1596881720430108,2.5626989247311824,40.69797311827957,0.5998655913978495,0.330752688172043,21.962483870967745,False,False,False,low
Ahilyanagar,Sunflower,Summer,2022,27.0,23.0,0.85,0.79,0.2565302594821461,0.2738278845742898,0.2392326343900025,2,32.01146774193548,23.983559139784948,40.05520430107527,0.1368440860215053,3.1686774193548386,32.518715053763444,0.5906451612903225,0.1650376344086021,23.26796774193549,False,False,False,low
Ahilyanagar,Urad,Kharif,2020,27967.61,27932.8,1.0,,0.4114655664617643,0.4463622281073737,0.241067837336053,5,25.335436559139783,22.02197419354839,29.70109247311828,6.665363440860214,2.8885354838709683,81.53875268817204,0.8129032258064516,0.8317225806451611,16.17787096774194,True,False,True,medium
Ahilyanagar,Urad,Kharif,2021,30875.67,15564.42,0.5,1.0,0.4114655664617643,0.4663541451681234,0.241067837336053,5,25.425494623655915,21.6634623655914,30.468236559139783,4.080023655913979,3.309797849462366,77.9924688172043,0.7194903225806452,0.7335698924731184,16.467733333333335,True,False,True,medium
Ahilyanagar,Urad,Kharif,2022,30794.15,31345.37,1.02,0.5,0.4114655664617643,0.5578163738210732,0.241067837336053,5,25.129193548387097,21.4820623655914,29.93831827956989,5.353662365591398,3.4139483870967746,78.68415913978495,0.776425806451613,0.7723978494623657,16.000466666666668,True,False,True,medium
Ahilyanagar,Urad,Summer,2021,8.0,4.31,0.54,,0.244291434361624,0.2514076275385131,0.237175241184735,2,30.570129032258063,23.78289784946237,37.47250537634408,1.1596881720430108,2.5626989247311824,40.69797311827957,0.5998655913978495,0.330752688172043,21.962483870967745,False,False,False,low
Ahilyanagar,Urad,Summer,2022,12.6,6.79,0.54,0.54,0.2565302594821461,0.2738278845742898,0.2392326343900025,2,32.01146774193548,23.983559139784948,40.05520430107527,0.1368440860215053,3.1686774193548386,32.518715053763444,0.5906451612903225,0.1650376344086021,23.26796774193549,False,False,False,low
Ahilyanagar,Wheat,Rabi,2020,73932.09,150813.18,2.04,,0.3585650385034403,0.4246576217352772,0.2807788083230003,5,22.989303993855607,16.0865777265745,30.770575422427036,0.1262437788018433,1.6240526881720427,54.20688110599078,0.6851666666666667,0.5807161290322581,18.27091904761905,False,False,False,medium
Ahilyanagar,Wheat,Rabi,2021,67845.25,152820.07,2.25,2.04,0.3581513270245153,0.4235945288263218,0.2902276389859127,5,22.91851228878648,16.022233333333332,30.95597004608295,0.3056752688172043,1.91535821812596,52.96012780337941,0.6369786482334869,0.4750294930875575,17.37526466973886,False,False,False,medium
Ahilyanagar,Wheat,Rabi,2022,85790.86,191159.19,2.23,2.25,0.3838584570677159,0.4546265394793832,0.3214662553859761,5,22.31607173579109,14.953211520737328,30.913897542242704,0.1875505376344086,1.8131190476190475,51.33472350230416,0.6561542242703532,0.5265451612903226,18.914902611367125,False,False,False,medium
Ahilyanagar,other oilseeds,Kharif,2020,91.0,18.93,0.21,,0.4009920640763048,0.4463622281073737,0.2492406248839314,5,25.335436559139783,22.02197419354839,29.70109247311828,6.665363440860214,2.8885354838709683,81.53875268817204,0.8129032258064516,0.8317225806451611,16.17787096774194,True,False,True,medium
Ahilyanagar,other oilseeds,Kharif,2022,117.0,81.9,0.7,0.21,0.4009920640763048,0.5578163738210732,0.2492406248839314,5,25.129193548387097,21.4820623655914,29.93831827956989,5.353662365591398,3.4139483870967746,78.68415913978495,0.776425806451613,0.7723978494623657,16.000466666666668,True,False,True,medium
Ahilyanagar,other oilseeds,Rabi,2020,19.0,1.03,0.05,,0.3585650385034403,0.4246576217352772,0.2807788083230003,5,22.989303993855607,16.0865777265745,30.770575422427036,0.1262437788018433,1.6240526881720427,54.20688110599078,0.6851666666666667,0.5807161290322581,18.27091904761905,False,False,False,medium
Ahilyanagar,other oilseeds,Rabi,2021,248.0,96.13,0.39,0.05,0.3581513270245153,0.4235945288263218,0.2902276389859127,5,22.91851228878648,16.022233333333332,30.95597004608295,0.3056752688172043,1.91535821812596,52.96012780337941,0.6369786482334869,0.4750294930875575,17.37526466973886,False,False,False,medium
Ahilyanagar,other oilseeds,Rabi,2022,37.8,6.37,0.17,0.39,0.3838584570677159,0.4546265394793832,0.3214662553859761,5,22.31607173579109,14.953211520737328,30.913897542242704,0.1875505376344086,1.8131190476190475,51.33472350230416,0.6561542242703532,0.5265451612903226,18.914902611367125,False,False,False,medium
Ahilyanagar,other oilseeds,Summer,2020,8.0,3.49,0.44,,0.2464554100974996,0.2581780806862528,0.2347327395087464,2,32.53834946236559,24.436091397849463,40.21984408602151,0.2420913978494623,2.6984086021505376,30.970838709677423,0.5931075268817203,0.2407150537634408,25.057693548387096,False,False,False,low
Ahilyanagar,other oilseeds,Summer,2022,29.0,11.54,0.4,0.44,0.2565302594821461,0.2738278845742898,0.2392326343900025,2,32.01146774193548,23.983559139784948,40.05520430107527,0.1368440860215053,3.1686774193548386,32.518715053763444,0.5906451612903225,0.1650376344086021,23.26796774193549,False,False,False,low
Akola,Arhar/Tur,Kharif,2020,54116.38,50377.98,0.93,,0.4114655664617643,0.5578633745814826,0.241067837336053,5,26.685159139784947,23.259713978494624,30.688088172043013,6.041212903225807,2.2426021505376346,80.81810967741936,0.8219139784946237,0.8307032258064515,16.5353311827957,True,False,True,medium
Akola,Arhar/Tur,Kharif,2021,57839.22,158086.14,2.73,0.93,0.4114655664617643,0.5387240726109631,0.241067837336053,5,26.445221505376345,22.91180430107527,30.6007247311828,7.476853763440862,2.512159139784946,80.01376559139786,0.8273870967741936,0.8373032258064516,16.319916129032258,True,False,True,medium
Akola,Arhar/Tur,Kharif,2022,55836.0,42268.0,0.76,2.73,0.4114655664617643,0.5802633665510749,0.241067837336053,5,26.23308817204301,22.7786623655914,30.283397849462368,7.712875268817205,2.7561849462365595,80.8761010752688,0.8660107526881721,0.8462494623655914,16.46282365591398,True,False,True,medium
Akola,Bajra,Kharif,2020,77.78,36.72,0.47,,0.3910617756159833,0.5578633745814826,0.21228181914333283,5,26.685159139784947,23.259713978494624,30.688088172043013,6.041212903225807,2.2426021505376346,80.81810967741936,0.8219139784946237,0.8307032258064515,16.5353311827957,True,False,True,medium
Akola,Bajra,Kharif,2021,5.24,1.89,0.36,0.47,0.3910617756159833,0.5387240726109631,0.21228181914333283,5,26.445221505376345,22.91180430107527,30.6007247311828,7.476853763440862,2.512159139784946,80.01376559139786,0.8273870967741936,0.8373032258064516,16.319916129032258,True,False,True,medium
Akola,Bajra,Kharif,2022,1419.0,510.0,0.36,0.36,0.3910617756159833,0.5802633665510749,0.21228181914333283,5,26.23308817204301,22.7786623655914,30.283397849462368,7.712875268817205,2.7561849462365595,80.8761010752688,0.8660107526881721,0.8462494623655914,16.46282365591398,True,False,True,medium
Akola,Cotton(lint),Kharif,2020,159100.0,335500.0,2.11,,0.4114655664617643,0.5578633745814826,0.241067837336053,5,26.685159139784947,23.259713978494624,30.688088172043013,6.041212903225807,2.2426021505376346,80.81810967741936,0.8219139784946237,0.8307032258064515,16.5353311827957,True,False,True,medium
Akola,Cotton(lint),Kharif,2021,153000.0,305600.0,2.0,2.11,0.4114655664617643,0.5387240726109631,0.241067837336053,5,26.445221505376345,22.91180430107527,30.6007247311828,7.476853763440862,2.512159139784946,80.01376559139786,0.8273870967741936,0.8373032258064516,16.319916129032258,True,False,True,medium
Akola,Cotton(lint),Kharif,2022,149868.87,362488.72,2.42,2.0,0.4114655664617643,0.5802633665510749,0.241067837336053,5,26.23308817204301,22.7786623655914,30.283397849462368,7.712875268817205,2.7561849462365595,80.8761010752688,0.8660107526881721,0.8462494623655914,16.46282365591398,True,False,True,medium
Akola,Gram,Rabi,2020,84270.88,97007.73,1.15,,0.396447493450646,0.5335974641537402,0.2492274136267332,5,23.494721351766515,16.22112273425499,31.98697158218126,0.1638666666666666,1.7571801843317971,45.60068110599078,0.6250921658986176,0.4233336405529954,17.53209124423963,False,False,False,medium
Akola,Gram,Rabi,2021,99878.4,125929.68,1.26,1.15,0.4030078252680729,0.4809661581139343,0.2629099996924125,5,22.32468079877112,15.572314439324115,30.0268376344086,0.2321890937019969,1.7252136712749615,55.61867296466975,0.6740832565284179,0.5664324116743471,17.004151766513058,False,False,False,medium
Akola,Gram,Rabi,2022,120523.35,134040.04,1.11,1.26,0.4124948469582416,0.5042483994809432,0.2536230985688243,5,22.836807219662056,15.40731213517665,31.19186282642089,0.1334193548387096,1.569162980030722,48.32320153609831,0.6435599078341013,0.4837924731182795,17.773445161290322,False,False,False,medium
Akola,Groundnut,Kharif,2020,79.66,72.43,0.91,,0.4009920640763048,0.5578633745814826,0.2429167809553046,5,26.685159139784947,23.259713978494624,30.688088172043013,6.041212903225807,2.2426021505376346,80.81810967741936,0.8219139784946237,0.8307032258064515,16.5353311827957,True,False,True,medium
Akola,Groundnut,Kharif,2021,1.44,1.83,1.26,0.91,0.4009920640763048,0.5387240726109631,0.2429167809553046,5,26.445221505376345,22.91180430107527,30.6007247311828,7.476853763440862,2.512159139784946,80.01376559139786,0.8273870967741936,0.8373032258064516,16.319916129032258,True,False,True,medium
Akola,Groundnut,Summer,2020,3504.7,4307.13,1.23,,0.1917894503879241,0.2254811361963073,0.1580977645795409,2,34.30431720430107,26.39936021505376,41.992763440860216,0.2322258064516129,2.655967741935484,24.11760752688172,0.5937741935483871,0.230774193548387,25.398596774193543,False,False,False,low
Akola,Groundnut,Summer,2021,3813.23,5542.59,1.45,1.23,0.1863722699455762,0.2078898811679587,0.1648546587231937,2,33.03327419354839,25.73435483870968,40.02088172043011,0.624994623655914,2.720698924731183,29.392370967741936,0.5956666666666666,0.2670322580645161,22.44113978494624,False,False,False,low
Akola,Groundnut,Summer,2022,4437.0,7143.0,1.61,1.45,0.1811165465426957,0.2113451043533032,0.1508879887320883,2,34.72360752688172,26.50006989247312,42.63051612903226,0.0988655913978494,3.098344086021505,22.28894623655914,0.5906451612903225,0.1399731182795698,24.621241935483877,False,False,False,low
Akola,Jowar,Kharif,2020,6973.0,5376.39,0.77,,0.4114655664617643,0.5578633745814826,0.241067837336053,5,26.685159139784947,23.259713978494624,30.688088172043013,6.041212903225807,2.2426021505376346,80.81810967741936,0.8219139784946237,0.8307032258064515,16.5353311827957,True,False,True,medium
Akola,Jowar,Kharif,2021,5175.29,1429.42,0.28,0.77,0.4114655664617643,0.5387240726109631,0.241067837336053,5,26.445221505376345,22.91180430107527,30.6007247311828,7.476853763440862,2.512159139784946,80.01376559139786,0.8273870967741936,0.8373032258064516,16.319916129032258,True,False,True,medium
Akola,Jowar,Kharif,2022,2243.27,1219.89,0.54,0.28,0.4114655664617643,0.5802633665510749,0.241067837336053,5,26.23308817204301,22.7786623655914,30.283397849462368,7.712875268817205,2.7561849462365595,80.8761010752688,0.8660107526881721,0.8462494623655914,16.46282365591398,True,False,True,medium
Akola,Jowar,Rabi,2020,3025.54,3351.85,1.11,,0.396447493450646,0.5335974641537402,0.2492274136267332,5,23.494721351766515,16.22112273425499,31.98697158218126,0.1638666666666666,1.7571801843317971,45.60068110599078,0.6250921658986176,0.4233336405529954,17.53209124423963,False,False,False,medium
Akola,Jowar,Rabi,2021,2751.65,2368.59,0.86,1.11,0.4030078252680729,0.4809661581139343,0.2629099996924125,5,22.32468079877112,15.572314439324115,30.0268376344086,0.2321890937019969,1.7252136712749615,55.61867296466975,0.6740832565284179,0.5664324116743471,17.004151766513058,False,False,False,medium
Akola,Jowar,Rabi,2022,969.27,1193.1,1.23,0.86,0.4124948469582416,0.5042483994809432,0.2536230985688243,5,22.836807219662056,15.40731213517665,31.19186282642089,0.1334193548387096,1.569162980030722,48.32320153609831,0.6435599078341013,0.4837924731182795,17.773445161290322,False,False,False,medium
Akola,Jowar,Summer,2021,139.8,116.23,0.83,,0.1863722699455762,0.2078898811679587,0.1648546587231937,2,33.03327419354839,25.73435483870968,40.02088172043011,0.624994623655914,2.720698924731183,29.392370967741936,0.5956666666666666,0.2670322580645161,22.44113978494624,False,False,False,low
Akola,Jowar,Summer,2022,893.12,742.56,0.83,0.83,0.1811165465426957,0.2113451043533032,0.1508879887320883,2,34.72360752688172,26.50006989247312,42.63051612903226,0.0988655913978494,3.098344086021505,22.28894623655914,0.5906451612903225,0.1399731182795698,24.621241935483877,False,False,False,low
Akola,Maize,Kharif,2020,296.85,1013.85,3.42,,0.4033555229369874,0.5578633745814826,0.2163513167840456,5,26.685159139784947,23.259713978494624,30.688088172043013,6.041212903225807,2.2426021505376346,80.81810967741936,0.8219139784946237,0.8307032258064515,16.5353311827957,True,False,True,medium
Akola,Maize,Kharif,2021,248.97,734.83,2.95,3.42,0.4033555229369874,0.5387240726109631,0.2163513167840456,5,26.445221505376345,22.91180430107527,30.6007247311828,7.476853763440862,2.512159139784946,80.01376559139786,0.8273870967741936,0.8373032258064516,16.319916129032258,True,False,True,medium
Akola,Maize,Kharif,2022,141.0,420.0,2.98,2.95,0.4033555229369874,0.5802633665510749,0.2163513167840456,5,26.23308817204301,22.7786623655914,30.283397849462368,7.712875268817205,2.7561849462365595,80.8761010752688,0.8660107526881721,0.8462494623655914,16.46282365591398,True,False,True,medium
Akola,Maize,Rabi,2020,372.82,480.91,1.29,,0.396447493450646,0.5335974641537402,0.2492274136267332,5,23.494721351766515,16.22112273425499,31.98697158218126,0.1638666666666666,1.7571801843317971,45.60068110599078,0.6250921658986176,0.4233336405529954,17.53209124423963,False,False,False,medium
Akola,Maize,Rabi,2021,497.52,1082.85,2.18,1.29,0.4030078252680729,0.4809661581139343,0.2629099996924125,5,22.32468079877112,15.572314439324115,30.0268376344086,0.2321890937019969,1.7252136712749615,55.61867296466975,0.6740832565284179,0.5664324116743471,17.004151766513058,False,False,False,medium
Akola,Maize,Rabi,2022,487.02,962.81,1.98,2.18,0.4124948469582416,0.5042483994809432,0.2536230985688243,5,22.836807219662056,15.40731213517665,31.19186282642089,0.1334193548387096,1.569162980030722,48.32320153609831,0.6435599078341013,0.4837924731182795,17.773445161290322,False,False,False,medium
Akola,Maize,Summer,2021,788.0,1339.6,1.7,,0.1863722699455762,0.2078898811679587,0.1648546587231937,2,33.03327419354839,25.73435483870968,40.02088172043011,0.624994623655914,2.720698924731183,29.392370967741936,0.5956666666666666,0.2670322580645161,22.44113978494624,False,False,False,low
Akola,Maize,Summer,2022,315.2,525.33,1.67,1.7,0.1811165465426957,0.2113451043533032,0.1508879887320883,2,34.72360752688172,26.50006989247312,42.63051612903226,0.0988655913978494,3.098344086021505,22.28894623655914,0.5906451612903225,0.1399731182795698,24.621241935483877,False,False,False,low
Akola,Moong(Green Gram),Kharif,2020,20298.09,1234.5,0.06,,0.4114655664617643,0.5578633745814826,0.241067837336053,5,26.685159139784947,23.259713978494624,30.688088172043013,6.041212903225807,2.2426021505376346,80.81810967741936,0.8219139784946237,0.8307032258064515,16.5353311827957,True,False,True,medium
Akola,Moong(Green Gram),Kharif,2021,19803.54,2913.1,0.15,0.06,0.4114655664617643,0.5387240726109631,0.241067837336053,5,26.445221505376345,22.91180430107527,30.6007247311828,7.476853763440862,2.512159139784946,80.01376559139786,0.8273870967741936,0.8373032258064516,16.319916129032258,True,False,True,medium
Akola,Moong(Green Gram),Kharif,2022,10289.52,2706.14,0.26,0.15,0.4114655664617643,0.5802633665510749,0.241067837336053,5,26.23308817204301,22.7786623655914,30.283397849462368,7.712875268817205,2.7561849462365595,80.8761010752688,0.8660107526881721,0.8462494623655914,16.46282365591398,True,False,True,medium
Akola,Moong(Green Gram),Summer,2021,639.3,117.75,0.18,,0.1863722699455762,0.2078898811679587,0.1648546587231937,2,33.03327419354839,25.73435483870968,40.02088172043011,0.624994623655914,2.720698924731183,29.392370967741936,0.5956666666666666,0.2670322580645161,22.44113978494624,False,False,False,low
Akola,Moong(Green Gram),Summer,2022,335.1,61.72,0.18,0.18,0.1811165465426957,0.2113451043533032,0.1508879887320883,2,34.72360752688172,26.50006989247312,42.63051612903226,0.0988655913978494,3.098344086021505,22.28894623655914,0.5906451612903225,0.1399731182795698,24.621241935483877,False,False,False,low
Akola,Other Cereals,Summer,2020,111.0,20.93,0.19,,0.1917894503879241,0.2254811361963073,0.1580977645795409,2,34.30431720430107,26.39936021505376,41.992763440860216,0.2322258064516129,2.655967741935484,24.11760752688172,0.5937741935483871,0.230774193548387,25.398596774193543,False,False,False,low
Akola,Other Summer Pulses,Summer,2020,135.0,25.51,0.19,,0.1917894503879241,0.2254811361963073,0.1580977645795409,2,34.30431720430107,26.39936021505376,41.992763440860216,0.2322258064516129,2.655967741935484,24.11760752688172,0.5937741935483871,0.230774193548387,25.398596774193543,False,False,False,low
Akola,Rice,Summer,2021,88.0,261.39,2.97,,0.1863722699455762,0.2078898811679587,0.1648546587231937,2,33.03327419354839,25.73435483870968,40.02088172043011,0.624994623655914,2.720698924731183,29.392370967741936,0.5956666666666666,0.2670322580645161,22.44113978494624,False,False,False,low
Akola,Safflower,Rabi,2020,11.0,7.61,0.69,,0.396447493450646,0.5335974641537402,0.2492274136267332,5,23.494721351766515,16.22112273425499,31.98697158218126,0.1638666666666666,1.7571801843317971,45.60068110599078,0.6250921658986176,0.4233336405529954,17.53209124423963,False,False,False,medium
Akola,Safflower,Rabi,2021,144.0,78.38,0.54,0.69,0.4030078252680729,0.4809661581139343,0.2629099996924125,5,22.32468079877112,15.572314439324115,30.0268376344086,0.2321890937019969,1.7252136712749615,55.61867296466975,0.6740832565284179,0.5664324116743471,17.004151766513058,False,False,False,medium
Akola,Safflower,Rabi,2022,96.9,42.4,0.44,0.54,0.4124948469582416,0.5042483994809432,0.2536230985688243,5,22.836807219662056,15.40731213517665,31.19186282642089,0.1334193548387096,1.569162980030722,48.32320153609831,0.6435599078341013,0.4837924731182795,17.773445161290322,False,False,False,medium
Akola,Sesamum,Kharif,2020,1505.87,298.76,0.2,,0.4114655664617643,0.5578633745814826,0.2447657245745562,5,26.685159139784947,23.259713978494624,30.688088172043013,6.041212903225807,2.2426021505376346,80.81810967741936,0.8219139784946237,0.8307032258064515,16.5353311827957,True,False,True,medium
Akola,Sesamum,Kharif,2021,1523.26,69.31,0.05,0.2,0.4114655664617643,0.5387240726109631,0.2447657245745562,5,26.445221505376345,22.91180430107527,30.6007247311828,7.476853763440862,2.512159139784946,80.01376559139786,0.8273870967741936,0.8373032258064516,16.319916129032258,True,False,True,medium
Akola,Sesamum,Kharif,2022,65.34,14.55,0.22,0.05,0.4114655664617643,0.5802633665510749,0.2447657245745562,5,26.23308817204301,22.7786623655914,30.283397849462368,7.712875268817205,2.7561849462365595,80.8761010752688,0.8660107526881721,0.8462494623655914,16.46282365591398,True,False,True,medium
Akola,Sesamum,Rabi,2021,27.0,19.29,0.71,,0.4030078252680729,0.4809661581139343,0.2629099996924125,5,22.32468079877112,15.572314439324115,30.0268376344086,0.2321890937019969,1.7252136712749615,55.61867296466975,0.6740832565284179,0.5664324116743471,17.004151766513058,False,False,False,medium
Akola,Sesamum,Rabi,2022,41.6,13.94,0.34,0.71,0.4124948469582416,0.5042483994809432,0.2536230985688243,5,22.836807219662056,15.40731213517665,31.19186282642089,0.1334193548387096,1.569162980030722,48.32320153609831,0.6435599078341013,0.4837924731182795,17.773445161290322,False,False,False,medium
Akola,Sesamum,Summer,2021,179.4,38.03,0.21,,0.1863722699455762,0.2078898811679587,0.1648546587231937,2,33.03327419354839,25.73435483870968,40.02088172043011,0.624994623655914,2.720698924731183,29.392370967741936,0.5956666666666666,0.2670322580645161,22.44113978494624,False,False,False,low
Akola,Sesamum,Summer,2022,378.0,80.0,0.21,0.21,0.1811165465426957,0.2113451043533032,0.1508879887320883,2,34.72360752688172,26.50006989247312,42.63051612903226,0.0988655913978494,3.098344086021505,22.28894623655914,0.5906451612903225,0.1399731182795698,24.621241935483877,False,False,False,low
Akola,Soyabean,Kharif,2020,216566.29,265587.88,1.23,,0.4114655664617643,0.5578633745814826,0.241067837336053,5,26.685159139784947,23.259713978494624,30.688088172043013,6.041212903225807,2.2426021505376346,80.81810967741936,0.8219139784946237,0.8307032258064515,16.5353311827957,True,False,True,medium
Akola,Soyabean,Kharif,2021,235636.19,256678.5,1.09,1.23,0.4114655664617643,0.5387240726109631,0.241067837336053,5,26.445221505376345,22.91180430107527,30.6007247311828,7.476853763440862,2.512159139784946,80.01376559139786,0.8273870967741936,0.8373032258064516,16.319916129032258,True,False,True,medium
Akola,Soyabean,Kharif,2022,242717.0,387667.0,1.6,1.09,0.4114655664617643,0.5802633665510749,0.241067837336053,5,26.23308817204301,22.7786623655914,30.283397849462368,7.712875268817205,2.7561849462365595,80.8761010752688,0.8660107526881721,0.8462494623655914,16.46282365591398,True,False,True,medium
Akola,Soyabean,Summer,2021,417.8,208.9,0.5,,0.1863722699455762,0.2078898811679587,0.1648546587231937,2,33.03327419354839,25.73435483870968,40.02088172043011,0.624994623655914,2.720698924731183,29.392370967741936,0.5956666666666666,0.2670322580645161,22.44113978494624,False,False,False,low
Akola,Soyabean,Summer,2022,38.4,23.04,0.6,0.5,0.1811165465426957,0.2113451043533032,0.1508879887320883,2,34.72360752688172,26.50006989247312,42.63051612903226,0.0988655913978494,3.098344086021505,22.28894623655914,0.5906451612903225,0.1399731182795698,24.621241935483877,False,False,False,low
Akola,Sugarcane,Whole Year,2022,150.0,8307.0,55.38,,0.3730108423266771,0.5802633665510749,0.20171800959583375,12,26.075681515617,20.26371166154634,32.48923073476703,3.2840321940604205,2.346408922171019,59.36481893241167,0.7324871991807477,0.602587877624168,18.378149257552483,True,False,True,high
Akola,Sunflower,Kharif,2020,2.0,0.82,0.41,,0.4009920640763048,0.5578633745814826,0.2723615137428504,5,26.685159139784947,23.259713978494624,30.688088172043013,6.041212903225807,2.2426021505376346,80.81810967741936,0.8219139784946237,0.8307032258064515,16.5353311827957,True,False,True,medium
Akola,Urad,Kharif,2020,14845.39,3159.73,0.21,,0.4114655664617643,0.5578633745814826,0.241067837336053,5,26.685159139784947,23.259713978494624,30.688088172043013,6.041212903225807,2.2426021505376346,80.81810967741936,0.8219139784946237,0.8307032258064515,16.5353311827957,True,False,True,medium
Akola,Urad,Kharif,2021,16639.49,1577.42,0.09,0.21,0.4114655664617643,0.5387240726109631,0.241067837336053,5,26.445221505376345,22.91180430107527,30.6007247311828,7.476853763440862,2.512159139784946,80.01376559139786,0.8273870967741936,0.8373032258064516,16.319916129032258,True,False,True,medium
Akola,Urad,Kharif,2022,11890.61,3678.96,0.31,0.09,0.4114655664617643,0.5802633665510749,0.241067837336053,5,26.23308817204301,22.7786623655914,30.283397849462368,7.712875268817205,2.7561849462365595,80.8761010752688,0.8660107526881721,0.8462494623655914,16.46282365591398,True,False,True,medium
Akola,Wheat,Rabi,2020,27863.42,39939.7,1.43,,0.396447493450646,0.5335974641537402,0.2492274136267332,5,23.494721351766515,16.22112273425499,31.98697158218126,0.1638666666666666,1.7571801843317971,45.60068110599078,0.6250921658986176,0.4233336405529954,17.53209124423963,False,False,False,medium
Akola,Wheat,Rabi,2021,30006.49,50269.87,1.68,1.43,0.4030078252680729,0.4809661581139343,0.2629099996924125,5,22.32468079877112,15.572314439324115,30.0268376344086,0.2321890937019969,1.7252136712749615,55.61867296466975,0.6740832565284179,0.5664324116743471,17.004151766513058,False,False,False,medium
Akola,Wheat,Rabi,2022,32482.56,56821.74,1.75,1.68,0.4124948469582416,0.5042483994809432,0.2536230985688243,5,22.836807219662056,15.40731213517665,31.19186282642089,0.1334193548387096,1.569162980030722,48.32320153609831,0.6435599078341013,0.4837924731182795,17.773445161290322,False,False,False,medium
Akola,other oilseeds,Rabi,2020,32.0,27.59,0.86,,0.396447493450646,0.5335974641537402,0.2492274136267332,5,23.494721351766515,16.22112273425499,31.98697158218126,0.1638666666666666,1.7571801843317971,45.60068110599078,0.6250921658986176,0.4233336405529954,17.53209124423963,False,False,False,medium
Akola,other oilseeds,Summer,2020,100.0,12.92,0.13,,0.1917894503879241,0.2254811361963073,0.1580977645795409,2,34.30431720430107,26.39936021505376,41.992763440860216,0.2322258064516129,2.655967741935484,24.11760752688172,0.5937741935483871,0.230774193548387,25.398596774193543,False,False,False,low
Amravati,Arhar/Tur,Kharif,2020,110012.0,101099.96,0.92,,0.4114655664617643,0.592403421174071,0.241067837336053,5,26.8034,23.29231182795699,30.89708387096774,6.4391311827957,2.1691161290322585,80.85313333333333,0.834010752688172,0.8362150537634407,16.521759139784944,True,False,True,medium
Amravati,Arhar/Tur,Kharif,2021,114828.33,113392.98,0.99,0.92,0.4114655664617643,0.5883731552005281,0.241067837336053,5,26.54136559139785,23.01208172043011,30.62617849462365,7.110232258064516,2.4672946236559143,80.51613978494625,0.8327247311827957,0.8380817204301076,16.315374193548386,True,False,True,medium
Amravati,Arhar/Tur,Kharif,2022,116835.0,39630.0,0.34,0.99,0.4114655664617643,0.6289048446565888,0.241067837336053,5,26.46421075268817,22.99190537634409,30.4886623655914,8.425027956989247,2.681989247311828,80.79040860215053,0.8714322580645162,0.8429827956989246,16.30020860215054,True,False,True,medium
Amravati,Bajra,Kharif,2020,1.0,0.47,0.47,,0.3910617756159833,0.592403421174071,0.21228181914333283,5,26.8034,23.29231182795699,30.89708387096774,6.4391311827957,2.1691161290322585,80.85313333333333,0.834010752688172,0.8362150537634407,16.521759139784944,True,False,True,medium
Amravati,Cotton(lint),Kharif,2020,276100.0,740400.0,2.68,,0.4114655664617643,0.592403421174071,0.241067837336053,5,26.8034,23.29231182795699,30.89708387096774,6.4391311827957,2.1691161290322585,80.85313333333333,0.834010752688172,0.8362150537634407,16.521759139784944,True,False,True,medium
Amravati,Cotton(lint),Kharif,2021,275800.0,618900.0,2.24,2.68,0.4114655664617643,0.5883731552005281,0.241067837336053,5,26.54136559139785,23.01208172043011,30.62617849462365,7.110232258064516,2.4672946236559143,80.51613978494625,0.8327247311827957,0.8380817204301076,16.315374193548386,True,False,True,medium
Amravati,Cotton(lint),Kharif,2022,272890.17,387477.41,1.42,2.24,0.4114655664617643,0.6289048446565888,0.241067837336053,5,26.46421075268817,22.99190537634409,30.4886623655914,8.425027956989247,2.681989247311828,80.79040860215053,0.8714322580645162,0.8429827956989246,16.30020860215054,True,False,True,medium
Amravati,Gram,Rabi,2020,94782.5,117826.31,1.24,,0.4275509681157892,0.5650576595774831,0.2618774126634942,5,23.21220552995392,15.822498003072194,31.82691443932412,0.2067316436251919,1.743458064516129,44.61399769585253,0.621163133640553,0.4086887864823348,17.482573118279568,False,False,False,medium
Amravati,Gram,Rabi,2021,109169.14,133859.92,1.23,1.24,0.4344871747327753,0.5628746894379533,0.2848994146094911,5,22.40218940092166,15.447270967741934,30.274284485407065,0.2668913978494623,1.7597625192012287,52.38885192012289,0.6535946236559139,0.5196649769585254,17.01610153609831,False,False,False,medium
Amravati,Gram,Rabi,2022,126217.26,114980.14,0.91,1.23,0.4341667817181885,0.5572707245963322,0.2798094147915967,5,22.870224270353305,15.337109370199691,31.387566820276497,0.1439354838709677,1.66248955453149,46.67730122887865,0.6340986175115206,0.4422952380952381,17.79179216589862,False,False,False,medium
Amravati,Groundnut,Kharif,2020,670.0,609.16,0.91,,0.4009920640763048,0.592403421174071,0.2429167809553046,5,26.8034,23.29231182795699,30.89708387096774,6.4391311827957,2.1691161290322585,80.85313333333333,0.834010752688172,0.8362150537634407,16.521759139784944,True,False,True,medium
Amravati,Groundnut,Kharif,2021,644.66,1210.94,1.88,0.91,0.4009920640763048,0.5883731552005281,0.2429167809553046,5,26.54136559139785,23.01208172043011,30.62617849462365,7.110232258064516,2.4672946236559143,80.51613978494625,0.8327247311827957,0.8380817204301076,16.315374193548386,True,False,True,medium
Amravati,Groundnut,Kharif,2022,601.41,293.67,0.49,1.88,0.4009920640763048,0.6289048446565888,0.2429167809553046,5,26.46421075268817,22.99190537634409,30.4886623655914,8.425027956989247,2.681989247311828,80.79040860215053,0.8714322580645162,0.8429827956989246,16.30020860215054,True,False,True,medium
Amravati,Groundnut,Summer,2020,1290.88,1185.0,0.92,,0.2237049909863358,0.2492468675949017,0.19816311437777,2,34.37989247311828,26.55745161290323,42.10371505376344,0.3893333333333333,2.5001666666666664,24.29672580645161,0.5945913978494624,0.2575376344086021,25.00599462365592,False,False,False,low
Amravati,Groundnut,Summer,2021,1187.82,1026.46,0.86,0.92,0.2114764533715057,0.2280744717891973,0.1948784349538143,2,33.22541935483871,25.892344086021502,40.47000537634409,0.7318387096774193,2.499494623655914,28.51575806451613,0.5968172043010752,0.2851290322580645,22.32428494623656,False,False,False,low
Amravati,Groundnut,Summer,2022,1456.0,728.0,0.5,0.86,0.2092165813927769,0.2237383698650864,0.1946947929204674,2,35.24788709677419,27.22619892473118,43.10954838709678,0.1258548387096774,3.0175698924731185,20.855602150537635,0.5911290322580645,0.1319032258064516,23.89628494623656,False,False,False,low
Amravati,Jowar,Kharif,2020,13925.0,11137.0,0.8,,0.4114655664617643,0.592403421174071,0.241067837336053,5,26.8034,23.29231182795699,30.89708387096774,6.4391311827957,2.1691161290322585,80.85313333333333,0.834010752688172,0.8362150537634407,16.521759139784944,True,False,True,medium
Amravati,Jowar,Kharif,2021,14696.32,12337.56,0.84,0.8,0.4114655664617643,0.5883731552005281,0.241067837336053,5,26.54136559139785,23.01208172043011,30.62617849462365,7.110232258064516,2.4672946236559143,80.51613978494625,0.8327247311827957,0.8380817204301076,16.315374193548386,True,False,True,medium
Amravati,Jowar,Kharif,2022,11144.73,5359.5,0.48,0.84,0.4114655664617643,0.6289048446565888,0.241067837336053,5,26.46421075268817,22.99190537634409,30.4886623655914,8.425027956989247,2.681989247311828,80.79040860215053,0.8714322580645162,0.8429827956989246,16.30020860215054,True,False,True,medium
Amravati,Jowar,Rabi,2020,57.0,63.15,1.11,,0.4275509681157892,0.5650576595774831,0.2618774126634942,5,23.21220552995392,15.822498003072194,31.82691443932412,0.2067316436251919,1.743458064516129,44.61399769585253,0.621163133640553,0.4086887864823348,17.482573118279568,False,False,False,medium
Amravati,Jowar,Rabi,2021,112.34,96.7,0.86,1.11,0.4344871747327753,0.5628746894379533,0.2848994146094911,5,22.40218940092166,15.447270967741934,30.274284485407065,0.2668913978494623,1.7597625192012287,52.38885192012289,0.6535946236559139,0.5196649769585254,17.01610153609831,False,False,False,medium
Amravati,Jowar,Rabi,2022,103.58,127.5,1.23,0.86,0.4341667817181885,0.5572707245963322,0.2798094147915967,5,22.870224270353305,15.337109370199691,31.387566820276497,0.1439354838709677,1.66248955453149,46.67730122887865,0.6340986175115206,0.4422952380952381,17.79179216589862,False,False,False,medium
Amravati,Jowar,Summer,2022,3.0,2.49,0.83,,0.2092165813927769,0.2237383698650864,0.1946947929204674,2,35.24788709677419,27.22619892473118,43.10954838709678,0.1258548387096774,3.0175698924731185,20.855602150537635,0.5911290322580645,0.1319032258064516,23.89628494623656,False,False,False,low
Amravati,Maize,Kharif,2020,9845.0,33624.61,3.42,,0.4033555229369874,0.592403421174071,0.2163513167840456,5,26.8034,23.29231182795699,30.89708387096774,6.4391311827957,2.1691161290322585,80.85313333333333,0.834010752688172,0.8362150537634407,16.521759139784944,True,False,True,medium
Amravati,Maize,Kharif,2021,10225.02,30179.15,2.95,3.42,0.4033555229369874,0.5883731552005281,0.2163513167840456,5,26.54136559139785,23.01208172043011,30.62617849462365,7.110232258064516,2.4672946236559143,80.51613978494625,0.8327247311827957,0.8380817204301076,16.315374193548386,True,False,True,medium
Amravati,Maize,Kharif,2022,10442.0,31202.0,2.99,2.95,0.4033555229369874,0.6289048446565888,0.2163513167840456,5,26.46421075268817,22.99190537634409,30.4886623655914,8.425027956989247,2.681989247311828,80.79040860215053,0.8714322580645162,0.8429827956989246,16.30020860215054,True,False,True,medium
Amravati,Maize,Rabi,2020,1081.0,1394.41,1.29,,0.4275509681157892,0.5650576595774831,0.2618774126634942,5,23.21220552995392,15.822498003072194,31.82691443932412,0.2067316436251919,1.743458064516129,44.61399769585253,0.621163133640553,0.4086887864823348,17.482573118279568,False,False,False,medium
Amravati,Maize,Rabi,2021,613.91,1336.18,2.18,1.29,0.4344871747327753,0.5628746894379533,0.2848994146094911,5,22.40218940092166,15.447270967741934,30.274284485407065,0.2668913978494623,1.7597625192012287,52.38885192012289,0.6535946236559139,0.5196649769585254,17.01610153609831,False,False,False,medium
Amravati,Maize,Rabi,2022,718.15,1419.74,1.98,2.18,0.4341667817181885,0.5572707245963322,0.2798094147915967,5,22.870224270353305,15.337109370199691,31.387566820276497,0.1439354838709677,1.66248955453149,46.67730122887865,0.6340986175115206,0.4422952380952381,17.79179216589862,False,False,False,medium
Amravati,Maize,Summer,2020,1131.0,2030.71,1.8,,0.2237049909863358,0.2492468675949017,0.19816311437777,2,34.37989247311828,26.55745161290323,42.10371505376344,0.3893333333333333,2.5001666666666664,24.29672580645161,0.5945913978494624,0.2575376344086021,25.00599462365592,False,False,False,low
Amravati,Maize,Summer,2021,1413.75,2538.39,1.8,1.8,0.2114764533715057,0.2280744717891973,0.1948784349538143,2,33.22541935483871,25.892344086021502,40.47000537634409,0.7318387096774193,2.499494623655914,28.51575806451613,0.5968172043010752,0.2851290322580645,22.32428494623656,False,False,False,low
Amravati,Maize,Summer,2022,565.5,967.4,1.71,1.8,0.2092165813927769,0.2237383698650864,0.1946947929204674,2,35.24788709677419,27.22619892473118,43.10954838709678,0.1258548387096774,3.0175698924731185,20.855602150537635,0.5911290322580645,0.1319032258064516,23.89628494623656,False,False,False,low
Amravati,Moong(Green Gram),Kharif,2020,12678.0,709.06,0.06,,0.4114655664617643,0.592403421174071,0.241067837336053,5,26.8034,23.29231182795699,30.89708387096774,6.4391311827957,2.1691161290322585,80.85313333333333,0.834010752688172,0.8362150537634407,16.521759139784944,True,False,True,medium
Amravati,Moong(Green Gram),Kharif,2021,12954.27,2568.83,0.2,0.06,0.4114655664617643,0.5883731552005281,0.241067837336053,5,26.54136559139785,23.01208172043011,30.62617849462365,7.110232258064516,2.4672946236559143,80.51613978494625,0.8327247311827957,0.8380817204301076,16.315374193548386,True,False,True,medium
Amravati,Moong(Green Gram),Kharif,2022,8160.21,159.94,0.02,0.2,0.4114655664617643,0.6289048446565888,0.241067837336053,5,26.46421075268817,22.99190537634409,30.4886623655914,8.425027956989247,2.681989247311828,80.79040860215053,0.8714322580645162,0.8429827956989246,16.30020860215054,True,False,True,medium
Amravati,Moong(Green Gram),Summer,2021,3449.0,2069.4,0.6,,0.2114764533715057,0.2280744717891973,0.1948784349538143,2,33.22541935483871,25.892344086021502,40.47000537634409,0.7318387096774193,2.499494623655914,28.51575806451613,0.5968172043010752,0.2851290322580645,22.32428494623656,False,False,False,low
Amravati,Moong(Green Gram),Summer,2022,2846.2,524.24,0.18,0.6,0.2092165813927769,0.2237383698650864,0.1946947929204674,2,35.24788709677419,27.22619892473118,43.10954838709678,0.1258548387096774,3.0175698924731185,20.855602150537635,0.5911290322580645,0.1319032258064516,23.89628494623656,False,False,False,low
Amravati,Other  Rabi pulses,Rabi,2021,5.0,2.0,0.4,,0.4344871747327753,0.5628746894379533,0.2848994146094911,5,22.40218940092166,15.447270967741934,30.274284485407065,0.2668913978494623,1.7597625192012287,52.38885192012289,0.6535946236559139,0.5196649769585254,17.01610153609831,False,False,False,medium
Amravati,Other Cereals,Kharif,2020,1100.0,500.5,0.46,,0.4009920640763048,0.592403421174071,0.2537155251933066,5,26.8034,23.29231182795699,30.89708387096774,6.4391311827957,2.1691161290322585,80.85313333333333,0.834010752688172,0.8362150537634407,16.521759139784944,True,False,True,medium
Amravati,Other Cereals,Kharif,2022,92.0,36.95,0.4,0.46,0.4009920640763048,0.6289048446565888,0.2537155251933066,5,26.46421075268817,22.99190537634409,30.4886623655914,8.425027956989247,2.681989247311828,80.79040860215053,0.8714322580645162,0.8429827956989246,16.30020860215054,True,False,True,medium
Amravati,Other Cereals,Summer,2020,405.5,76.46,0.19,,0.2237049909863358,0.2492468675949017,0.19816311437777,2,34.37989247311828,26.55745161290323,42.10371505376344,0.3893333333333333,2.5001666666666664,24.29672580645161,0.5945913978494624,0.2575376344086021,25.00599462365592,False,False,False,low
Amravati,Other Cereals,Summer,2021,1102.0,676.86,0.61,0.19,0.2114764533715057,0.2280744717891973,0.1948784349538143,2,33.22541935483871,25.892344086021502,40.47000537634409,0.7318387096774193,2.499494623655914,28.51575806451613,0.5968172043010752,0.2851290322580645,22.32428494623656,False,False,False,low
Amravati,Other Kharif pulses,Kharif,2020,786.0,562.78,0.72,,0.4009920640763048,0.592403421174071,0.2537155251933066,5,26.8034,23.29231182795699,30.89708387096774,6.4391311827957,2.1691161290322585,80.85313333333333,0.834010752688172,0.8362150537634407,16.521759139784944,True,False,True,medium
Amravati,Other Summer Pulses,Summer,2020,2852.55,843.21,0.3,,0.2237049909863358,0.2492468675949017,0.19816311437777,2,34.37989247311828,26.55745161290323,42.10371505376344,0.3893333333333333,2.5001666666666664,24.29672580645161,0.5945913978494624,0.2575376344086021,25.00599462365592,False,False,False,low
Amravati,Rice,Kharif,2020,6168.0,3643.55,0.59,,0.42158207299695205,0.592403421174071,0.2723615137428504,5,26.8034,23.29231182795699,30.89708387096774,6.4391311827957,2.1691161290322585,80.85313333333333,0.834010752688172,0.8362150537634407,16.521759139784944,True,False,True,medium
Amravati,Rice,Kharif,2021,6484.64,3273.45,0.5,0.59,0.42158207299695205,0.5883731552005281,0.2723615137428504,5,26.54136559139785,23.01208172043011,30.62617849462365,7.110232258064516,2.4672946236559143,80.51613978494625,0.8327247311827957,0.8380817204301076,16.315374193548386,True,False,True,medium
Amravati,Rice,Kharif,2022,6736.2,2626.44,0.39,0.5,0.42158207299695205,0.6289048446565888,0.2723615137428504,5,26.46421075268817,22.99190537634409,30.4886623655914,8.425027956989247,2.681989247311828,80.79040860215053,0.8714322580645162,0.8429827956989246,16.30020860215054,True,False,True,medium
Amravati,Safflower,Rabi,2020,36.0,24.91,0.69,,0.4275509681157892,0.5650576595774831,0.2618774126634942,5,23.21220552995392,15.822498003072194,31.82691443932412,0.2067316436251919,1.743458064516129,44.61399769585253,0.621163133640553,0.4086887864823348,17.482573118279568,False,False,False,medium
Amravati,Safflower,Rabi,2021,37.14,30.52,0.82,0.69,0.4344871747327753,0.5628746894379533,0.2848994146094911,5,22.40218940092166,15.447270967741934,30.274284485407065,0.2668913978494623,1.7597625192012287,52.38885192012289,0.6535946236559139,0.5196649769585254,17.01610153609831,False,False,False,medium
Amravati,Sesamum,Kharif,2020,79.0,15.67,0.2,,0.4114655664617643,0.592403421174071,0.2447657245745562,5,26.8034,23.29231182795699,30.89708387096774,6.4391311827957,2.1691161290322585,80.85313333333333,0.834010752688172,0.8362150537634407,16.521759139784944,True,False,True,medium
Amravati,Sesamum,Kharif,2021,0.5,0.07,0.14,0.2,0.4114655664617643,0.5883731552005281,0.2447657245745562,5,26.54136559139785,23.01208172043011,30.62617849462365,7.110232258064516,2.4672946236559143,80.51613978494625,0.8327247311827957,0.8380817204301076,16.315374193548386,True,False,True,medium
Amravati,Sesamum,Summer,2020,626.81,109.69,0.17,,0.2237049909863358,0.2492468675949017,0.19816311437777,2,34.37989247311828,26.55745161290323,42.10371505376344,0.3893333333333333,2.5001666666666664,24.29672580645161,0.5945913978494624,0.2575376344086021,25.00599462365592,False,False,False,low
Amravati,Sesamum,Summer,2021,998.0,299.4,0.3,0.17,0.2114764533715057,0.2280744717891973,0.1948784349538143,2,33.22541935483871,25.892344086021502,40.47000537634409,0.7318387096774193,2.499494623655914,28.51575806451613,0.5968172043010752,0.2851290322580645,22.32428494623656,False,False,False,low
Amravati,Sesamum,Summer,2022,355.0,67.0,0.19,0.3,0.2092165813927769,0.2237383698650864,0.1946947929204674,2,35.24788709677419,27.22619892473118,43.10954838709678,0.1258548387096774,3.0175698924731185,20.855602150537635,0.5911290322580645,0.1319032258064516,23.89628494623656,False,False,False,low
Amravati,Soyabean,Kharif,2020,238726.0,220266.32,0.92,,0.4114655664617643,0.592403421174071,0.241067837336053,5,26.8034,23.29231182795699,30.89708387096774,6.4391311827957,2.1691161290322585,80.85313333333333,0.834010752688172,0.8362150537634407,16.521759139784944,True,False,True,medium
Amravati,Soyabean,Kharif,2021,248704.41,260194.55,1.05,0.92,0.4114655664617643,0.5883731552005281,0.241067837336053,5,26.54136559139785,23.01208172043011,30.62617849462365,7.110232258064516,2.4672946236559143,80.51613978494625,0.8327247311827957,0.8380817204301076,16.315374193548386,True,False,True,medium
Amravati,Soyabean,Kharif,2022,256438.0,181020.0,0.71,1.05,0.4114655664617643,0.6289048446565888,0.241067837336053,5,26.46421075268817,22.99190537634409,30.4886623655914,8.425027956989247,2.681989247311828,80.79040860215053,0.8714322580645162,0.8429827956989246,16.30020860215054,True,False,True,medium
Amravati,Soyabean,Summer,2021,595.0,297.5,0.5,,0.2114764533715057,0.2280744717891973,0.1948784349538143,2,33.22541935483871,25.892344086021502,40.47000537634409,0.7318387096774193,2.499494623655914,28.51575806451613,0.5968172043010752,0.2851290322580645,22.32428494623656,False,False,False,low
Amravati,Soyabean,Summer,2022,144.0,86.4,0.6,0.5,0.2092165813927769,0.2237383698650864,0.1946947929204674,2,35.24788709677419,27.22619892473118,43.10954838709678,0.1258548387096774,3.0175698924731185,20.855602150537635,0.5911290322580645,0.1319032258064516,23.89628494623656,False,False,False,low
Amravati,Sugarcane,Whole Year,2022,354.0,14071.5,39.75,,0.3730108423266771,0.6289048446565888,0.20171800959583375,12,26.25006816436252,20.406498207885303,32.718309395801334,3.6181312724014334,2.323194060419867,58.28584062980031,0.7295712365591398,0.5842492959549411,18.1634383640553,True,False,True,high
Amravati,Sunflower,Kharif,2020,3.0,1.23,0.41,,0.4009920640763048,0.592403421174071,0.2723615137428504,5,26.8034,23.29231182795699,30.89708387096774,6.4391311827957,2.1691161290322585,80.85313333333333,0.834010752688172,0.8362150537634407,16.521759139784944,True,False,True,medium
Amravati,Sunflower,Summer,2020,6.0,3.59,0.6,,0.2237049909863358,0.2492468675949017,0.19816311437777,2,34.37989247311828,26.55745161290323,42.10371505376344,0.3893333333333333,2.5001666666666664,24.29672580645161,0.5945913978494624,0.2575376344086021,25.00599462365592,False,False,False,low
Amravati,Urad,Kharif,2020,5589.0,676.89,0.12,,0.4114655664617643,0.592403421174071,0.241067837336053,5,26.8034,23.29231182795699,30.89708387096774,6.4391311827957,2.1691161290322585,80.85313333333333,0.834010752688172,0.8362150537634407,16.521759139784944,True,False,True,medium
Amravati,Urad,Kharif,2021,6829.88,592.83,0.09,0.12,0.4114655664617643,0.5883731552005281,0.241067837336053,5,26.54136559139785,23.01208172043011,30.62617849462365,7.110232258064516,2.4672946236559143,80.51613978494625,0.8327247311827957,0.8380817204301076,16.315374193548386,True,False,True,medium
Amravati,Urad,Kharif,2022,3096.75,80.52,0.03,0.09,0.4114655664617643,0.6289048446565888,0.241067837336053,5,26.46421075268817,22.99190537634409,30.4886623655914,8.425027956989247,2.681989247311828,80.79040860215053,0.8714322580645162,0.8429827956989246,16.30020860215054,True,False,True,medium
Amravati,Wheat,Rabi,2020,43045.9,72173.44,1.68,,0.4275509681157892,0.5650576595774831,0.2618774126634942,5,23.21220552995392,15.822498003072194,31.82691443932412,0.2067316436251919,1.743458064516129,44.61399769585253,0.621163133640553,0.4086887864823348,17.482573118279568,False,False,False,medium
Amravati,Wheat,Rabi,2021,41749.96,68090.01,1.63,1.68,0.4344871747327753,0.5628746894379533,0.2848994146094911,5,22.40218940092166,15.447270967741934,30.274284485407065,0.2668913978494623,1.7597625192012287,52.38885192012289,0.6535946236559139,0.5196649769585254,17.01610153609831,False,False,False,medium
Amravati,Wheat,Rabi,2022,44665.11,71245.32,1.6,1.63,0.4341667817181885,0.5572707245963322,0.2798094147915967,5,22.870224270353305,15.337109370199691,31.387566820276497,0.1439354838709677,1.66248955453149,46.67730122887865,0.6340986175115206,0.4422952380952381,17.79179216589862,False,False,False,medium
Amravati,other oilseeds,Kharif,2020,240.0,115.92,0.48,,0.4009920640763048,0.592403421174071,0.2492406248839314,5,26.8034,23.29231182795699,30.89708387096774,6.4391311827957,2.1691161290322585,80.85313333333333,0.834010752688172,0.8362150537634407,16.521759139784944,True,False,True,medium
Amravati,other oilseeds,Rabi,2021,224.0,89.6,0.4,,0.4344871747327753,0.5628746894379533,0.2848994146094911,5,22.40218940092166,15.447270967741934,30.274284485407065,0.2668913978494623,1.7597625192012287,52.38885192012289,0.6535946236559139,0.5196649769585254,17.01610153609831,False,False,False,medium
Amravati,other oilseeds,Rabi,2022,219.2,87.68,0.4,0.4,0.4341667817181885,0.5572707245963322,0.2798094147915967,5,22.870224270353305,15.337109370199691,31.387566820276497,0.1439354838709677,1.66248955453149,46.67730122887865,0.6340986175115206,0.4422952380952381,17.79179216589862,False,False,False,medium
Amravati,other oilseeds,Summer,2020,40.8,8.16,0.2,,0.2237049909863358,0.2492468675949017,0.19816311437777,2,34.37989247311828,26.55745161290323,42.10371505376344,0.3893333333333333,2.5001666666666664,24.29672580645161,0.5945913978494624,0.2575376344086021,25.00599462365592,False,False,False,low
Amravati,other oilseeds,Summer,2022,1.0,0.2,0.2,0.2,0.2092165813927769,0.2237383698650864,0.1946947929204674,2,35.24788709677419,27.22619892473118,43.10954838709678,0.1258548387096774,3.0175698924731185,20.855602150537635,0.5911290322580645,0.1319032258064516,23.89628494623656,False,False,False,low
Beed,Arhar/Tur,Kharif,2020,60460.09,87034.29,1.44,,0.4114655664617643,0.5860179711704641,0.241067837336053,5,25.58887311827957,22.185763440860217,29.91158064516129,6.5522688172043,2.799511827956989,81.16826021505376,0.8131698924731182,0.8317204301075268,16.492645161290323,True,True,True,medium
Beed,Arhar/Tur,Kharif,2021,66224.16,54740.89,0.83,1.44,0.4114655664617643,0.5860179711704641,0.241067837336053,5,25.535883870967744,21.83497204301076,30.325679569892475,5.605369892473119,3.069961290322581,78.64323010752688,0.7645268817204302,0.7833892473118279,16.38872258064516,True,True,True,medium
Beed,Arhar/Tur,Kharif,2022,48520.0,41795.0,0.86,0.83,0.4114655664617643,0.5860179711704641,0.241067837336053,5,25.365845161290324,21.675212903225805,30.00181290322581,5.788937634408603,3.2304537634408605,78.5607505376344,0.7953376344086023,0.790167741935484,15.914397849462366,True,True,True,medium
Beed,Bajra,Kharif,2020,56397.45,94480.4,1.68,,0.3910617756159833,0.553506374233406,0.21228181914333283,5,25.58887311827957,22.185763440860217,29.91158064516129,6.5522688172043,2.799511827956989,81.16826021505376,0.8131698924731182,0.8317204301075268,16.492645161290323,True,True,True,medium
Beed,Bajra,Kharif,2021,41355.06,31917.72,0.77,1.68,0.3910617756159833,0.553506374233406,0.21228181914333283,5,25.535883870967744,21.83497204301076,30.325679569892475,5.605369892473119,3.069961290322581,78.64323010752688,0.7645268817204302,0.7833892473118279,16.38872258064516,True,True,True,medium
Beed,Bajra,Kharif,2022,36425.0,41572.0,1.14,0.77,0.3910617756159833,0.553506374233406,0.21228181914333283,5,25.365845161290324,21.675212903225805,30.00181290322581,5.788937634408603,3.2304537634408605,78.5607505376344,0.7953376344086023,0.790167741935484,15.914397849462366,True,True,True,medium
Beed,Bajra,Summer,2021,4570.0,3427.5,0.75,,0.2310359170330002,0.2511918662926406,0.20825886066198,2,31.261446236559134,24.487424731182795,37.99333870967742,0.7813763440860215,2.640435483870968,37.166559139784944,0.5969623655913978,0.2946290322580645,21.811720430107528,True,True,True,low
Beed,Bajra,Summer,2022,13131.0,11949.21,0.91,0.75,0.2310359170330002,0.2511918662926406,0.20825886066198,2,32.75845698924731,24.84482795698925,40.4194247311828,0.2112741935483871,2.944284946236559,29.235145161290323,0.5914516129032258,0.1861827956989247,22.834129032258065,True,True,True,low
Beed,Cotton(lint),Kharif,2020,375800.0,857000.0,2.28,,0.4114655664617643,0.5737471118845295,0.241067837336053,5,25.58887311827957,22.185763440860217,29.91158064516129,6.5522688172043,2.799511827956989,81.16826021505376,0.8131698924731182,0.8317204301075268,16.492645161290323,True,True,True,medium
Beed,Cotton(lint),Kharif,2021,313450.0,438900.0,1.4,2.28,0.4114655664617643,0.5737471118845295,0.241067837336053,5,25.535883870967744,21.83497204301076,30.325679569892475,5.605369892473119,3.069961290322581,78.64323010752688,0.7645268817204302,0.7833892473118279,16.38872258064516,True,True,True,medium
Beed,Cotton(lint),Kharif,2022,273118.0,475708.51,1.74,1.4,0.4114655664617643,0.5737471118845295,0.241067837336053,5,25.365845161290324,21.675212903225805,30.00181290322581,5.788937634408603,3.2304537634408605,78.5607505376344,0.7953376344086023,0.790167741935484,15.914397849462366,True,True,True,medium
Beed,Gram,Rabi,2020,57617.56,64518.7,1.12,,0.39860682211789794,0.47964805913657504,0.28734854097428925,5,23.23210107526882,16.31491612903226,31.10152949308756,0.1014288786482335,1.6651909370199691,51.98150599078341,0.6682619047619047,0.5376717357910906,18.245187250384028,True,True,True,medium
Beed,Gram,Rabi,2021,57617.57,62629.72,1.09,1.12,0.39860682211789794,0.47964805913657504,0.28734854097428925,5,22.77631643625192,16.032294316436253,30.507117357910904,0.1849612903225806,1.857223348694316,54.52666405529955,0.6574121351766513,0.5199021505376343,17.280819815668202,True,True,True,medium
Beed,Gram,Rabi,2022,173460.0,178259.64,1.03,1.09,0.39860682211789794,0.47964805913657504,0.28734854097428925,5,22.497375883256527,15.18946728110599,30.923572657450077,0.1745806451612903,1.7587992319508448,50.78278740399386,0.6538247311827957,0.516147311827957,18.718459139784947,True,True,True,medium
Beed,Groundnut,Kharif,2020,4207.44,3899.3,0.93,,0.4009920640763048,0.5712580928552405,0.2429167809553046,5,25.58887311827957,22.185763440860217,29.91158064516129,6.5522688172043,2.799511827956989,81.16826021505376,0.8131698924731182,0.8317204301075268,16.492645161290323,True,True,True,medium
Beed,Groundnut,Kharif,2021,3985.48,2234.66,0.56,0.93,0.4009920640763048,0.5712580928552405,0.2429167809553046,5,25.535883870967744,21.83497204301076,30.325679569892475,5.605369892473119,3.069961290322581,78.64323010752688,0.7645268817204302,0.7833892473118279,16.38872258064516,True,True,True,medium
Beed,Groundnut,Kharif,2022,2441.0,2948.24,1.21,0.56,0.4009920640763048,0.5712580928552405,0.2429167809553046,5,25.365845161290324,21.675212903225805,30.00181290322581,5.788937634408603,3.2304537634408605,78.5607505376344,0.7953376344086023,0.790167741935484,15.914397849462366,True,True,True,medium
Beed,Groundnut,Summer,2020,2415.0,3166.3,1.31,,0.2310359170330002,0.2511918662926406,0.213056518847765,2,33.27543010752689,25.5124623655914,40.61890322580645,0.1991075268817204,2.5850752688172043,28.05770430107527,0.5932849462365591,0.2306827956989247,24.32830107526882,True,True,True,low
Beed,Groundnut,Summer,2021,2415.0,2925.77,1.21,1.31,0.2310359170330002,0.2511918662926406,0.213056518847765,2,31.261446236559134,24.487424731182795,37.99333870967742,0.7813763440860215,2.640435483870968,37.166559139784944,0.5969623655913978,0.2946290322580645,21.811720430107528,True,True,True,low
Beed,Groundnut,Summer,2022,3736.0,5710.0,1.53,1.21,0.2310359170330002,0.2511918662926406,0.213056518847765,2,32.75845698924731,24.84482795698925,40.4194247311828,0.2112741935483871,2.944284946236559,29.235145161290323,0.5914516129032258,0.1861827956989247,22.834129032258065,True,True,True,low
Beed,Jowar,Kharif,2020,7273.89,3532.2,0.49,,0.4114655664617643,0.572502602369885,0.241067837336053,5,25.58887311827957,22.185763440860217,29.91158064516129,6.5522688172043,2.799511827956989,81.16826021505376,0.8131698924731182,0.8317204301075268,16.492645161290323,True,True,True,medium
Beed,Jowar,Kharif,2021,2452.54,785.3,0.32,0.49,0.4114655664617643,0.572502602369885,0.241067837336053,5,25.535883870967744,21.83497204301076,30.325679569892475,5.605369892473119,3.069961290322581,78.64323010752688,0.7645268817204302,0.7833892473118279,16.38872258064516,True,True,True,medium
Beed,Jowar,Kharif,2022,2278.0,1825.82,0.8,0.32,0.4114655664617643,0.572502602369885,0.241067837336053,5,25.365845161290324,21.675212903225805,30.00181290322581,5.788937634408603,3.2304537634408605,78.5607505376344,0.7953376344086023,0.790167741935484,15.914397849462366,True,True,True,medium
Beed,Jowar,Rabi,2020,101456.8,133060.31,1.31,,0.3906892162962018,0.4783299601592158,0.2856978455086197,5,23.23210107526882,16.31491612903226,31.10152949308756,0.1014288786482335,1.6651909370199691,51.98150599078341,0.6682619047619047,0.5376717357910906,18.245187250384028,True,True,True,medium
Beed,Jowar,Rabi,2021,101456.8,121260.15,1.2,1.31,0.3906892162962018,0.4783299601592158,0.2856978455086197,5,22.77631643625192,16.032294316436253,30.507117357910904,0.1849612903225806,1.857223348694316,54.52666405529955,0.6574121351766513,0.5199021505376343,17.280819815668202,True,True,True,medium
Beed,Jowar,Rabi,2022,145523.0,168659.7,1.16,1.2,0.3906892162962018,0.4783299601592158,0.2856978455086197,5,22.497375883256527,15.18946728110599,30.923572657450077,0.1745806451612903,1.7587992319508448,50.78278740399386,0.6538247311827957,0.516147311827957,18.718459139784947,True,True,True,medium
Beed,Jowar,Summer,2022,100.0,32.38,0.32,,0.2222901737677577,0.2372476494333094,0.2029415681326299,2,32.75845698924731,24.84482795698925,40.4194247311828,0.2112741935483871,2.944284946236559,29.235145161290323,0.5914516129032258,0.1861827956989247,22.834129032258065,True,True,True,low
Beed,Linseed,Rabi,2020,129.0,77.4,0.6,,0.4045575526072913,0.4749512492026602,0.28348514188755203,5,23.23210107526882,16.31491612903226,31.10152949308756,0.1014288786482335,1.6651909370199691,51.98150599078341,0.6682619047619047,0.5376717357910906,18.245187250384028,True,True,True,medium
Beed,Linseed,Rabi,2021,129.0,121.58,0.94,0.6,0.4045575526072913,0.4749512492026602,0.28348514188755203,5,22.77631643625192,16.032294316436253,30.507117357910904,0.1849612903225806,1.857223348694316,54.52666405529955,0.6574121351766513,0.5199021505376343,17.280819815668202,True,True,True,medium
Beed,Linseed,Rabi,2022,35.0,13.19,0.38,0.94,0.4045575526072913,0.4749512492026602,0.28348514188755203,5,22.497375883256527,15.18946728110599,30.923572657450077,0.1745806451612903,1.7587992319508448,50.78278740399386,0.6538247311827957,0.516147311827957,18.718459139784947,True,True,True,medium
Beed,Maize,Kharif,2020,13531.45,19374.33,1.43,,0.4033555229369874,0.5626616548690501,0.2163513167840456,5,25.58887311827957,22.185763440860217,29.91158064516129,6.5522688172043,2.799511827956989,81.16826021505376,0.8131698924731182,0.8317204301075268,16.492645161290323,True,True,True,medium
Beed,Maize,Kharif,2021,12264.33,15113.34,1.23,1.43,0.4033555229369874,0.5626616548690501,0.2163513167840456,5,25.535883870967744,21.83497204301076,30.325679569892475,5.605369892473119,3.069961290322581,78.64323010752688,0.7645268817204302,0.7833892473118279,16.38872258064516,True,True,True,medium
Beed,Maize,Kharif,2022,6469.0,8223.0,1.27,1.23,0.4033555229369874,0.5626616548690501,0.2163513167840456,5,25.365845161290324,21.675212903225805,30.00181290322581,5.788937634408603,3.2304537634408605,78.5607505376344,0.7953376344086023,0.790167741935484,15.914397849462366,True,True,True,medium
Beed,Maize,Rabi,2020,3443.33,11889.88,3.45,,0.3998992582925255,0.481942353720542,0.2906963430238516,5,23.23210107526882,16.31491612903226,31.10152949308756,0.1014288786482335,1.6651909370199691,51.98150599078341,0.6682619047619047,0.5376717357910906,18.245187250384028,True,True,True,medium
Beed,Maize,Rabi,2021,3443.33,4348.93,1.26,3.45,0.3998992582925255,0.481942353720542,0.2906963430238516,5,22.77631643625192,16.032294316436253,30.507117357910904,0.1849612903225806,1.857223348694316,54.52666405529955,0.6574121351766513,0.5199021505376343,17.280819815668202,True,True,True,medium
Beed,Maize,Rabi,2022,3942.0,11011.19,2.79,1.26,0.3998992582925255,0.481942353720542,0.2906963430238516,5,22.497375883256527,15.18946728110599,30.923572657450077,0.1745806451612903,1.7587992319508448,50.78278740399386,0.6538247311827957,0.516147311827957,18.718459139784947,True,True,True,medium
Beed,Maize,Summer,2020,1080.0,1170.0,1.08,,0.22950054548273405,0.24981985746174978,0.2097347354829065,2,33.27543010752689,25.5124623655914,40.61890322580645,0.1991075268817204,2.5850752688172043,28.05770430107527,0.5932849462365591,0.2306827956989247,24.32830107526882,True,True,True,low
Beed,Maize,Summer,2021,1080.0,1170.0,1.08,1.08,0.22950054548273405,0.24981985746174978,0.2097347354829065,2,31.261446236559134,24.487424731182795,37.99333870967742,0.7813763440860215,2.640435483870968,37.166559139784944,0.5969623655913978,0.2946290322580645,21.811720430107528,True,True,True,low
Beed,Maize,Summer,2022,1544.0,2367.47,1.53,1.08,0.22950054548273405,0.24981985746174978,0.2097347354829065,2,32.75845698924731,24.84482795698925,40.4194247311828,0.2112741935483871,2.944284946236559,29.235145161290323,0.5914516129032258,0.1861827956989247,22.834129032258065,True,True,True,low
Beed,Moong(Green Gram),Kharif,2020,20820.93,15979.06,0.77,,0.4114655664617643,0.581686613461441,0.241067837336053,5,25.58887311827957,22.185763440860217,29.91158064516129,6.5522688172043,2.799511827956989,81.16826021505376,0.8131698924731182,0.8317204301075268,16.492645161290323,True,True,True,medium
Beed,Moong(Green Gram),Kharif,2021,19183.12,8432.9,0.44,0.77,0.4114655664617643,0.581686613461441,0.241067837336053,5,25.535883870967744,21.83497204301076,30.325679569892475,5.605369892473119,3.069961290322581,78.64323010752688,0.7645268817204302,0.7833892473118279,16.38872258064516,True,True,True,medium
Beed,Moong(Green Gram),Kharif,2022,15514.0,12516.7,0.81,0.44,0.4114655664617643,0.581686613461441,0.241067837336053,5,25.365845161290324,21.675212903225805,30.00181290322581,5.788937634408603,3.2304537634408605,78.5607505376344,0.7953376344086023,0.790167741935484,15.914397849462366,True,True,True,medium
Beed,Moong(Green Gram),Summer,2021,84.0,15.47,0.18,,0.22643905097955008,0.24599611958896778,0.20697208482159715,2,31.261446236559134,24.487424731182795,37.99333870967742,0.7813763440860215,2.640435483870968,37.166559139784944,0.5969623655913978,0.2946290322580645,21.811720430107528,True,True,True,low
Beed,Moong(Green Gram),Summer,2022,200.0,36.84,0.18,0.18,0.22643905097955008,0.24599611958896778,0.20697208482159715,2,32.75845698924731,24.84482795698925,40.4194247311828,0.2112741935483871,2.944284946236559,29.235145161290323,0.5914516129032258,0.1861827956989247,22.834129032258065,True,True,True,low
Beed,Niger seed,Kharif,2020,259.41,9.55,0.04,,0.4009920640763048,0.5530677485685076,0.2723615137428504,5,25.58887311827957,22.185763440860217,29.91158064516129,6.5522688172043,2.799511827956989,81.16826021505376,0.8131698924731182,0.8317204301075268,16.492645161290323,True,True,True,medium
Beed,Niger seed,Kharif,2021,111.04,13.15,0.12,0.04,0.4009920640763048,0.5530677485685076,0.2723615137428504,5,25.535883870967744,21.83497204301076,30.325679569892475,5.605369892473119,3.069961290322581,78.64323010752688,0.7645268817204302,0.7833892473118279,16.38872258064516,True,True,True,medium
Beed,Niger seed,Kharif,2022,110.0,27.78,0.25,0.12,0.4009920640763048,0.5530677485685076,0.2723615137428504,5,25.365845161290324,21.675212903225805,30.00181290322581,5.788937634408603,3.2304537634408605,78.5607505376344,0.7953376344086023,0.790167741935484,15.914397849462366,True,True,True,medium
Beed,Other  Rabi pulses,Rabi,2020,25.0,12.5,0.5,,0.3924539928430778,0.4748234892099104,0.295596447007373,5,23.23210107526882,16.31491612903226,31.10152949308756,0.1014288786482335,1.6651909370199691,51.98150599078341,0.6682619047619047,0.5376717357910906,18.245187250384028,True,True,True,medium
Beed,Other  Rabi pulses,Rabi,2021,1916.0,1532.8,0.8,0.5,0.3924539928430778,0.4748234892099104,0.295596447007373,5,22.77631643625192,16.032294316436253,30.507117357910904,0.1849612903225806,1.857223348694316,54.52666405529955,0.6574121351766513,0.5199021505376343,17.280819815668202,True,True,True,medium
Beed,Other  Rabi pulses,Rabi,2022,9540.0,11925.0,1.25,0.8,0.3924539928430778,0.4748234892099104,0.295596447007373,5,22.497375883256527,15.18946728110599,30.923572657450077,0.1745806451612903,1.7587992319508448,50.78278740399386,0.6538247311827957,0.516147311827957,18.718459139784947,True,True,True,medium
Beed,Other Cereals,Kharif,2020,252.0,86.94,0.35,,0.4009920640763048,0.5848585114424089,0.2537155251933066,5,25.58887311827957,22.185763440860217,29.91158064516129,6.5522688172043,2.799511827956989,81.16826021505376,0.8131698924731182,0.8317204301075268,16.492645161290323,True,True,True,medium
Beed,Other Cereals,Kharif,2021,208.0,86.32,0.42,0.35,0.4009920640763048,0.5848585114424089,0.2537155251933066,5,25.535883870967744,21.83497204301076,30.325679569892475,5.605369892473119,3.069961290322581,78.64323010752688,0.7645268817204302,0.7833892473118279,16.38872258064516,True,True,True,medium
Beed,Other Cereals,Kharif,2022,1597.0,591.64,0.37,0.42,0.4009920640763048,0.5848585114424089,0.2537155251933066,5,25.365845161290324,21.675212903225805,30.00181290322581,5.788937634408603,3.2304537634408605,78.5607505376344,0.7953376344086023,0.790167741935484,15.914397849462366,True,True,True,medium
Beed,Other Cereals,Rabi,2020,110.0,44.0,0.4,,0.38967110806170624,0.47438113412596555,0.2946701834944748,5,23.23210107526882,16.31491612903226,31.10152949308756,0.1014288786482335,1.6651909370199691,51.98150599078341,0.6682619047619047,0.5376717357910906,18.245187250384028,True,True,True,medium
Beed,Other Cereals,Rabi,2021,509.0,270.02,0.53,0.4,0.38967110806170624,0.47438113412596555,0.2946701834944748,5,22.77631643625192,16.032294316436253,30.507117357910904,0.1849612903225806,1.857223348694316,54.52666405529955,0.6574121351766513,0.5199021505376343,17.280819815668202,True,True,True,medium
Beed,Other Cereals,Rabi,2022,2897.0,1448.5,0.5,0.53,0.38967110806170624,0.47438113412596555,0.2946701834944748,5,22.497375883256527,15.18946728110599,30.923572657450077,0.1745806451612903,1.7587992319508448,50.78278740399386,0.6538247311827957,0.516147311827957,18.718459139784947,True,True,True,medium
Beed,Other Cereals,Summer,2020,6613.0,11242.1,1.7,,0.22506327412982505,0.2494054835770255,0.201347910962762,2,33.27543010752689,25.5124623655914,40.61890322580645,0.1991075268817204,2.5850752688172043,28.05770430107527,0.5932849462365591,0.2306827956989247,24.32830107526882,True,True,True,low
Beed,Other Kharif pulses,Kharif,2020,1131.0,441.09,0.39,,0.4009920640763048,0.5860179711704641,0.2537155251933066,5,25.58887311827957,22.185763440860217,29.91158064516129,6.5522688172043,2.799511827956989,81.16826021505376,0.8131698924731182,0.8317204301075268,16.492645161290323,True,True,True,medium
Beed,Other Kharif pulses,Kharif,2021,518.0,136.75,0.26,0.39,0.4009920640763048,0.5860179711704641,0.2537155251933066,5,25.535883870967744,21.83497204301076,30.325679569892475,5.605369892473119,3.069961290322581,78.64323010752688,0.7645268817204302,0.7833892473118279,16.38872258064516,True,True,True,medium
Beed,Other Kharif pulses,Kharif,2022,229.0,69.51,0.3,0.26,0.4009920640763048,0.5860179711704641,0.2537155251933066,5,25.365845161290324,21.675212903225805,30.00181290322581,5.788937634408603,3.2304537634408605,78.5607505376344,0.7953376344086023,0.790167741935484,15.914397849462366,True,True,True,medium
Beed,Other Summer Pulses,Summer,2020,740.0,228.66,0.31,,0.23550570929499065,0.2518931141717084,0.21585327281037164,2,33.27543010752689,25.5124623655914,40.61890322580645,0.1991075268817204,2.5850752688172043,28.05770430107527,0.5932849462365591,0.2306827956989247,24.32830107526882,True,True,True,low
Beed,Other Summer Pulses,Summer,2021,359.0,125.65,0.35,0.31,0.23550570929499065,0.2518931141717084,0.21585327281037164,2,31.261446236559134,24.487424731182795,37.99333870967742,0.7813763440860215,2.640435483870968,37.166559139784944,0.5969623655913978,0.2946290322580645,21.811720430107528,True,True,True,low
Beed,Other Summer Pulses,Summer,2022,506.0,359.6,0.71,0.35,0.23550570929499065,0.2518931141717084,0.21585327281037164,2,32.75845698924731,24.84482795698925,40.4194247311828,0.2112741935483871,2.944284946236559,29.235145161290323,0.5914516129032258,0.1861827956989247,22.834129032258065,True,True,True,low
Beed,Rice,Kharif,2020,17.25,52.56,3.05,,0.42158207299695205,0.5673029612997963,0.2723615137428504,5,25.58887311827957,22.185763440860217,29.91158064516129,6.5522688172043,2.799511827956989,81.16826021505376,0.8131698924731182,0.8317204301075268,16.492645161290323,True,True,True,medium
Beed,Safflower,Rabi,2020,356.83,121.63,0.34,,0.3888312386672944,0.47569387692669335,0.28246632885942,5,23.23210107526882,16.31491612903226,31.10152949308756,0.1014288786482335,1.6651909370199691,51.98150599078341,0.6682619047619047,0.5376717357910906,18.245187250384028,True,True,True,medium
Beed,Safflower,Rabi,2021,356.83,111.12,0.31,0.34,0.3888312386672944,0.47569387692669335,0.28246632885942,5,22.77631643625192,16.032294316436253,30.507117357910904,0.1849612903225806,1.857223348694316,54.52666405529955,0.6574121351766513,0.5199021505376343,17.280819815668202,True,True,True,medium
Beed,Safflower,Rabi,2022,675.0,479.52,0.71,0.31,0.3888312386672944,0.47569387692669335,0.28246632885942,5,22.497375883256527,15.18946728110599,30.923572657450077,0.1745806451612903,1.7587992319508448,50.78278740399386,0.6538247311827957,0.516147311827957,18.718459139784947,True,True,True,medium
Beed,Sesamum,Kharif,2020,3174.93,942.0,0.3,,0.4114655664617643,0.5751659810451921,0.2447657245745562,5,25.58887311827957,22.185763440860217,29.91158064516129,6.5522688172043,2.799511827956989,81.16826021505376,0.8131698924731182,0.8317204301075268,16.492645161290323,True,True,True,medium
Beed,Sesamum,Kharif,2021,2092.1,399.38,0.19,0.3,0.4114655664617643,0.5751659810451921,0.2447657245745562,5,25.535883870967744,21.83497204301076,30.325679569892475,5.605369892473119,3.069961290322581,78.64323010752688,0.7645268817204302,0.7833892473118279,16.38872258064516,True,True,True,medium
Beed,Sesamum,Kharif,2022,395.0,100.13,0.25,0.19,0.4114655664617643,0.5751659810451921,0.2447657245745562,5,25.365845161290324,21.675212903225805,30.00181290322581,5.788937634408603,3.2304537634408605,78.5607505376344,0.7953376344086023,0.790167741935484,15.914397849462366,True,True,True,medium
Beed,Sesamum,Summer,2020,311.0,64.07,0.21,,0.223521575125758,0.24599611958896778,0.19697681383797716,2,33.27543010752689,25.5124623655914,40.61890322580645,0.1991075268817204,2.5850752688172043,28.05770430107527,0.5932849462365591,0.2306827956989247,24.32830107526882,True,True,True,low
Beed,Sesamum,Summer,2021,48.0,7.2,0.15,0.21,0.223521575125758,0.24599611958896778,0.19697681383797716,2,31.261446236559134,24.487424731182795,37.99333870967742,0.7813763440860215,2.640435483870968,37.166559139784944,0.5969623655913978,0.2946290322580645,21.811720430107528,True,True,True,low
Beed,Sesamum,Summer,2022,98.0,20.0,0.2,0.15,0.223521575125758,0.24599611958896778,0.19697681383797716,2,32.75845698924731,24.84482795698925,40.4194247311828,0.2112741935483871,2.944284946236559,29.235145161290323,0.5914516129032258,0.1861827956989247,22.834129032258065,True,True,True,low
Beed,Soyabean,Kharif,2020,259964.67,514696.4,1.98,,0.4114655664617643,0.5737471118845295,0.241067837336053,5,25.58887311827957,22.185763440860217,29.91158064516129,6.5522688172043,2.799511827956989,81.16826021505376,0.8131698924731182,0.8317204301075268,16.492645161290323,True,True,True,medium
Beed,Soyabean,Kharif,2021,286183.4,267724.57,0.94,1.98,0.4114655664617643,0.5737471118845295,0.241067837336053,5,25.535883870967744,21.83497204301076,30.325679569892475,5.605369892473119,3.069961290322581,78.64323010752688,0.7645268817204302,0.7833892473118279,16.38872258064516,True,True,True,medium
Beed,Soyabean,Kharif,2022,344732.0,507514.0,1.47,0.94,0.4114655664617643,0.5737471118845295,0.241067837336053,5,25.365845161290324,21.675212903225805,30.00181290322581,5.788937634408603,3.2304537634408605,78.5607505376344,0.7953376344086023,0.790167741935484,15.914397849462366,True,True,True,medium
Beed,Soyabean,Summer,2021,5506.0,2863.01,0.52,,0.2290056094462148,0.24599611958896778,0.20862002408605718,2,31.261446236559134,24.487424731182795,37.99333870967742,0.7813763440860215,2.640435483870968,37.166559139784944,0.5969623655913978,0.2946290322580645,21.811720430107528,True,True,True,low
Beed,Soyabean,Summer,2022,1541.0,1541.0,1.0,0.52,0.2290056094462148,0.24599611958896778,0.20862002408605718,2,32.75845698924731,24.84482795698925,40.4194247311828,0.2112741935483871,2.944284946236559,29.235145161290323,0.5914516129032258,0.1861827956989247,22.834129032258065,True,True,True,low
Beed,Sugarcane,Whole Year,2020,63374.0,4785297.55,75.51,,0.3730108423266771,0.5765848502058548,0.20171800959583375,12,25.73409504387591,20.110973025583984,32.07420810159436,2.834871091336052,2.3938515325670497,61.513879773822765,0.7139931714250403,0.5995669880113706,18.58584553825237,True,True,True,high
Beed,Sugarcane,Whole Year,2021,49581.0,2919221.71,58.88,75.51,0.3730108423266771,0.5765848502058548,0.20171800959583375,12,25.54909946236559,20.14972401433692,31.789270801331284,2.572241423451101,2.4466539298515104,61.50321979006657,0.6928573348694317,0.5968721838197644,17.65477156938044,True,True,True,high
Beed,Sugarcane,Whole Year,2022,84208.0,6736640.0,80.0,58.88,0.3730108423266771,0.5765848502058548,0.20171800959583375,12,25.47372414234511,19.635235535074244,32.0928374295955,2.4832105734767027,2.564599334357399,59.39971934203788,0.703093766001024,0.5753687275985663,18.01914624935996,True,True,True,high
Beed,Sunflower,Kharif,2020,9.14,3.74,0.41,,0.4009920640763048,0.5330096424846706,0.2723615137428504,5,25.58887311827957,22.185763440860217,29.91158064516129,6.5522688172043,2.799511827956989,81.16826021505376,0.8131698924731182,0.8317204301075268,16.492645161290323,True,True,True,medium
Beed,Sunflower,Kharif,2021,9.14,3.48,0.38,0.41,0.4009920640763048,0.5330096424846706,0.2723615137428504,5,25.535883870967744,21.83497204301076,30.325679569892475,5.605369892473119,3.069961290322581,78.64323010752688,0.7645268817204302,0.7833892473118279,16.38872258064516,True,True,True,medium
Beed,Sunflower,Kharif,2022,23.0,9.0,0.39,0.38,0.4009920640763048,0.5330096424846706,0.2723615137428504,5,25.365845161290324,21.675212903225805,30.00181290322581,5.788937634408603,3.2304537634408605,78.5607505376344,0.7953376344086023,0.790167741935484,15.914397849462366,True,True,True,medium
Beed,Sunflower,Rabi,2021,27.0,21.77,0.81,,0.3817281405661875,0.4563042968723024,0.2936950758736076,5,22.77631643625192,16.032294316436253,30.507117357910904,0.1849612903225806,1.857223348694316,54.52666405529955,0.6574121351766513,0.5199021505376343,17.280819815668202,True,True,True,medium
Beed,Sunflower,Rabi,2022,110.0,44.97,0.41,0.81,0.3817281405661875,0.4563042968723024,0.2936950758736076,5,22.497375883256527,15.18946728110599,30.923572657450077,0.1745806451612903,1.7587992319508448,50.78278740399386,0.6538247311827957,0.516147311827957,18.718459139784947,True,True,True,medium
Beed,Sunflower,Summer,2021,15.0,11.81,0.79,,0.23058930953386958,0.2512997469155769,0.2134421450206768,2,31.261446236559134,24.487424731182795,37.99333870967742,0.7813763440860215,2.640435483870968,37.166559139784944,0.5969623655913978,0.2946290322580645,21.811720430107528,True,True,True,low
Beed,Sunflower,Summer,2022,66.0,56.0,0.85,0.79,0.23058930953386958,0.2512997469155769,0.2134421450206768,2,32.75845698924731,24.84482795698925,40.4194247311828,0.2112741935483871,2.944284946236559,29.235145161290323,0.5914516129032258,0.1861827956989247,22.834129032258065,True,True,True,low
Beed,Urad,Kharif,2020,24724.5,23859.37,0.97,,0.4114655664617643,0.5860179711704641,0.241067837336053,5,25.58887311827957,22.185763440860217,29.91158064516129,6.5522688172043,2.799511827956989,81.16826021505376,0.8131698924731182,0.8317204301075268,16.492645161290323,True,True,True,medium
Beed,Urad,Kharif,2021,40419.08,14021.38,0.35,0.97,0.4114655664617643,0.5860179711704641,0.241067837336053,5,25.535883870967744,21.83497204301076,30.325679569892475,5.605369892473119,3.069961290322581,78.64323010752688,0.7645268817204302,0.7833892473118279,16.38872258064516,True,True,True,medium
Beed,Urad,Kharif,2022,46299.0,38849.49,0.84,0.35,0.4114655664617643,0.5860179711704641,0.241067837336053,5,25.365845161290324,21.675212903225805,30.00181290322581,5.788937634408603,3.2304537634408605,78.5607505376344,0.7953376344086023,0.790167741935484,15.914397849462366,True,True,True,medium
Beed,Urad,Summer,2021,39.0,21.02,0.54,,0.24248753507026735,0.26000402622930796,0.2226840341016886,2,31.261446236559134,24.487424731182795,37.99333870967742,0.7813763440860215,2.640435483870968,37.166559139784944,0.5969623655913978,0.2946290322580645,21.811720430107528,True,True,True,low
Beed,Urad,Summer,2022,75.0,40.42,0.54,0.54,0.24248753507026735,0.26000402622930796,0.2226840341016886,2,32.75845698924731,24.84482795698925,40.4194247311828,0.2112741935483871,2.944284946236559,29.235145161290323,0.5914516129032258,0.1861827956989247,22.834129032258065,True,True,True,low
Beed,Wheat,Rabi,2020,20589.78,44084.83,2.14,,0.3924539928430778,0.4748234892099104,0.2864934089399792,5,23.23210107526882,16.31491612903226,31.10152949308756,0.1014288786482335,1.6651909370199691,51.98150599078341,0.6682619047619047,0.5376717357910906,18.245187250384028,True,True,True,medium
Beed,Wheat,Rabi,2021,20589.78,40039.92,1.94,2.14,0.3924539928430778,0.4748234892099104,0.2864934089399792,5,22.77631643625192,16.032294316436253,30.507117357910904,0.1849612903225806,1.857223348694316,54.52666405529955,0.6574121351766513,0.5199021505376343,17.280819815668202,True,True,True,medium
Beed,Wheat,Rabi,2022,57983.0,124072.02,2.14,1.94,0.3924539928430778,0.4748234892099104,0.2864934089399792,5,22.497375883256527,15.18946728110599,30.923572657450077,0.1745806451612903,1.7587992319508448,50.78278740399386,0.6538247311827957,0.516147311827957,18.718459139784947,True,True,True,medium
Beed,other oilseeds,Kharif,2020,88.0,25.52,0.29,,0.4009920640763048,0.5626616548690501,0.2492406248839314,5,25.58887311827957,22.185763440860217,29.91158064516129,6.5522688172043,2.799511827956989,81.16826021505376,0.8131698924731182,0.8317204301075268,16.492645161290323,True,True,True,medium
Beed,other oilseeds,Kharif,2022,30.0,7.43,0.25,0.29,0.4009920640763048,0.5626616548690501,0.2492406248839314,5,25.365845161290324,21.675212903225805,30.00181290322581,5.788937634408603,3.2304537634408605,78.5607505376344,0.7953376344086023,0.790167741935484,15.914397849462366,True,True,True,medium
Beed,other oilseeds,Rabi,2020,182.0,127.4,0.7,,0.396447493450646,0.4765642646434763,0.2907057108129193,5,23.23210107526882,16.31491612903226,31.10152949308756,0.1014288786482335,1.6651909370199691,51.98150599078341,0.6682619047619047,0.5376717357910906,18.245187250384028,True,True,True,medium
Beed,other oilseeds,Rabi,2021,743.0,1486.0,2.0,0.7,0.396447493450646,0.4765642646434763,0.2907057108129193,5,22.77631643625192,16.032294316436253,30.507117357910904,0.1849612903225806,1.857223348694316,54.52666405529955,0.6574121351766513,0.5199021505376343,17.280819815668202,True,True,True,medium
Beed,other oilseeds,Rabi,2022,472.0,167.09,0.35,2.0,0.396447493450646,0.4765642646434763,0.2907057108129193,5,22.497375883256527,15.18946728110599,30.923572657450077,0.1745806451612903,1.7587992319508448,50.78278740399386,0.6538247311827957,0.516147311827957,18.718459139784947,True,True,True,medium
Beed,other oilseeds,Summer,2020,206.0,89.82,0.44,,0.2286639575420841,0.2497810219189616,0.2072794404403915,2,33.27543010752689,25.5124623655914,40.61890322580645,0.1991075268817204,2.5850752688172043,28.05770430107527,0.5932849462365591,0.2306827956989247,24.32830107526882,True,True,True,low
Beed,other oilseeds,Summer,2022,40.0,17.44,0.44,0.44,0.2286639575420841,0.2497810219189616,0.2072794404403915,2,32.75845698924731,24.84482795698925,40.4194247311828,0.2112741935483871,2.944284946236559,29.235145161290323,0.5914516129032258,0.1861827956989247,22.834129032258065,True,True,True,low
Bhandara,Arhar/Tur,Kharif,2020,10886.4,16266.46,1.49,,0.4114655664617643,0.563347829744352,0.241067837336053,5,27.16621075268817,23.74511827956989,31.16511827956989,7.841187096774194,1.9635440860215057,81.66738064516129,0.8516150537634408,0.8593139784946237,15.853447311827958,True,False,True,medium
Bhandara,Arhar/Tur,Kharif,2021,10963.93,6541.08,0.6,1.49,0.4114655664617643,0.6216357454160012,0.241067837336053,5,27.163165591397853,23.65940215053764,31.217595698924733,7.067008602150537,2.1876537634408604,80.4102,0.817410752688172,0.828367741935484,16.20815053763441,True,False,True,medium
Bhandara,Arhar/Tur,Kharif,2022,11041.0,4710.0,0.43,0.6,0.4114655664617643,0.6741625421978948,0.241067837336053,5,27.30598494623656,23.94476559139785,31.19806021505376,10.530967741935484,2.218090322580645,79.90830322580646,0.872741935483871,0.8356903225806451,15.656941935483868,True,False,True,medium
Bhandara,Cotton(lint),Kharif,2020,500.0,1400.0,2.8,,0.4114655664617643,0.563347829744352,0.241067837336053,5,27.16621075268817,23.74511827956989,31.16511827956989,7.841187096774194,1.9635440860215057,81.66738064516129,0.8516150537634408,0.8593139784946237,15.853447311827958,True,False,True,medium
Bhandara,Cotton(lint),Kharif,2021,400.0,1200.0,3.0,2.8,0.4114655664617643,0.6216357454160012,0.241067837336053,5,27.163165591397853,23.65940215053764,31.217595698924733,7.067008602150537,2.1876537634408604,80.4102,0.817410752688172,0.828367741935484,16.20815053763441,True,False,True,medium
Bhandara,Cotton(lint),Kharif,2022,439.06,1176.51,2.68,3.0,0.4114655664617643,0.6741625421978948,0.241067837336053,5,27.30598494623656,23.94476559139785,31.19806021505376,10.530967741935484,2.218090322580645,79.90830322580646,0.872741935483871,0.8356903225806451,15.656941935483868,True,False,True,medium
Bhandara,Gram,Rabi,2020,19220.17,7984.86,0.42,,0.4154424877034037,0.4659712828112269,0.3281792134678092,5,22.700755453149,15.139716589861752,31.05314930875576,0.2476490015360983,1.507908141321045,49.5439287250384,0.636958064516129,0.4945617511520737,17.51022043010753,False,False,False,medium
Bhandara,Gram,Rabi,2021,22055.01,18859.9,0.86,0.42,0.4203960709431092,0.4460800746686145,0.3593870120328596,5,22.224986635944703,15.074620122887865,30.138377726574497,0.6433353302611367,1.5685903225806452,56.58033625192013,0.6432815668202765,0.5535466973886329,17.02805852534562,False,False,False,medium
Bhandara,Gram,Rabi,2022,19984.2,15789.92,0.79,0.86,0.4162690753106256,0.4712445241537785,0.3410891579983135,5,22.57317741935484,14.86080414746544,30.81884285714285,0.1350322580645161,1.4929552995391702,50.90292980030722,0.6473029185867897,0.5023121351766513,17.83127112135177,False,False,False,medium
Bhandara,Groundnut,Summer,2021,7.0,13.19,1.88,,0.3142142062752714,0.3169706795332212,0.3114577330173216,2,33.525543010752685,26.19340322580645,40.790263440860215,0.7124838709677419,2.0528763440860214,29.798413978494622,0.5912473118279569,0.2818440860215053,22.33161827956989,False,False,False,low
Bhandara,Groundnut,Summer,2022,11.0,17.0,1.55,1.88,0.3287042749232095,0.3319987677767276,0.3254097820696914,2,36.12238709677419,28.4994623655914,43.745935483870966,0.141747311827957,2.25063440860215,22.38115053763441,0.5812903225806452,0.1477311827956989,23.25401612903226,False,False,False,low
Bhandara,Linseed,Rabi,2020,1318.49,363.31,0.28,,0.4154424877034037,0.4659712828112269,0.3281792134678092,5,22.700755453149,15.139716589861752,31.05314930875576,0.2476490015360983,1.507908141321045,49.5439287250384,0.636958064516129,0.4945617511520737,17.51022043010753,False,False,False,medium
Bhandara,Linseed,Rabi,2021,1022.67,419.4,0.41,0.28,0.4203960709431092,0.4460800746686145,0.3593870120328596,5,22.224986635944703,15.074620122887865,30.138377726574497,0.6433353302611367,1.5685903225806452,56.58033625192013,0.6432815668202765,0.5535466973886329,17.02805852534562,False,False,False,medium
Bhandara,Linseed,Rabi,2022,901.52,337.98,0.37,0.41,0.4162690753106256,0.4712445241537785,0.3410891579983135,5,22.57317741935484,14.86080414746544,30.81884285714285,0.1350322580645161,1.4929552995391702,50.90292980030722,0.6473029185867897,0.5023121351766513,17.83127112135177,False,False,False,medium
Bhandara,Maize,Rabi,2021,152.8,332.57,2.18,,0.4203960709431092,0.4460800746686145,0.3593870120328596,5,22.224986635944703,15.074620122887865,30.138377726574497,0.6433353302611367,1.5685903225806452,56.58033625192013,0.6432815668202765,0.5535466973886329,17.02805852534562,False,False,False,medium
Bhandara,Maize,Rabi,2022,557.2,1101.55,1.98,2.18,0.4162690753106256,0.4712445241537785,0.3410891579983135,5,22.57317741935484,14.86080414746544,30.81884285714285,0.1350322580645161,1.4929552995391702,50.90292980030722,0.6473029185867897,0.5023121351766513,17.83127112135177,False,False,False,medium
Bhandara,Maize,Summer,2021,455.0,441.12,0.97,,0.3142142062752714,0.3169706795332212,0.3114577330173216,2,33.525543010752685,26.19340322580645,40.790263440860215,0.7124838709677419,2.0528763440860214,29.798413978494622,0.5912473118279569,0.2818440860215053,22.33161827956989,False,False,False,low
Bhandara,Maize,Summer,2022,500.5,485.24,0.97,0.97,0.3287042749232095,0.3319987677767276,0.3254097820696914,2,36.12238709677419,28.4994623655914,43.745935483870966,0.141747311827957,2.25063440860215,22.38115053763441,0.5812903225806452,0.1477311827956989,23.25401612903226,False,False,False,low
Bhandara,Moong(Green Gram),Kharif,2020,225.27,76.48,0.34,,0.4114655664617643,0.563347829744352,0.241067837336053,5,27.16621075268817,23.74511827956989,31.16511827956989,7.841187096774194,1.9635440860215057,81.66738064516129,0.8516150537634408,0.8593139784946237,15.853447311827958,True,False,True,medium
Bhandara,Moong(Green Gram),Kharif,2021,211.85,104.72,0.49,0.34,0.4114655664617643,0.6216357454160012,0.241067837336053,5,27.163165591397853,23.65940215053764,31.217595698924733,7.067008602150537,2.1876537634408604,80.4102,0.817410752688172,0.828367741935484,16.20815053763441,True,False,True,medium
Bhandara,Moong(Green Gram),Kharif,2022,181.63,68.75,0.38,0.49,0.4114655664617643,0.6741625421978948,0.241067837336053,5,27.30598494623656,23.94476559139785,31.19806021505376,10.530967741935484,2.218090322580645,79.90830322580646,0.872741935483871,0.8356903225806451,15.656941935483868,True,False,True,medium
Bhandara,Moong(Green Gram),Summer,2021,464.5,85.56,0.18,,0.3142142062752714,0.3169706795332212,0.3114577330173216,2,33.525543010752685,26.19340322580645,40.790263440860215,0.7124838709677419,2.0528763440860214,29.798413978494622,0.5912473118279569,0.2818440860215053,22.33161827956989,False,False,False,low
Bhandara,Moong(Green Gram),Summer,2022,153.8,28.33,0.18,0.18,0.3287042749232095,0.3319987677767276,0.3254097820696914,2,36.12238709677419,28.4994623655914,43.745935483870966,0.141747311827957,2.25063440860215,22.38115053763441,0.5812903225806452,0.1477311827956989,23.25401612903226,False,False,False,low
Bhandara,Other  Rabi pulses,Rabi,2020,21648.85,14288.24,0.66,,0.4154424877034037,0.4659712828112269,0.3281792134678092,5,22.700755453149,15.139716589861752,31.05314930875576,0.2476490015360983,1.507908141321045,49.5439287250384,0.636958064516129,0.4945617511520737,17.51022043010753,False,False,False,medium
Bhandara,Other  Rabi pulses,Rabi,2021,25189.4,9118.56,0.36,0.66,0.4203960709431092,0.4460800746686145,0.3593870120328596,5,22.224986635944703,15.074620122887865,30.138377726574497,0.6433353302611367,1.5685903225806452,56.58033625192013,0.6432815668202765,0.5535466973886329,17.02805852534562,False,False,False,medium
Bhandara,Other  Rabi pulses,Rabi,2022,25362.15,9130.37,0.36,0.36,0.4162690753106256,0.4712445241537785,0.3410891579983135,5,22.57317741935484,14.86080414746544,30.81884285714285,0.1350322580645161,1.4929552995391702,50.90292980030722,0.6473029185867897,0.5023121351766513,17.83127112135177,False,False,False,medium
Bhandara,Other Cereals,Rabi,2021,304.8,62.51,0.21,,0.4203960709431092,0.4460800746686145,0.3593870120328596,5,22.224986635944703,15.074620122887865,30.138377726574497,0.6433353302611367,1.5685903225806452,56.58033625192013,0.6432815668202765,0.5535466973886329,17.02805852534562,False,False,False,medium
Bhandara,Other Cereals,Summer,2021,108.0,66.34,0.61,,0.3142142062752714,0.3169706795332212,0.3114577330173216,2,33.525543010752685,26.19340322580645,40.790263440860215,0.7124838709677419,2.0528763440860214,29.798413978494622,0.5912473118279569,0.2818440860215053,22.33161827956989,False,False,False,low
Bhandara,Other Summer Pulses,Summer,2020,77.55,24.44,0.32,,0.3386979698895355,0.3489000169165026,0.3284959228625684,2,34.22730107526882,26.23267204301075,41.92929032258065,0.9553924731182796,1.8516129032258064,29.20212365591398,0.5940537634408602,0.3226989247311828,24.758924731182795,False,False,False,low
Bhandara,Other Summer Pulses,Summer,2021,48.7,14.63,0.3,0.32,0.3142142062752714,0.3169706795332212,0.3114577330173216,2,33.525543010752685,26.19340322580645,40.790263440860215,0.7124838709677419,2.0528763440860214,29.798413978494622,0.5912473118279569,0.2818440860215053,22.33161827956989,False,False,False,low
Bhandara,Other Summer Pulses,Summer,2022,32.0,8.53,0.27,0.3,0.3287042749232095,0.3319987677767276,0.3254097820696914,2,36.12238709677419,28.4994623655914,43.745935483870966,0.141747311827957,2.25063440860215,22.38115053763441,0.5812903225806452,0.1477311827956989,23.25401612903226,False,False,False,low
Bhandara,Rice,Kharif,2020,177821.85,359897.03,2.02,,0.42158207299695205,0.563347829744352,0.2723615137428504,5,27.16621075268817,23.74511827956989,31.16511827956989,7.841187096774194,1.9635440860215057,81.66738064516129,0.8516150537634408,0.8593139784946237,15.853447311827958,True,False,True,medium
Bhandara,Rice,Kharif,2021,176994.98,359581.76,2.03,2.02,0.42158207299695205,0.6216357454160012,0.2723615137428504,5,27.163165591397853,23.65940215053764,31.217595698924733,7.067008602150537,2.1876537634408604,80.4102,0.817410752688172,0.828367741935484,16.20815053763441,True,False,True,medium
Bhandara,Rice,Kharif,2022,177018.89,378850.48,2.14,2.03,0.42158207299695205,0.6741625421978948,0.2723615137428504,5,27.30598494623656,23.94476559139785,31.19806021505376,10.530967741935484,2.218090322580645,79.90830322580646,0.872741935483871,0.8356903225806451,15.656941935483868,True,False,True,medium
Bhandara,Rice,Summer,2020,13053.96,37927.55,2.91,,0.3386979698895355,0.3489000169165026,0.3284959228625684,2,34.22730107526882,26.23267204301075,41.92929032258065,0.9553924731182796,1.8516129032258064,29.20212365591398,0.5940537634408602,0.3226989247311828,24.758924731182795,False,False,False,low
Bhandara,Rice,Summer,2021,16515.87,45645.57,2.76,2.91,0.3142142062752714,0.3169706795332212,0.3114577330173216,2,33.525543010752685,26.19340322580645,40.790263440860215,0.7124838709677419,2.0528763440860214,29.798413978494622,0.5912473118279569,0.2818440860215053,22.33161827956989,False,False,False,low
Bhandara,Rice,Summer,2022,62760.31,161538.76,2.57,2.76,0.3287042749232095,0.3319987677767276,0.3254097820696914,2,36.12238709677419,28.4994623655914,43.745935483870966,0.141747311827957,2.25063440860215,22.38115053763441,0.5812903225806452,0.1477311827956989,23.25401612903226,False,False,False,low
Bhandara,Safflower,Rabi,2021,134.2,110.29,0.82,,0.4203960709431092,0.4460800746686145,0.3593870120328596,5,22.224986635944703,15.074620122887865,30.138377726574497,0.6433353302611367,1.5685903225806452,56.58033625192013,0.6432815668202765,0.5535466973886329,17.02805852534562,False,False,False,medium
Bhandara,Safflower,Rabi,2022,133.0,116.5,0.88,0.82,0.4162690753106256,0.4712445241537785,0.3410891579983135,5,22.57317741935484,14.86080414746544,30.81884285714285,0.1350322580645161,1.4929552995391702,50.90292980030722,0.6473029185867897,0.5023121351766513,17.83127112135177,False,False,False,medium
Bhandara,Sesamum,Kharif,2020,456.88,90.65,0.2,,0.4114655664617643,0.563347829744352,0.2447657245745562,5,27.16621075268817,23.74511827956989,31.16511827956989,7.841187096774194,1.9635440860215057,81.66738064516129,0.8516150537634408,0.8593139784946237,15.853447311827958,True,False,True,medium
Bhandara,Sesamum,Kharif,2021,419.24,57.31,0.14,0.2,0.4114655664617643,0.6216357454160012,0.2447657245745562,5,27.163165591397853,23.65940215053764,31.217595698924733,7.067008602150537,2.1876537634408604,80.4102,0.817410752688172,0.828367741935484,16.20815053763441,True,False,True,medium
Bhandara,Sesamum,Kharif,2022,177.5,39.51,0.22,0.14,0.4114655664617643,0.6741625421978948,0.2447657245745562,5,27.30598494623656,23.94476559139785,31.19806021505376,10.530967741935484,2.218090322580645,79.90830322580646,0.872741935483871,0.8356903225806451,15.656941935483868,True,False,True,medium
Bhandara,Sesamum,Rabi,2021,113.12,55.15,0.49,,0.4203960709431092,0.4460800746686145,0.3593870120328596,5,22.224986635944703,15.074620122887865,30.138377726574497,0.6433353302611367,1.5685903225806452,56.58033625192013,0.6432815668202765,0.5535466973886329,17.02805852534562,False,False,False,medium
Bhandara,Sesamum,Summer,2020,22.7,4.35,0.19,,0.3386979698895355,0.3489000169165026,0.3284959228625684,2,34.22730107526882,26.23267204301075,41.92929032258065,0.9553924731182796,1.8516129032258064,29.20212365591398,0.5940537634408602,0.3226989247311828,24.758924731182795,False,False,False,low
Bhandara,Sesamum,Summer,2021,28.5,5.46,0.19,0.19,0.3142142062752714,0.3169706795332212,0.3114577330173216,2,33.525543010752685,26.19340322580645,40.790263440860215,0.7124838709677419,2.0528763440860214,29.798413978494622,0.5912473118279569,0.2818440860215053,22.33161827956989,False,False,False,low
Bhandara,Sesamum,Summer,2022,10.0,2.0,0.2,0.19,0.3287042749232095,0.3319987677767276,0.3254097820696914,2,36.12238709677419,28.4994623655914,43.745935483870966,0.141747311827957,2.25063440860215,22.38115053763441,0.5812903225806452,0.1477311827956989,23.25401612903226,False,False,False,low
Bhandara,Soyabean,Kharif,2020,275.46,174.49,0.63,,0.4114655664617643,0.563347829744352,0.241067837336053,5,27.16621075268817,23.74511827956989,31.16511827956989,7.841187096774194,1.9635440860215057,81.66738064516129,0.8516150537634408,0.8593139784946237,15.853447311827958,True,False,True,medium
Bhandara,Soyabean,Kharif,2021,262.08,235.35,0.9,0.63,0.4114655664617643,0.6216357454160012,0.241067837336053,5,27.163165591397853,23.65940215053764,31.217595698924733,7.067008602150537,2.1876537634408604,80.4102,0.817410752688172,0.828367741935484,16.20815053763441,True,False,True,medium
Bhandara,Soyabean,Kharif,2022,346.0,344.0,0.99,0.9,0.4114655664617643,0.6741625421978948,0.241067837336053,5,27.30598494623656,23.94476559139785,31.19806021505376,10.530967741935484,2.218090322580645,79.90830322580646,0.872741935483871,0.8356903225806451,15.656941935483868,True,False,True,medium
Bhandara,Soyabean,Summer,2021,5.9,3.54,0.6,,0.3142142062752714,0.3169706795332212,0.3114577330173216,2,33.525543010752685,26.19340322580645,40.790263440860215,0.7124838709677419,2.0528763440860214,29.798413978494622,0.5912473118279569,0.2818440860215053,22.33161827956989,False,False,False,low
Bhandara,Soyabean,Summer,2022,18.4,11.04,0.6,0.6,0.3287042749232095,0.3319987677767276,0.3254097820696914,2,36.12238709677419,28.4994623655914,43.745935483870966,0.141747311827957,2.25063440860215,22.38115053763441,0.5812903225806452,0.1477311827956989,23.25401612903226,False,False,False,low
Bhandara,Sugarcane,Whole Year,2020,4850.0,271041.54,55.88,,0.3730108423266771,0.563347829744352,0.20171800959583375,12,25.76837356321839,20.092665554319613,31.98973115189717,3.734134223210976,1.81702088740576,65.32175747744408,0.73000160672352,0.675006303299963,17.827841645037697,True,False,True,high
Bhandara,Sugarcane,Whole Year,2021,2338.0,158470.32,67.78,55.88,0.3730108423266771,0.6216357454160012,0.20171800959583375,12,26.48192140296979,20.79037295186892,32.73270468509985,3.210380632360471,1.8996507936507945,59.56964324116743,0.7020497311827957,0.5954329877112134,17.483075716845878,True,False,True,high
Bhandara,Sugarcane,Whole Year,2022,3918.0,121458.0,31.0,67.78,0.3730108423266771,0.6741625421978948,0.20171800959583375,12,26.561195148489503,20.76454870711726,32.830891257040456,4.621956925243215,1.9128705197132616,60.35758723758321,0.7347911546338964,0.6106587941628264,17.787803059395806,True,False,True,high
Bhandara,Urad,Kharif,2020,63.52,18.55,0.29,,0.4114655664617643,0.563347829744352,0.241067837336053,5,27.16621075268817,23.74511827956989,31.16511827956989,7.841187096774194,1.9635440860215057,81.66738064516129,0.8516150537634408,0.8593139784946237,15.853447311827958,True,False,True,medium
Bhandara,Urad,Kharif,2021,44.26,17.54,0.4,0.29,0.4114655664617643,0.6216357454160012,0.241067837336053,5,27.163165591397853,23.65940215053764,31.217595698924733,7.067008602150537,2.1876537634408604,80.4102,0.817410752688172,0.828367741935484,16.20815053763441,True,False,True,medium
Bhandara,Urad,Kharif,2022,33.36,15.38,0.46,0.4,0.4114655664617643,0.6741625421978948,0.241067837336053,5,27.30598494623656,23.94476559139785,31.19806021505376,10.530967741935484,2.218090322580645,79.90830322580646,0.872741935483871,0.8356903225806451,15.656941935483868,True,False,True,medium
Bhandara,Urad,Summer,2021,26.0,14.01,0.54,,0.3142142062752714,0.3169706795332212,0.3114577330173216,2,33.525543010752685,26.19340322580645,40.790263440860215,0.7124838709677419,2.0528763440860214,29.798413978494622,0.5912473118279569,0.2818440860215053,22.33161827956989,False,False,False,low
Bhandara,Wheat,Rabi,2020,10436.8,13848.95,1.33,,0.4154424877034037,0.4659712828112269,0.3281792134678092,5,22.700755453149,15.139716589861752,31.05314930875576,0.2476490015360983,1.507908141321045,49.5439287250384,0.636958064516129,0.4945617511520737,17.51022043010753,False,False,False,medium
Bhandara,Wheat,Rabi,2021,9996.96,12690.04,1.27,1.33,0.4203960709431092,0.4460800746686145,0.3593870120328596,5,22.224986635944703,15.074620122887865,30.138377726574497,0.6433353302611367,1.5685903225806452,56.58033625192013,0.6432815668202765,0.5535466973886329,17.02805852534562,False,False,False,medium
Bhandara,Wheat,Rabi,2022,10685.2,14478.45,1.36,1.27,0.4162690753106256,0.4712445241537785,0.3410891579983135,5,22.57317741935484,14.86080414746544,30.81884285714285,0.1350322580645161,1.4929552995391702,50.90292980030722,0.6473029185867897,0.5023121351766513,17.83127112135177,False,False,False,medium
Bhandara,other oilseeds,Kharif,2021,0.2,0.4,2.0,,0.4009920640763048,0.6216357454160012,0.2492406248839314,5,27.163165591397853,23.65940215053764,31.217595698924733,7.067008602150537,2.1876537634408604,80.4102,0.817410752688172,0.828367741935484,16.20815053763441,True,False,True,medium
Bhandara,other oilseeds,Rabi,2020,396.4,123.96,0.31,,0.4154424877034037,0.4659712828112269,0.3281792134678092,5,22.700755453149,15.139716589861752,31.05314930875576,0.2476490015360983,1.507908141321045,49.5439287250384,0.636958064516129,0.4945617511520737,17.51022043010753,False,False,False,medium
Bhandara,other oilseeds,Rabi,2021,788.3,551.81,0.7,0.31,0.4203960709431092,0.4460800746686145,0.3593870120328596,5,22.224986635944703,15.074620122887865,30.138377726574497,0.6433353302611367,1.5685903225806452,56.58033625192013,0.6432815668202765,0.5535466973886329,17.02805852534562,False,False,False,medium
Bhandara,other oilseeds,Rabi,2022,3737.4,1121.22,0.3,0.7,0.4162690753106256,0.4712445241537785,0.3410891579983135,5,22.57317741935484,14.86080414746544,30.81884285714285,0.1350322580645161,1.4929552995391702,50.90292980030722,0.6473029185867897,0.5023121351766513,17.83127112135177,False,False,False,medium
Bhandara,other oilseeds,Summer,2020,11.0,8.71,0.79,,0.3386979698895355,0.3489000169165026,0.3284959228625684,2,34.22730107526882,26.23267204301075,41.92929032258065,0.9553924731182796,1.8516129032258064,29.20212365591398,0.5940537634408602,0.3226989247311828,24.758924731182795,False,False,False,low
Bhandara,other oilseeds,Summer,2021,8.5,7.53,0.89,0.79,0.3142142062752714,0.3169706795332212,0.3114577330173216,2,33.525543010752685,26.19340322580645,40.790263440860215,0.7124838709677419,2.0528763440860214,29.798413978494622,0.5912473118279569,0.2818440860215053,22.33161827956989,False,False,False,low
Bhandara,other oilseeds,Summer,2022,32.0,6.4,0.2,0.89,0.3287042749232095,0.3319987677767276,0.3254097820696914,2,36.12238709677419,28.4994623655914,43.745935483870966,0.141747311827957,2.25063440860215,22.38115053763441,0.5812903225806452,0.1477311827956989,23.25401612903226,False,False,False,low
Buldhana,Arhar/Tur,Kharif,2020,94953.55,142648.3,1.5,,0.4114655664617643,0.5860179711704641,0.241067837336053,5,26.17765591397849,22.85279139784946,30.146808602150536,6.528780645161289,2.2838021505376345,81.81416774193548,0.8345892473118279,0.8442580645161291,16.5353311827957,True,True,True,medium
Buldhana,Arhar/Tur,Kharif,2021,100510.05,371696.23,3.7,1.5,0.4114655664617643,0.5860179711704641,0.241067837336053,5,26.15454408602151,22.511004301075268,30.574111827956983,6.7395526881720444,2.638509677419355,79.21581720430108,0.7890795698924731,0.8048817204301075,16.319916129032258,True,True,True,medium
Buldhana,Arhar/Tur,Kharif,2022,78974.0,68944.0,0.87,3.7,0.4114655664617643,0.5860179711704641,0.241067837336053,5,25.81232688172043,22.33745591397849,29.93768817204301,7.198972043010753,2.82574193548387,80.77752903225806,0.854083870967742,0.835767741935484,16.46282365591398,True,True,True,medium
Buldhana,Bajra,Kharif,2020,2076.41,980.27,0.47,,0.3910617756159833,0.553506374233406,0.21228181914333283,5,26.17765591397849,22.85279139784946,30.146808602150536,6.528780645161289,2.2838021505376345,81.81416774193548,0.8345892473118279,0.8442580645161291,16.5353311827957,True,True,True,medium
Buldhana,Bajra,Kharif,2021,1456.02,527.1,0.36,0.47,0.3910617756159833,0.553506374233406,0.21228181914333283,5,26.15454408602151,22.511004301075268,30.574111827956983,6.7395526881720444,2.638509677419355,79.21581720430108,0.7890795698924731,0.8048817204301075,16.319916129032258,True,True,True,medium
Buldhana,Bajra,Kharif,2022,16.0,6.0,0.38,0.36,0.3910617756159833,0.553506374233406,0.21228181914333283,5,25.81232688172043,22.33745591397849,29.93768817204301,7.198972043010753,2.82574193548387,80.77752903225806,0.854083870967742,0.835767741935484,16.46282365591398,True,True,True,medium
Buldhana,Bajra,Summer,2021,115.0,104.65,0.91,,0.2310359170330002,0.2511918662926406,0.20825886066198,2,32.29941397849463,24.981322580645163,39.33555913978495,0.6338548387096774,2.794736559139785,31.32455376344086,0.5951612903225807,0.2603494623655913,22.44113978494624,True,True,True,low
Buldhana,Bajra,Summer,2022,155.0,141.05,0.91,0.91,0.2310359170330002,0.2511918662926406,0.20825886066198,2,33.894220430107524,25.556064516129037,41.973182795698925,0.0315430107526881,3.254709677419355,24.04711290322581,0.59,0.1290645161290322,24.621241935483877,True,True,True,low
Buldhana,Cotton(lint),Kharif,2020,203500.0,475100.0,2.33,,0.4114655664617643,0.5737471118845295,0.241067837336053,5,26.17765591397849,22.85279139784946,30.146808602150536,6.528780645161289,2.2838021505376345,81.81416774193548,0.8345892473118279,0.8442580645161291,16.5353311827957,True,True,True,medium
Buldhana,Cotton(lint),Kharif,2021,203800.0,547300.0,2.69,2.33,0.4114655664617643,0.5737471118845295,0.241067837336053,5,26.15454408602151,22.511004301075268,30.574111827956983,6.7395526881720444,2.638509677419355,79.21581720430108,0.7890795698924731,0.8048817204301075,16.319916129032258,True,True,True,medium
Buldhana,Cotton(lint),Kharif,2022,212220.31,542517.73,2.56,2.69,0.4114655664617643,0.5737471118845295,0.241067837336053,5,25.81232688172043,22.33745591397849,29.93768817204301,7.198972043010753,2.82574193548387,80.77752903225806,0.854083870967742,0.835767741935484,16.46282365591398,True,True,True,medium
Buldhana,Gram,Rabi,2020,191664.24,239103.61,1.25,,0.39860682211789794,0.47964805913657504,0.28734854097428925,5,23.15782319508449,16.072649155145932,31.46091382488479,0.1886950844854071,1.7090095238095238,47.194569585253454,0.6386336405529953,0.4683764976958525,17.53209124423963,True,True,True,medium
Buldhana,Gram,Rabi,2021,216416.47,355909.87,1.64,1.25,0.39860682211789794,0.47964805913657504,0.28734854097428925,5,22.0913866359447,15.364263901689707,29.931528264208914,0.2320304147465438,1.7609038402457755,55.00649416282643,0.6644029185867895,0.5480199692780338,17.004151766513058,True,True,True,medium
Buldhana,Gram,Rabi,2022,208150.63,206710.23,0.99,1.64,0.39860682211789794,0.47964805913657504,0.28734854097428925,5,22.23731182795699,15.099986328725038,30.598450844854067,0.1858709677419355,1.6095602150537631,49.90111996927804,0.6520305683563749,0.5164405529953917,17.773445161290322,True,True,True,medium
Buldhana,Groundnut,Kharif,2020,1583.89,1440.07,0.91,,0.4009920640763048,0.5712580928552405,0.2429167809553046,5,26.17765591397849,22.85279139784946,30.146808602150536,6.528780645161289,2.2838021505376345,81.81416774193548,0.8345892473118279,0.8442580645161291,16.5353311827957,True,True,True,medium
Buldhana,Groundnut,Kharif,2021,1640.27,1679.31,1.02,0.91,0.4009920640763048,0.5712580928552405,0.2429167809553046,5,26.15454408602151,22.511004301075268,30.574111827956983,6.7395526881720444,2.638509677419355,79.21581720430108,0.7890795698924731,0.8048817204301075,16.319916129032258,True,True,True,medium
Buldhana,Groundnut,Kharif,2022,603.66,952.58,1.58,1.02,0.4009920640763048,0.5712580928552405,0.2429167809553046,5,25.81232688172043,22.33745591397849,29.93768817204301,7.198972043010753,2.82574193548387,80.77752903225806,0.854083870967742,0.835767741935484,16.46282365591398,True,True,True,medium
Buldhana,Groundnut,Summer,2020,5334.0,10404.5,1.95,,0.2310359170330002,0.2511918662926406,0.213056518847765,2,33.471177419354845,25.426317204301075,41.25770430107527,0.2469354838709677,2.694758064516129,25.835381720430107,0.5941129032258065,0.2362849462365591,25.398596774193543,True,True,True,low
Buldhana,Groundnut,Summer,2021,5313.29,7521.56,1.42,1.95,0.2310359170330002,0.2511918662926406,0.213056518847765,2,32.29941397849463,24.981322580645163,39.33555913978495,0.6338548387096774,2.794736559139785,31.32455376344086,0.5951612903225807,0.2603494623655913,22.44113978494624,True,True,True,low
Buldhana,Groundnut,Summer,2022,4251.0,6613.0,1.56,1.42,0.2310359170330002,0.2511918662926406,0.213056518847765,2,33.894220430107524,25.556064516129037,41.973182795698925,0.0315430107526881,3.254709677419355,24.04711290322581,0.59,0.1290645161290322,24.621241935483877,True,True,True,low
Buldhana,Jowar,Kharif,2020,9818.12,10592.29,1.08,,0.4114655664617643,0.572502602369885,0.241067837336053,5,26.17765591397849,22.85279139784946,30.146808602150536,6.528780645161289,2.2838021505376345,81.81416774193548,0.8345892473118279,0.8442580645161291,16.5353311827957,True,True,True,medium
Buldhana,Jowar,Kharif,2021,9793.66,10906.22,1.11,1.08,0.4114655664617643,0.572502602369885,0.241067837336053,5,26.15454408602151,22.511004301075268,30.574111827956983,6.7395526881720444,2.638509677419355,79.21581720430108,0.7890795698924731,0.8048817204301075,16.319916129032258,True,True,True,medium
Buldhana,Jowar,Kharif,2022,3821.21,2661.86,0.7,1.11,0.4114655664617643,0.572502602369885,0.241067837336053,5,25.81232688172043,22.33745591397849,29.93768817204301,7.198972043010753,2.82574193548387,80.77752903225806,0.854083870967742,0.835767741935484,16.46282365591398,True,True,True,medium
Buldhana,Jowar,Rabi,2020,15306.75,19007.23,1.24,,0.3906892162962018,0.4783299601592158,0.2856978455086197,5,23.15782319508449,16.072649155145932,31.46091382488479,0.1886950844854071,1.7090095238095238,47.194569585253454,0.6386336405529953,0.4683764976958525,17.53209124423963,True,True,True,medium
Buldhana,Jowar,Rabi,2021,17022.05,17808.98,1.05,1.24,0.3906892162962018,0.4783299601592158,0.2856978455086197,5,22.0913866359447,15.364263901689707,29.931528264208914,0.2320304147465438,1.7609038402457755,55.00649416282643,0.6644029185867895,0.5480199692780338,17.004151766513058,True,True,True,medium
Buldhana,Jowar,Rabi,2022,10166.2,14126.65,1.39,1.05,0.3906892162962018,0.4783299601592158,0.2856978455086197,5,22.23731182795699,15.099986328725038,30.598450844854067,0.1858709677419355,1.6095602150537631,49.90111996927804,0.6520305683563749,0.5164405529953917,17.773445161290322,True,True,True,medium
Buldhana,Jowar,Summer,2021,293.8,244.27,0.83,,0.2222901737677577,0.2372476494333094,0.2029415681326299,2,32.29941397849463,24.981322580645163,39.33555913978495,0.6338548387096774,2.794736559139785,31.32455376344086,0.5951612903225807,0.2603494623655913,22.44113978494624,True,True,True,low
Buldhana,Jowar,Summer,2022,1481.4,1231.67,0.83,0.83,0.2222901737677577,0.2372476494333094,0.2029415681326299,2,33.894220430107524,25.556064516129037,41.973182795698925,0.0315430107526881,3.254709677419355,24.04711290322581,0.59,0.1290645161290322,24.621241935483877,True,True,True,low
Buldhana,Maize,Kharif,2020,47593.4,162550.51,3.42,,0.4033555229369874,0.5626616548690501,0.2163513167840456,5,26.17765591397849,22.85279139784946,30.146808602150536,6.528780645161289,2.2838021505376345,81.81416774193548,0.8345892473118279,0.8442580645161291,16.5353311827957,True,True,True,medium
Buldhana,Maize,Kharif,2021,42790.39,126295.84,2.95,3.42,0.4033555229369874,0.5626616548690501,0.2163513167840456,5,26.15454408602151,22.511004301075268,30.574111827956983,6.7395526881720444,2.638509677419355,79.21581720430108,0.7890795698924731,0.8048817204301075,16.319916129032258,True,True,True,medium
Buldhana,Maize,Kharif,2022,40254.0,120287.0,2.99,2.95,0.4033555229369874,0.5626616548690501,0.2163513167840456,5,25.81232688172043,22.33745591397849,29.93768817204301,7.198972043010753,2.82574193548387,80.77752903225806,0.854083870967742,0.835767741935484,16.46282365591398,True,True,True,medium
Buldhana,Maize,Rabi,2020,11437.1,14753.0,1.29,,0.3998992582925255,0.481942353720542,0.2906963430238516,5,23.15782319508449,16.072649155145932,31.46091382488479,0.1886950844854071,1.7090095238095238,47.194569585253454,0.6386336405529953,0.4683764976958525,17.53209124423963,True,True,True,medium
Buldhana,Maize,Rabi,2021,13596.34,29592.43,2.18,1.29,0.3998992582925255,0.481942353720542,0.2906963430238516,5,22.0913866359447,15.364263901689707,29.931528264208914,0.2320304147465438,1.7609038402457755,55.00649416282643,0.6644029185867895,0.5480199692780338,17.004151766513058,True,True,True,medium
Buldhana,Maize,Rabi,2022,16140.27,31908.39,1.98,2.18,0.3998992582925255,0.481942353720542,0.2906963430238516,5,22.23731182795699,15.099986328725038,30.598450844854067,0.1858709677419355,1.6095602150537631,49.90111996927804,0.6520305683563749,0.5164405529953917,17.773445161290322,True,True,True,medium
Buldhana,Maize,Summer,2020,6475.0,11737.88,1.81,,0.22950054548273405,0.24981985746174978,0.2097347354829065,2,33.471177419354845,25.426317204301075,41.25770430107527,0.2469354838709677,2.694758064516129,25.835381720430107,0.5941129032258065,0.2362849462365591,25.398596774193543,True,True,True,low
Buldhana,Maize,Summer,2021,8148.53,14771.66,1.81,1.81,0.22950054548273405,0.24981985746174978,0.2097347354829065,2,32.29941397849463,24.981322580645163,39.33555913978495,0.6338548387096774,2.794736559139785,31.32455376344086,0.5951612903225807,0.2603494623655913,22.44113978494624,True,True,True,low
Buldhana,Maize,Summer,2022,5296.54,9534.62,1.8,1.81,0.22950054548273405,0.24981985746174978,0.2097347354829065,2,33.894220430107524,25.556064516129037,41.973182795698925,0.0315430107526881,3.254709677419355,24.04711290322581,0.59,0.1290645161290322,24.621241935483877,True,True,True,low
Buldhana,Moong(Green Gram),Kharif,2020,18072.63,8924.62,0.49,,0.4114655664617643,0.581686613461441,0.241067837336053,5,26.17765591397849,22.85279139784946,30.146808602150536,6.528780645161289,2.2838021505376345,81.81416774193548,0.8345892473118279,0.8442580645161291,16.5353311827957,True,True,True,medium
Buldhana,Moong(Green Gram),Kharif,2021,17776.72,12511.25,0.7,0.49,0.4114655664617643,0.581686613461441,0.241067837336053,5,26.15454408602151,22.511004301075268,30.574111827956983,6.7395526881720444,2.638509677419355,79.21581720430108,0.7890795698924731,0.8048817204301075,16.319916129032258,True,True,True,medium
Buldhana,Moong(Green Gram),Kharif,2022,14023.02,9523.03,0.68,0.7,0.4114655664617643,0.581686613461441,0.241067837336053,5,25.81232688172043,22.33745591397849,29.93768817204301,7.198972043010753,2.82574193548387,80.77752903225806,0.854083870967742,0.835767741935484,16.46282365591398,True,True,True,medium
Buldhana,Moong(Green Gram),Summer,2021,1880.8,346.43,0.18,,0.22643905097955008,0.24599611958896778,0.20697208482159715,2,32.29941397849463,24.981322580645163,39.33555913978495,0.6338548387096774,2.794736559139785,31.32455376344086,0.5951612903225807,0.2603494623655913,22.44113978494624,True,True,True,low
Buldhana,Moong(Green Gram),Summer,2022,631.4,116.3,0.18,0.18,0.22643905097955008,0.24599611958896778,0.20697208482159715,2,33.894220430107524,25.556064516129037,41.973182795698925,0.0315430107526881,3.254709677419355,24.04711290322581,0.59,0.1290645161290322,24.621241935483877,True,True,True,low
Buldhana,Other  Rabi pulses,Rabi,2020,8.0,6.32,0.79,,0.3924539928430778,0.4748234892099104,0.295596447007373,5,23.15782319508449,16.072649155145932,31.46091382488479,0.1886950844854071,1.7090095238095238,47.194569585253454,0.6386336405529953,0.4683764976958525,17.53209124423963,True,True,True,medium
Buldhana,Other  Rabi pulses,Rabi,2021,145.2,58.71,0.4,0.79,0.3924539928430778,0.4748234892099104,0.295596447007373,5,22.0913866359447,15.364263901689707,29.931528264208914,0.2320304147465438,1.7609038402457755,55.00649416282643,0.6644029185867895,0.5480199692780338,17.004151766513058,True,True,True,medium
Buldhana,Other  Rabi pulses,Rabi,2022,11.0,6.29,0.57,0.4,0.3924539928430778,0.4748234892099104,0.295596447007373,5,22.23731182795699,15.099986328725038,30.598450844854067,0.1858709677419355,1.6095602150537631,49.90111996927804,0.6520305683563749,0.5164405529953917,17.773445161290322,True,True,True,medium
Buldhana,Other Cereals,Kharif,2020,32.0,14.4,0.45,,0.4009920640763048,0.5848585114424089,0.2537155251933066,5,26.17765591397849,22.85279139784946,30.146808602150536,6.528780645161289,2.2838021505376345,81.81416774193548,0.8345892473118279,0.8442580645161291,16.5353311827957,True,True,True,medium
Buldhana,Other Cereals,Kharif,2021,1.0,0.47,0.47,0.45,0.4009920640763048,0.5848585114424089,0.2537155251933066,5,26.15454408602151,22.511004301075268,30.574111827956983,6.7395526881720444,2.638509677419355,79.21581720430108,0.7890795698924731,0.8048817204301075,16.319916129032258,True,True,True,medium
Buldhana,Other Cereals,Kharif,2022,20.0,9.2,0.46,0.47,0.4009920640763048,0.5848585114424089,0.2537155251933066,5,25.81232688172043,22.33745591397849,29.93768817204301,7.198972043010753,2.82574193548387,80.77752903225806,0.854083870967742,0.835767741935484,16.46282365591398,True,True,True,medium
Buldhana,Other Cereals,Rabi,2020,57.4,25.44,0.44,,0.38967110806170624,0.47438113412596555,0.2946701834944748,5,23.15782319508449,16.072649155145932,31.46091382488479,0.1886950844854071,1.7090095238095238,47.194569585253454,0.6386336405529953,0.4683764976958525,17.53209124423963,True,True,True,medium
Buldhana,Other Cereals,Rabi,2021,19.0,12.65,0.67,0.44,0.38967110806170624,0.47438113412596555,0.2946701834944748,5,22.0913866359447,15.364263901689707,29.931528264208914,0.2320304147465438,1.7609038402457755,55.00649416282643,0.6644029185867895,0.5480199692780338,17.004151766513058,True,True,True,medium
Buldhana,Other Cereals,Rabi,2022,3.0,2.15,0.72,0.67,0.38967110806170624,0.47438113412596555,0.2946701834944748,5,22.23731182795699,15.099986328725038,30.598450844854067,0.1858709677419355,1.6095602150537631,49.90111996927804,0.6520305683563749,0.5164405529953917,17.773445161290322,True,True,True,medium
Buldhana,Other Cereals,Summer,2020,1260.1,237.6,0.19,,0.22506327412982505,0.2494054835770255,0.201347910962762,2,33.471177419354845,25.426317204301075,41.25770430107527,0.2469354838709677,2.694758064516129,25.835381720430107,0.5941129032258065,0.2362849462365591,25.398596774193543,True,True,True,low
Buldhana,Other Kharif pulses,Kharif,2020,721.3,363.54,0.5,,0.4009920640763048,0.5860179711704641,0.2537155251933066,5,26.17765591397849,22.85279139784946,30.146808602150536,6.528780645161289,2.2838021505376345,81.81416774193548,0.8345892473118279,0.8442580645161291,16.5353311827957,True,True,True,medium
Buldhana,Other Kharif pulses,Kharif,2021,612.0,202.57,0.33,0.5,0.4009920640763048,0.5860179711704641,0.2537155251933066,5,26.15454408602151,22.511004301075268,30.574111827956983,6.7395526881720444,2.638509677419355,79.21581720430108,0.7890795698924731,0.8048817204301075,16.319916129032258,True,True,True,medium
Buldhana,Other Kharif pulses,Kharif,2022,51.0,18.4,0.36,0.33,0.4009920640763048,0.5860179711704641,0.2537155251933066,5,25.81232688172043,22.33745591397849,29.93768817204301,7.198972043010753,2.82574193548387,80.77752903225806,0.854083870967742,0.835767741935484,16.46282365591398,True,True,True,medium
Buldhana,Other Summer Pulses,Summer,2020,2691.1,795.49,0.3,,0.23550570929499065,0.2518931141717084,0.21585327281037164,2,33.471177419354845,25.426317204301075,41.25770430107527,0.2469354838709677,2.694758064516129,25.835381720430107,0.5941129032258065,0.2362849462365591,25.398596774193543,True,True,True,low
Buldhana,Safflower,Rabi,2020,49.23,34.06,0.69,,0.3888312386672944,0.47569387692669335,0.28246632885942,5,23.15782319508449,16.072649155145932,31.46091382488479,0.1886950844854071,1.7090095238095238,47.194569585253454,0.6386336405529953,0.4683764976958525,17.53209124423963,True,True,True,medium
Buldhana,Safflower,Rabi,2021,82.24,69.89,0.85,0.69,0.3888312386672944,0.47569387692669335,0.28246632885942,5,22.0913866359447,15.364263901689707,29.931528264208914,0.2320304147465438,1.7609038402457755,55.00649416282643,0.6644029185867895,0.5480199692780338,17.004151766513058,True,True,True,medium
Buldhana,Safflower,Rabi,2022,538.0,466.93,0.87,0.85,0.3888312386672944,0.47569387692669335,0.28246632885942,5,22.23731182795699,15.099986328725038,30.598450844854067,0.1858709677419355,1.6095602150537631,49.90111996927804,0.6520305683563749,0.5164405529953917,17.773445161290322,True,True,True,medium
Buldhana,Sesamum,Kharif,2020,2025.97,401.95,0.2,,0.4114655664617643,0.5751659810451921,0.2447657245745562,5,26.17765591397849,22.85279139784946,30.146808602150536,6.528780645161289,2.2838021505376345,81.81416774193548,0.8345892473118279,0.8442580645161291,16.5353311827957,True,True,True,medium
Buldhana,Sesamum,Kharif,2021,2025.83,415.7,0.21,0.2,0.4114655664617643,0.5751659810451921,0.2447657245745562,5,26.15454408602151,22.511004301075268,30.574111827956983,6.7395526881720444,2.638509677419355,79.21581720430108,0.7890795698924731,0.8048817204301075,16.319916129032258,True,True,True,medium
Buldhana,Sesamum,Kharif,2022,595.14,132.48,0.22,0.21,0.4114655664617643,0.5751659810451921,0.2447657245745562,5,25.81232688172043,22.33745591397849,29.93768817204301,7.198972043010753,2.82574193548387,80.77752903225806,0.854083870967742,0.835767741935484,16.46282365591398,True,True,True,medium
Buldhana,Sesamum,Rabi,2020,59.0,23.47,0.4,,0.3924539928430778,0.4748234892099104,0.2906963430238516,5,23.15782319508449,16.072649155145932,31.46091382488479,0.1886950844854071,1.7090095238095238,47.194569585253454,0.6386336405529953,0.4683764976958525,17.53209124423963,True,True,True,medium
Buldhana,Sesamum,Rabi,2021,55.61,39.73,0.71,0.4,0.3924539928430778,0.4748234892099104,0.2906963430238516,5,22.0913866359447,15.364263901689707,29.931528264208914,0.2320304147465438,1.7609038402457755,55.00649416282643,0.6644029185867895,0.5480199692780338,17.004151766513058,True,True,True,medium
Buldhana,Sesamum,Rabi,2022,52.39,17.55,0.34,0.71,0.3924539928430778,0.4748234892099104,0.2906963430238516,5,22.23731182795699,15.099986328725038,30.598450844854067,0.1858709677419355,1.6095602150537631,49.90111996927804,0.6520305683563749,0.5164405529953917,17.773445161290322,True,True,True,medium
Buldhana,Sesamum,Summer,2020,470.4,86.24,0.18,,0.223521575125758,0.24599611958896778,0.19697681383797716,2,33.471177419354845,25.426317204301075,41.25770430107527,0.2469354838709677,2.694758064516129,25.835381720430107,0.5941129032258065,0.2362849462365591,25.398596774193543,True,True,True,low
Buldhana,Sesamum,Summer,2021,252.7,46.33,0.18,0.18,0.223521575125758,0.24599611958896778,0.19697681383797716,2,32.29941397849463,24.981322580645163,39.33555913978495,0.6338548387096774,2.794736559139785,31.32455376344086,0.5951612903225807,0.2603494623655913,22.44113978494624,True,True,True,low
Buldhana,Sesamum,Summer,2022,95.0,18.0,0.19,0.18,0.223521575125758,0.24599611958896778,0.19697681383797716,2,33.894220430107524,25.556064516129037,41.973182795698925,0.0315430107526881,3.254709677419355,24.04711290322581,0.59,0.1290645161290322,24.621241935483877,True,True,True,low
Buldhana,Soyabean,Kharif,2020,415693.31,695094.79,1.67,,0.4114655664617643,0.5737471118845295,0.241067837336053,5,26.17765591397849,22.85279139784946,30.146808602150536,6.528780645161289,2.2838021505376345,81.81416774193548,0.8345892473118279,0.8442580645161291,16.5353311827957,True,True,True,medium
Buldhana,Soyabean,Kharif,2021,438282.82,747798.15,1.71,1.67,0.4114655664617643,0.5737471118845295,0.241067837336053,5,26.15454408602151,22.511004301075268,30.574111827956983,6.7395526881720444,2.638509677419355,79.21581720430108,0.7890795698924731,0.8048817204301075,16.319916129032258,True,True,True,medium
Buldhana,Soyabean,Kharif,2022,444649.0,791652.0,1.78,1.71,0.4114655664617643,0.5737471118845295,0.241067837336053,5,25.81232688172043,22.33745591397849,29.93768817204301,7.198972043010753,2.82574193548387,80.77752903225806,0.854083870967742,0.835767741935484,16.46282365591398,True,True,True,medium
Buldhana,Soyabean,Summer,2021,5565.8,2782.9,0.5,,0.2290056094462148,0.24599611958896778,0.20862002408605718,2,32.29941397849463,24.981322580645163,39.33555913978495,0.6338548387096774,2.794736559139785,31.32455376344086,0.5951612903225807,0.2603494623655913,22.44113978494624,True,True,True,low
Buldhana,Soyabean,Summer,2022,1305.8,783.48,0.6,0.5,0.2290056094462148,0.24599611958896778,0.20862002408605718,2,33.894220430107524,25.556064516129037,41.973182795698925,0.0315430107526881,3.254709677419355,24.04711290322581,0.59,0.1290645161290322,24.621241935483877,True,True,True,low
Buldhana,Sugarcane,Whole Year,2022,1092.0,63237.72,57.91,,0.3730108423266771,0.5765848502058548,0.20171800959583375,12,25.627015040962625,19.84210995903738,32.12275236815156,3.0542124935995907,2.410034306195597,59.53632149257552,0.728477022529442,0.5946140552995391,18.378149257552483,True,True,True,high
Buldhana,Sunflower,Kharif,2020,73.0,29.89,0.41,,0.4009920640763048,0.5330096424846706,0.2723615137428504,5,26.17765591397849,22.85279139784946,30.146808602150536,6.528780645161289,2.2838021505376345,81.81416774193548,0.8345892473118279,0.8442580645161291,16.5353311827957,True,True,True,medium
Buldhana,Sunflower,Kharif,2021,1.33,0.51,0.38,0.41,0.4009920640763048,0.5330096424846706,0.2723615137428504,5,26.15454408602151,22.511004301075268,30.574111827956983,6.7395526881720444,2.638509677419355,79.21581720430108,0.7890795698924731,0.8048817204301075,16.319916129032258,True,True,True,medium
Buldhana,Sunflower,Rabi,2020,32.0,19.16,0.6,,0.3817281405661875,0.4563042968723024,0.2936950758736076,5,23.15782319508449,16.072649155145932,31.46091382488479,0.1886950844854071,1.7090095238095238,47.194569585253454,0.6386336405529953,0.4683764976958525,17.53209124423963,True,True,True,medium
Buldhana,Sunflower,Rabi,2021,62.0,46.35,0.75,0.6,0.3817281405661875,0.4563042968723024,0.2936950758736076,5,22.0913866359447,15.364263901689707,29.931528264208914,0.2320304147465438,1.7609038402457755,55.00649416282643,0.6644029185867895,0.5480199692780338,17.004151766513058,True,True,True,medium
Buldhana,Sunflower,Rabi,2022,67.69,31.41,0.46,0.75,0.3817281405661875,0.4563042968723024,0.2936950758736076,5,22.23731182795699,15.099986328725038,30.598450844854067,0.1858709677419355,1.6095602150537631,49.90111996927804,0.6520305683563749,0.5164405529953917,17.773445161290322,True,True,True,medium
Buldhana,Sunflower,Summer,2020,1739.0,1041.31,0.6,,0.23058930953386958,0.2512997469155769,0.2134421450206768,2,33.471177419354845,25.426317204301075,41.25770430107527,0.2469354838709677,2.694758064516129,25.835381720430107,0.5941129032258065,0.2362849462365591,25.398596774193543,True,True,True,low
Buldhana,Sunflower,Summer,2021,1706.38,852.56,0.5,0.6,0.23058930953386958,0.2512997469155769,0.2134421450206768,2,32.29941397849463,24.981322580645163,39.33555913978495,0.6338548387096774,2.794736559139785,31.32455376344086,0.5951612903225807,0.2603494623655913,22.44113978494624,True,True,True,low
Buldhana,Sunflower,Summer,2022,348.0,298.0,0.86,0.5,0.23058930953386958,0.2512997469155769,0.2134421450206768,2,33.894220430107524,25.556064516129037,41.973182795698925,0.0315430107526881,3.254709677419355,24.04711290322581,0.59,0.1290645161290322,24.621241935483877,True,True,True,low
Buldhana,Urad,Kharif,2020,17220.46,10851.03,0.63,,0.4114655664617643,0.5860179711704641,0.241067837336053,5,26.17765591397849,22.85279139784946,30.146808602150536,6.528780645161289,2.2838021505376345,81.81416774193548,0.8345892473118279,0.8442580645161291,16.5353311827957,True,True,True,medium
Buldhana,Urad,Kharif,2021,18772.87,14381.9,0.77,0.63,0.4114655664617643,0.5860179711704641,0.241067837336053,5,26.15454408602151,22.511004301075268,30.574111827956983,6.7395526881720444,2.638509677419355,79.21581720430108,0.7890795698924731,0.8048817204301075,16.319916129032258,True,True,True,medium
Buldhana,Urad,Kharif,2022,17878.51,11780.15,0.66,0.77,0.4114655664617643,0.5860179711704641,0.241067837336053,5,25.81232688172043,22.33745591397849,29.93768817204301,7.198972043010753,2.82574193548387,80.77752903225806,0.854083870967742,0.835767741935484,16.46282365591398,True,True,True,medium
Buldhana,Urad,Summer,2021,17.6,9.49,0.54,,0.24248753507026735,0.26000402622930796,0.2226840341016886,2,32.29941397849463,24.981322580645163,39.33555913978495,0.6338548387096774,2.794736559139785,31.32455376344086,0.5951612903225807,0.2603494623655913,22.44113978494624,True,True,True,low
Buldhana,Urad,Summer,2022,4.5,2.43,0.54,0.54,0.24248753507026735,0.26000402622930796,0.2226840341016886,2,33.894220430107524,25.556064516129037,41.973182795698925,0.0315430107526881,3.254709677419355,24.04711290322581,0.59,0.1290645161290322,24.621241935483877,True,True,True,low
Buldhana,Wheat,Rabi,2020,55560.18,112018.24,2.02,,0.3924539928430778,0.4748234892099104,0.2864934089399792,5,23.15782319508449,16.072649155145932,31.46091382488479,0.1886950844854071,1.7090095238095238,47.194569585253454,0.6386336405529953,0.4683764976958525,17.53209124423963,True,True,True,medium
Buldhana,Wheat,Rabi,2021,61964.68,168480.11,2.72,2.02,0.3924539928430778,0.4748234892099104,0.2864934089399792,5,22.0913866359447,15.364263901689707,29.931528264208914,0.2320304147465438,1.7609038402457755,55.00649416282643,0.6644029185867895,0.5480199692780338,17.004151766513058,True,True,True,medium
Buldhana,Wheat,Rabi,2022,70773.35,133188.37,1.88,2.72,0.3924539928430778,0.4748234892099104,0.2864934089399792,5,22.23731182795699,15.099986328725038,30.598450844854067,0.1858709677419355,1.6095602150537631,49.90111996927804,0.6520305683563749,0.5164405529953917,17.773445161290322,True,True,True,medium
Buldhana,other oilseeds,Kharif,2020,301.0,150.5,0.5,,0.4009920640763048,0.5626616548690501,0.2492406248839314,5,26.17765591397849,22.85279139784946,30.146808602150536,6.528780645161289,2.2838021505376345,81.81416774193548,0.8345892473118279,0.8442580645161291,16.5353311827957,True,True,True,medium
Buldhana,other oilseeds,Kharif,2021,180.0,75.0,0.42,0.5,0.4009920640763048,0.5626616548690501,0.2492406248839314,5,26.15454408602151,22.511004301075268,30.574111827956983,6.7395526881720444,2.638509677419355,79.21581720430108,0.7890795698924731,0.8048817204301075,16.319916129032258,True,True,True,medium
Buldhana,other oilseeds,Kharif,2022,44.0,22.0,0.5,0.42,0.4009920640763048,0.5626616548690501,0.2492406248839314,5,25.81232688172043,22.33745591397849,29.93768817204301,7.198972043010753,2.82574193548387,80.77752903225806,0.854083870967742,0.835767741935484,16.46282365591398,True,True,True,medium
Buldhana,other oilseeds,Rabi,2020,704.3,303.79,0.43,,0.396447493450646,0.4765642646434763,0.2907057108129193,5,23.15782319508449,16.072649155145932,31.46091382488479,0.1886950844854071,1.7090095238095238,47.194569585253454,0.6386336405529953,0.4683764976958525,17.53209124423963,True,True,True,medium
Buldhana,other oilseeds,Rabi,2021,285.1,118.11,0.41,0.43,0.396447493450646,0.4765642646434763,0.2907057108129193,5,22.0913866359447,15.364263901689707,29.931528264208914,0.2320304147465438,1.7609038402457755,55.00649416282643,0.6644029185867895,0.5480199692780338,17.004151766513058,True,True,True,medium
Buldhana,other oilseeds,Rabi,2022,620.5,255.98,0.41,0.41,0.396447493450646,0.4765642646434763,0.2907057108129193,5,22.23731182795699,15.099986328725038,30.598450844854067,0.1858709677419355,1.6095602150537631,49.90111996927804,0.6520305683563749,0.5164405529953917,17.773445161290322,True,True,True,medium
Buldhana,other oilseeds,Summer,2020,945.9,173.41,0.18,,0.2286639575420841,0.2497810219189616,0.2072794404403915,2,33.471177419354845,25.426317204301075,41.25770430107527,0.2469354838709677,2.694758064516129,25.835381720430107,0.5941129032258065,0.2362849462365591,25.398596774193543,True,True,True,low
Buldhana,other oilseeds,Summer,2021,83.0,16.6,0.2,0.18,0.2286639575420841,0.2497810219189616,0.2072794404403915,2,32.29941397849463,24.981322580645163,39.33555913978495,0.6338548387096774,2.794736559139785,31.32455376344086,0.5951612903225807,0.2603494623655913,22.44113978494624,True,True,True,low
Buldhana,other oilseeds,Summer,2022,10.0,1.77,0.18,0.2,0.2286639575420841,0.2497810219189616,0.2072794404403915,2,33.894220430107524,25.556064516129037,41.973182795698925,0.0315430107526881,3.254709677419355,24.04711290322581,0.59,0.1290645161290322,24.621241935483877,True,True,True,low
Chandrapur,Arhar/Tur,Kharif,2020,47931.74,77837.08,1.62,,0.4984049897311257,0.6388914395865994,0.3163705340279441,5,27.264920430107527,24.01083010752688,31.034202150537634,7.199273118279569,1.962296774193548,82.6221440860215,0.8530215053763441,0.8619182795698924,15.797197849462368,False,False,False,medium
Chandrapur,Arhar/Tur,Kharif,2021,49800.35,45029.47,0.9,1.62,0.4838955932379492,0.6472163021275702,0.2837371365539671,5,27.10337634408602,23.81338064516129,30.89287956989247,7.663713978494623,2.158010752688172,82.43915913978495,0.8507569892473118,0.8564150537634407,16.100322580645162,False,False,False,medium
Chandrapur,Arhar/Tur,Kharif,2022,51520.0,91289.0,1.77,0.9,0.4911502914845374,0.6142285366601414,0.3000538352909556,5,27.32986451612903,23.993675268817203,31.140744086021503,10.352922580645162,2.236165591397849,80.71606021505377,0.8641870967741936,0.8373139784946236,15.79590752688172,True,False,True,medium
Chandrapur,Bajra,Summer,2022,7.2,6.55,0.91,,0.2474037579717787,0.2497810219189616,0.2450264940245959,2,36.007575268817206,28.71889247311828,43.32718279569893,0.234263440860215,2.399865591397849,26.903059139784943,0.5812903225806452,0.176774193548387,22.81053225806452,False,False,False,low
Chandrapur,Cotton(lint),Kharif,2020,154900.0,378400.0,2.44,,0.4984049897311257,0.6388914395865994,0.3163705340279441,5,27.264920430107527,24.01083010752688,31.034202150537634,7.199273118279569,1.962296774193548,82.6221440860215,0.8530215053763441,0.8619182795698924,15.797197849462368,False,False,False,medium
Chandrapur,Cotton(lint),Kharif,2021,153700.0,351200.0,2.28,2.44,0.4838955932379492,0.6472163021275702,0.2837371365539671,5,27.10337634408602,23.81338064516129,30.89287956989247,7.663713978494623,2.158010752688172,82.43915913978495,0.8507569892473118,0.8564150537634407,16.100322580645162,False,False,False,medium
Chandrapur,Cotton(lint),Kharif,2022,152447.55,442486.06,2.9,2.28,0.4911502914845374,0.6142285366601414,0.3000538352909556,5,27.32986451612903,23.993675268817203,31.140744086021503,10.352922580645162,2.236165591397849,80.71606021505377,0.8641870967741936,0.8373139784946236,15.79590752688172,True,False,True,medium
Chandrapur,Gram,Rabi,2020,44587.08,41172.93,0.92,,0.4311610892314793,0.5736842582504251,0.2812724382664843,5,23.82007281105991,16.38131674347158,32.50762933947773,0.0976668202764976,1.5947525345622118,48.24111628264208,0.6140357910906299,0.3971301075268817,17.938219354838708,False,False,False,medium
Chandrapur,Gram,Rabi,2021,34522.46,32470.1,0.94,0.92,0.4490590107083448,0.5038943839989038,0.3228473094958528,5,23.090353149001537,16.27724362519201,30.8318133640553,1.4777761904761904,1.609151920122888,58.49600783410138,0.6441683563748081,0.5481892473118279,17.191443932411676,False,False,False,medium
Chandrapur,Gram,Rabi,2022,62915.17,81380.14,1.29,0.94,0.4386578417984115,0.5604651112159035,0.2989094557018986,5,23.71832841781874,16.194142857142857,32.277924423963135,0.1238709677419354,1.56828509984639,49.689309370199695,0.6166709677419354,0.4041324116743472,18.092882488479265,False,False,False,medium
Chandrapur,Groundnut,Summer,2020,98.0,49.88,0.51,,0.2818025332257989,0.2860663761518959,0.2775386902997021,2,34.83243010752688,27.22884946236559,42.34215053763441,0.9111720430107528,1.9469516129032256,30.32278494623656,0.5853817204301075,0.2994892473118279,23.87155376344086,False,False,False,low
Chandrapur,Groundnut,Summer,2021,98.0,193.36,1.97,0.51,0.2423450750802579,0.2523786008049037,0.2323115493556122,2,34.20036559139785,27.218951612903226,41.155741935483874,0.4986075268817205,2.234204301075269,31.205440860215056,0.5832365591397849,0.2636774193548387,21.675236559139783,False,False,False,low
Chandrapur,Groundnut,Summer,2022,294.0,557.0,1.89,1.97,0.2474037579717787,0.2497810219189616,0.2450264940245959,2,36.007575268817206,28.71889247311828,43.32718279569893,0.234263440860215,2.399865591397849,26.903059139784943,0.5812903225806452,0.176774193548387,22.81053225806452,False,False,False,low
Chandrapur,Jowar,Kharif,2020,596.53,324.63,0.54,,0.4984049897311257,0.6388914395865994,0.3163705340279441,5,27.264920430107527,24.01083010752688,31.034202150537634,7.199273118279569,1.962296774193548,82.6221440860215,0.8530215053763441,0.8619182795698924,15.797197849462368,False,False,False,medium
Chandrapur,Jowar,Kharif,2021,531.21,324.09,0.61,0.54,0.4838955932379492,0.6472163021275702,0.2837371365539671,5,27.10337634408602,23.81338064516129,30.89287956989247,7.663713978494623,2.158010752688172,82.43915913978495,0.8507569892473118,0.8564150537634407,16.100322580645162,False,False,False,medium
Chandrapur,Jowar,Kharif,2022,527.32,313.28,0.59,0.61,0.4911502914845374,0.6142285366601414,0.3000538352909556,5,27.32986451612903,23.993675268817203,31.140744086021503,10.352922580645162,2.236165591397849,80.71606021505377,0.8641870967741936,0.8373139784946236,15.79590752688172,True,False,True,medium
Chandrapur,Jowar,Rabi,2020,1547.49,847.34,0.55,,0.4311610892314793,0.5736842582504251,0.2812724382664843,5,23.82007281105991,16.38131674347158,32.50762933947773,0.0976668202764976,1.5947525345622118,48.24111628264208,0.6140357910906299,0.3971301075268817,17.938219354838708,False,False,False,medium
Chandrapur,Jowar,Rabi,2021,2646.88,2410.09,0.91,0.55,0.4490590107083448,0.5038943839989038,0.3228473094958528,5,23.090353149001537,16.27724362519201,30.8318133640553,1.4777761904761904,1.609151920122888,58.49600783410138,0.6441683563748081,0.5481892473118279,17.191443932411676,False,False,False,medium
Chandrapur,Jowar,Rabi,2022,5508.81,3469.5,0.63,0.91,0.4386578417984115,0.5604651112159035,0.2989094557018986,5,23.71832841781874,16.194142857142857,32.277924423963135,0.1238709677419354,1.56828509984639,49.689309370199695,0.6166709677419354,0.4041324116743472,18.092882488479265,False,False,False,medium
Chandrapur,Jowar,Summer,2021,86.6,72.0,0.83,,0.2423450750802579,0.2523786008049037,0.2323115493556122,2,34.20036559139785,27.218951612903226,41.155741935483874,0.4986075268817205,2.234204301075269,31.205440860215056,0.5832365591397849,0.2636774193548387,21.675236559139783,False,False,False,low
Chandrapur,Jowar,Summer,2022,54.5,46.33,0.85,0.83,0.2474037579717787,0.2497810219189616,0.2450264940245959,2,36.007575268817206,28.71889247311828,43.32718279569893,0.234263440860215,2.399865591397849,26.903059139784943,0.5812903225806452,0.176774193548387,22.81053225806452,False,False,False,low
Chandrapur,Linseed,Rabi,2020,445.85,111.04,0.25,,0.4311610892314793,0.5736842582504251,0.2812724382664843,5,23.82007281105991,16.38131674347158,32.50762933947773,0.0976668202764976,1.5947525345622118,48.24111628264208,0.6140357910906299,0.3971301075268817,17.938219354838708,False,False,False,medium
Chandrapur,Linseed,Rabi,2021,1075.46,532.57,0.5,0.25,0.4490590107083448,0.5038943839989038,0.3228473094958528,5,23.090353149001537,16.27724362519201,30.8318133640553,1.4777761904761904,1.609151920122888,58.49600783410138,0.6441683563748081,0.5481892473118279,17.191443932411676,False,False,False,medium
Chandrapur,Linseed,Rabi,2022,1039.97,738.07,0.71,0.5,0.4386578417984115,0.5604651112159035,0.2989094557018986,5,23.71832841781874,16.194142857142857,32.277924423963135,0.1238709677419354,1.56828509984639,49.689309370199695,0.6166709677419354,0.4041324116743472,18.092882488479265,False,False,False,medium
Chandrapur,Maize,Rabi,2020,50.0,64.5,1.29,,0.4311610892314793,0.5736842582504251,0.2812724382664843,5,23.82007281105991,16.38131674347158,32.50762933947773,0.0976668202764976,1.5947525345622118,48.24111628264208,0.6140357910906299,0.3971301075268817,17.938219354838708,False,False,False,medium
Chandrapur,Maize,Rabi,2021,681.5,1483.29,2.18,1.29,0.4490590107083448,0.5038943839989038,0.3228473094958528,5,23.090353149001537,16.27724362519201,30.8318133640553,1.4777761904761904,1.609151920122888,58.49600783410138,0.6441683563748081,0.5481892473118279,17.191443932411676,False,False,False,medium
Chandrapur,Maize,Rabi,2022,1291.87,2553.95,1.98,2.18,0.4386578417984115,0.5604651112159035,0.2989094557018986,5,23.71832841781874,16.194142857142857,32.277924423963135,0.1238709677419354,1.56828509984639,49.689309370199695,0.6166709677419354,0.4041324116743472,18.092882488479265,False,False,False,medium
Chandrapur,Maize,Summer,2020,22.0,14.96,0.68,,0.2818025332257989,0.2860663761518959,0.2775386902997021,2,34.83243010752688,27.22884946236559,42.34215053763441,0.9111720430107528,1.9469516129032256,30.32278494623656,0.5853817204301075,0.2994892473118279,23.87155376344086,False,False,False,low
Chandrapur,Maize,Summer,2021,22.0,14.96,0.68,0.68,0.2423450750802579,0.2523786008049037,0.2323115493556122,2,34.20036559139785,27.218951612903226,41.155741935483874,0.4986075268817205,2.234204301075269,31.205440860215056,0.5832365591397849,0.2636774193548387,21.675236559139783,False,False,False,low
Chandrapur,Maize,Summer,2022,36.47,24.8,0.68,0.68,0.2474037579717787,0.2497810219189616,0.2450264940245959,2,36.007575268817206,28.71889247311828,43.32718279569893,0.234263440860215,2.399865591397849,26.903059139784943,0.5812903225806452,0.176774193548387,22.81053225806452,False,False,False,low
Chandrapur,Moong(Green Gram),Kharif,2020,65.33,22.18,0.34,,0.4984049897311257,0.6388914395865994,0.3163705340279441,5,27.264920430107527,24.01083010752688,31.034202150537634,7.199273118279569,1.962296774193548,82.6221440860215,0.8530215053763441,0.8619182795698924,15.797197849462368,False,False,False,medium
Chandrapur,Moong(Green Gram),Kharif,2021,25.94,12.82,0.49,0.34,0.4838955932379492,0.6472163021275702,0.2837371365539671,5,27.10337634408602,23.81338064516129,30.89287956989247,7.663713978494623,2.158010752688172,82.43915913978495,0.8507569892473118,0.8564150537634407,16.100322580645162,False,False,False,medium
Chandrapur,Moong(Green Gram),Kharif,2022,16.5,6.25,0.38,0.49,0.4911502914845374,0.6142285366601414,0.3000538352909556,5,27.32986451612903,23.993675268817203,31.140744086021503,10.352922580645162,2.236165591397849,80.71606021505377,0.8641870967741936,0.8373139784946236,15.79590752688172,True,False,True,medium
Chandrapur,Moong(Green Gram),Summer,2021,1280.9,235.93,0.18,,0.2423450750802579,0.2523786008049037,0.2323115493556122,2,34.20036559139785,27.218951612903226,41.155741935483874,0.4986075268817205,2.234204301075269,31.205440860215056,0.5832365591397849,0.2636774193548387,21.675236559139783,False,False,False,low
Chandrapur,Moong(Green Gram),Summer,2022,253.8,46.75,0.18,0.18,0.2474037579717787,0.2497810219189616,0.2450264940245959,2,36.007575268817206,28.71889247311828,43.32718279569893,0.234263440860215,2.399865591397849,26.903059139784943,0.5812903225806452,0.176774193548387,22.81053225806452,False,False,False,low
Chandrapur,Other  Rabi pulses,Rabi,2020,35264.0,18513.6,0.53,,0.4311610892314793,0.5736842582504251,0.2812724382664843,5,23.82007281105991,16.38131674347158,32.50762933947773,0.0976668202764976,1.5947525345622118,48.24111628264208,0.6140357910906299,0.3971301075268817,17.938219354838708,False,False,False,medium
Chandrapur,Other  Rabi pulses,Rabi,2021,31453.8,16513.25,0.53,0.53,0.4490590107083448,0.5038943839989038,0.3228473094958528,5,23.090353149001537,16.27724362519201,30.8318133640553,1.4777761904761904,1.609151920122888,58.49600783410138,0.6441683563748081,0.5481892473118279,17.191443932411676,False,False,False,medium
Chandrapur,Other  Rabi pulses,Rabi,2022,26754.7,12976.03,0.49,0.53,0.4386578417984115,0.5604651112159035,0.2989094557018986,5,23.71832841781874,16.194142857142857,32.277924423963135,0.1238709677419354,1.56828509984639,49.689309370199695,0.6166709677419354,0.4041324116743472,18.092882488479265,False,False,False,medium
Chandrapur,Other Cereals,Kharif,2020,46.5,17.07,0.37,,0.4984049897311257,0.6388914395865994,0.3163705340279441,5,27.264920430107527,24.01083010752688,31.034202150537634,7.199273118279569,1.962296774193548,82.6221440860215,0.8530215053763441,0.8619182795698924,15.797197849462368,False,False,False,medium
Chandrapur,Other Cereals,Kharif,2021,866.4,360.42,0.42,0.37,0.4838955932379492,0.6472163021275702,0.2837371365539671,5,27.10337634408602,23.81338064516129,30.89287956989247,7.663713978494623,2.158010752688172,82.43915913978495,0.8507569892473118,0.8564150537634407,16.100322580645162,False,False,False,medium
Chandrapur,Other Cereals,Kharif,2022,728.0,291.2,0.4,0.42,0.4911502914845374,0.6142285366601414,0.3000538352909556,5,27.32986451612903,23.993675268817203,31.140744086021503,10.352922580645162,2.236165591397849,80.71606021505377,0.8641870967741936,0.8373139784946236,15.79590752688172,True,False,True,medium
Chandrapur,Other Cereals,Rabi,2020,218.0,68.25,0.31,,0.4311610892314793,0.5736842582504251,0.2812724382664843,5,23.82007281105991,16.38131674347158,32.50762933947773,0.0976668202764976,1.5947525345622118,48.24111628264208,0.6140357910906299,0.3971301075268817,17.938219354838708,False,False,False,medium
Chandrapur,Other Cereals,Rabi,2021,1028.8,321.25,0.31,0.31,0.4490590107083448,0.5038943839989038,0.3228473094958528,5,23.090353149001537,16.27724362519201,30.8318133640553,1.4777761904761904,1.609151920122888,58.49600783410138,0.6441683563748081,0.5481892473118279,17.191443932411676,False,False,False,medium
Chandrapur,Other Cereals,Rabi,2022,579.0,231.76,0.4,0.31,0.4386578417984115,0.5604651112159035,0.2989094557018986,5,23.71832841781874,16.194142857142857,32.277924423963135,0.1238709677419354,1.56828509984639,49.689309370199695,0.6166709677419354,0.4041324116743472,18.092882488479265,False,False,False,medium
Chandrapur,Other Cereals,Summer,2021,23.2,14.25,0.61,,0.2423450750802579,0.2523786008049037,0.2323115493556122,2,34.20036559139785,27.218951612903226,41.155741935483874,0.4986075268817205,2.234204301075269,31.205440860215056,0.5832365591397849,0.2636774193548387,21.675236559139783,False,False,False,low
Chandrapur,Other Cereals,Summer,2022,128.2,24.17,0.19,0.61,0.2474037579717787,0.2497810219189616,0.2450264940245959,2,36.007575268817206,28.71889247311828,43.32718279569893,0.234263440860215,2.399865591397849,26.903059139784943,0.5812903225806452,0.176774193548387,22.81053225806452,False,False,False,low
Chandrapur,Other Kharif pulses,Kharif,2020,1044.3,1494.39,1.43,,0.4984049897311257,0.6388914395865994,0.3163705340279441,5,27.264920430107527,24.01083010752688,31.034202150537634,7.199273118279569,1.962296774193548,82.6221440860215,0.8530215053763441,0.8619182795698924,15.797197849462368,False,False,False,medium
Chandrapur,Other Kharif pulses,Kharif,2021,1404.0,509.65,0.36,1.43,0.4838955932379492,0.6472163021275702,0.2837371365539671,5,27.10337634408602,23.81338064516129,30.89287956989247,7.663713978494623,2.158010752688172,82.43915913978495,0.8507569892473118,0.8564150537634407,16.100322580645162,False,False,False,medium
Chandrapur,Other Kharif pulses,Kharif,2022,1424.44,920.47,0.65,0.36,0.4911502914845374,0.6142285366601414,0.3000538352909556,5,27.32986451612903,23.993675268817203,31.140744086021503,10.352922580645162,2.236165591397849,80.71606021505377,0.8641870967741936,0.8373139784946236,15.79590752688172,True,False,True,medium
Chandrapur,Other Summer Pulses,Summer,2020,1942.0,699.9,0.36,,0.2818025332257989,0.2860663761518959,0.2775386902997021,2,34.83243010752688,27.22884946236559,42.34215053763441,0.9111720430107528,1.9469516129032256,30.32278494623656,0.5853817204301075,0.2994892473118279,23.87155376344086,False,False,False,low
Chandrapur,Other Summer Pulses,Summer,2021,2.6,0.94,0.36,0.36,0.2423450750802579,0.2523786008049037,0.2323115493556122,2,34.20036559139785,27.218951612903226,41.155741935483874,0.4986075268817205,2.234204301075269,31.205440860215056,0.5832365591397849,0.2636774193548387,21.675236559139783,False,False,False,low
Chandrapur,Other Summer Pulses,Summer,2022,8.1,3.23,0.4,0.36,0.2474037579717787,0.2497810219189616,0.2450264940245959,2,36.007575268817206,28.71889247311828,43.32718279569893,0.234263440860215,2.399865591397849,26.903059139784943,0.5812903225806452,0.176774193548387,22.81053225806452,False,False,False,low
Chandrapur,Rice,Kharif,2020,142764.59,194685.78,1.36,,0.4984049897311257,0.6388914395865994,0.3163705340279441,5,27.264920430107527,24.01083010752688,31.034202150537634,7.199273118279569,1.962296774193548,82.6221440860215,0.8530215053763441,0.8619182795698924,15.797197849462368,False,False,False,medium
Chandrapur,Rice,Kharif,2021,143676.03,249044.55,1.73,1.36,0.4838955932379492,0.6472163021275702,0.2837371365539671,5,27.10337634408602,23.81338064516129,30.89287956989247,7.663713978494623,2.158010752688172,82.43915913978495,0.8507569892473118,0.8564150537634407,16.100322580645162,False,False,False,medium
Chandrapur,Rice,Kharif,2022,149246.85,248433.75,1.66,1.73,0.4911502914845374,0.6142285366601414,0.3000538352909556,5,27.32986451612903,23.993675268817203,31.140744086021503,10.352922580645162,2.236165591397849,80.71606021505377,0.8641870967741936,0.8373139784946236,15.79590752688172,True,False,True,medium
Chandrapur,Rice,Summer,2020,5208.0,10526.86,2.02,,0.2818025332257989,0.2860663761518959,0.2775386902997021,2,34.83243010752688,27.22884946236559,42.34215053763441,0.9111720430107528,1.9469516129032256,30.32278494623656,0.5853817204301075,0.2994892473118279,23.87155376344086,False,False,False,low
Chandrapur,Rice,Summer,2021,5728.8,11520.79,2.01,2.02,0.2423450750802579,0.2523786008049037,0.2323115493556122,2,34.20036559139785,27.218951612903226,41.155741935483874,0.4986075268817205,2.234204301075269,31.205440860215056,0.5832365591397849,0.2636774193548387,21.675236559139783,False,False,False,low
Chandrapur,Rice,Summer,2022,10311.84,22335.76,2.17,2.01,0.2474037579717787,0.2497810219189616,0.2450264940245959,2,36.007575268817206,28.71889247311828,43.32718279569893,0.234263440860215,2.399865591397849,26.903059139784943,0.5812903225806452,0.176774193548387,22.81053225806452,False,False,False,low
Chandrapur,Safflower,Rabi,2020,384.0,265.69,0.69,,0.4311610892314793,0.5736842582504251,0.2812724382664843,5,23.82007281105991,16.38131674347158,32.50762933947773,0.0976668202764976,1.5947525345622118,48.24111628264208,0.6140357910906299,0.3971301075268817,17.938219354838708,False,False,False,medium
Chandrapur,Safflower,Rabi,2021,2286.2,1878.8,0.82,0.69,0.4490590107083448,0.5038943839989038,0.3228473094958528,5,23.090353149001537,16.27724362519201,30.8318133640553,1.4777761904761904,1.609151920122888,58.49600783410138,0.6441683563748081,0.5481892473118279,17.191443932411676,False,False,False,medium
Chandrapur,Safflower,Rabi,2022,911.5,798.42,0.88,0.82,0.4386578417984115,0.5604651112159035,0.2989094557018986,5,23.71832841781874,16.194142857142857,32.277924423963135,0.1238709677419354,1.56828509984639,49.689309370199695,0.6166709677419354,0.4041324116743472,18.092882488479265,False,False,False,medium
Chandrapur,Sesamum,Kharif,2020,145.37,28.84,0.2,,0.4984049897311257,0.6388914395865994,0.3163705340279441,5,27.264920430107527,24.01083010752688,31.034202150537634,7.199273118279569,1.962296774193548,82.6221440860215,0.8530215053763441,0.8619182795698924,15.797197849462368,False,False,False,medium
Chandrapur,Sesamum,Kharif,2021,144.34,19.73,0.14,0.2,0.4838955932379492,0.6472163021275702,0.2837371365539671,5,27.10337634408602,23.81338064516129,30.89287956989247,7.663713978494623,2.158010752688172,82.43915913978495,0.8507569892473118,0.8564150537634407,16.100322580645162,False,False,False,medium
Chandrapur,Sesamum,Kharif,2022,146.88,32.7,0.22,0.14,0.4911502914845374,0.6142285366601414,0.3000538352909556,5,27.32986451612903,23.993675268817203,31.140744086021503,10.352922580645162,2.236165591397849,80.71606021505377,0.8641870967741936,0.8373139784946236,15.79590752688172,True,False,True,medium
Chandrapur,Sesamum,Rabi,2020,15.0,5.25,0.35,,0.4311610892314793,0.5736842582504251,0.2812724382664843,5,23.82007281105991,16.38131674347158,32.50762933947773,0.0976668202764976,1.5947525345622118,48.24111628264208,0.6140357910906299,0.3971301075268817,17.938219354838708,False,False,False,medium
Chandrapur,Sesamum,Rabi,2021,42.0,20.48,0.49,0.35,0.4490590107083448,0.5038943839989038,0.3228473094958528,5,23.090353149001537,16.27724362519201,30.8318133640553,1.4777761904761904,1.609151920122888,58.49600783410138,0.6441683563748081,0.5481892473118279,17.191443932411676,False,False,False,medium
Chandrapur,Sesamum,Rabi,2022,42.0,14.07,0.34,0.49,0.4386578417984115,0.5604651112159035,0.2989094557018986,5,23.71832841781874,16.194142857142857,32.277924423963135,0.1238709677419354,1.56828509984639,49.689309370199695,0.6166709677419354,0.4041324116743472,18.092882488479265,False,False,False,medium
Chandrapur,Sesamum,Summer,2020,21.0,4.2,0.2,,0.2818025332257989,0.2860663761518959,0.2775386902997021,2,34.83243010752688,27.22884946236559,42.34215053763441,0.9111720430107528,1.9469516129032256,30.32278494623656,0.5853817204301075,0.2994892473118279,23.87155376344086,False,False,False,low
Chandrapur,Sesamum,Summer,2021,21.3,4.26,0.2,0.2,0.2423450750802579,0.2523786008049037,0.2323115493556122,2,34.20036559139785,27.218951612903226,41.155741935483874,0.4986075268817205,2.234204301075269,31.205440860215056,0.5832365591397849,0.2636774193548387,21.675236559139783,False,False,False,low
Chandrapur,Sesamum,Summer,2022,16.0,3.0,0.19,0.2,0.2474037579717787,0.2497810219189616,0.2450264940245959,2,36.007575268817206,28.71889247311828,43.32718279569893,0.234263440860215,2.399865591397849,26.903059139784943,0.5812903225806452,0.176774193548387,22.81053225806452,False,False,False,low
Chandrapur,Soyabean,Kharif,2020,81447.19,69731.09,0.86,,0.4984049897311257,0.6388914395865994,0.3163705340279441,5,27.264920430107527,24.01083010752688,31.034202150537634,7.199273118279569,1.962296774193548,82.6221440860215,0.8530215053763441,0.8619182795698924,15.797197849462368,False,False,False,medium
Chandrapur,Soyabean,Kharif,2021,82220.33,120691.23,1.47,0.86,0.4838955932379492,0.6472163021275702,0.2837371365539671,5,27.10337634408602,23.81338064516129,30.89287956989247,7.663713978494623,2.158010752688172,82.43915913978495,0.8507569892473118,0.8564150537634407,16.100322580645162,False,False,False,medium
Chandrapur,Soyabean,Kharif,2022,87901.0,109454.0,1.25,1.47,0.4911502914845374,0.6142285366601414,0.3000538352909556,5,27.32986451612903,23.993675268817203,31.140744086021503,10.352922580645162,2.236165591397849,80.71606021505377,0.8641870967741936,0.8373139784946236,15.79590752688172,True,False,True,medium
Chandrapur,Soyabean,Summer,2021,571.3,342.78,0.6,,0.2423450750802579,0.2523786008049037,0.2323115493556122,2,34.20036559139785,27.218951612903226,41.155741935483874,0.4986075268817205,2.234204301075269,31.205440860215056,0.5832365591397849,0.2636774193548387,21.675236559139783,False,False,False,low
Chandrapur,Soyabean,Summer,2022,257.3,154.38,0.6,0.6,0.2474037579717787,0.2497810219189616,0.2450264940245959,2,36.007575268817206,28.71889247311828,43.32718279569893,0.234263440860215,2.399865591397849,26.903059139784943,0.5812903225806452,0.176774193548387,22.81053225806452,False,False,False,low
Chandrapur,Sugarcane,Whole Year,2022,18.0,1080.0,60.0,,0.3730108423266771,0.6142285366601414,0.20171800959583375,12,26.96691417050691,21.346605990783413,33.23239445724527,4.89013972094214,1.985811507936508,61.68986795954941,0.7216651305683565,0.596818100358423,17.86523067076293,True,False,True,high
Chandrapur,Urad,Kharif,2020,81.0,23.65,0.29,,0.4984049897311257,0.6388914395865994,0.3163705340279441,5,27.264920430107527,24.01083010752688,31.034202150537634,7.199273118279569,1.962296774193548,82.6221440860215,0.8530215053763441,0.8619182795698924,15.797197849462368,False,False,False,medium
Chandrapur,Urad,Kharif,2021,18.2,7.21,0.4,0.29,0.4838955932379492,0.6472163021275702,0.2837371365539671,5,27.10337634408602,23.81338064516129,30.89287956989247,7.663713978494623,2.158010752688172,82.43915913978495,0.8507569892473118,0.8564150537634407,16.100322580645162,False,False,False,medium
Chandrapur,Urad,Kharif,2022,3.2,1.48,0.46,0.4,0.4911502914845374,0.6142285366601414,0.3000538352909556,5,27.32986451612903,23.993675268817203,31.140744086021503,10.352922580645162,2.236165591397849,80.71606021505377,0.8641870967741936,0.8373139784946236,15.79590752688172,True,False,True,medium
Chandrapur,Urad,Summer,2021,5.0,2.7,0.54,,0.2423450750802579,0.2523786008049037,0.2323115493556122,2,34.20036559139785,27.218951612903226,41.155741935483874,0.4986075268817205,2.234204301075269,31.205440860215056,0.5832365591397849,0.2636774193548387,21.675236559139783,False,False,False,low
Chandrapur,Wheat,Rabi,2020,18162.18,20166.74,1.11,,0.4311610892314793,0.5736842582504251,0.2812724382664843,5,23.82007281105991,16.38131674347158,32.50762933947773,0.0976668202764976,1.5947525345622118,48.24111628264208,0.6140357910906299,0.3971301075268817,17.938219354838708,False,False,False,medium
Chandrapur,Wheat,Rabi,2021,18463.38,23990.02,1.3,1.11,0.4490590107083448,0.5038943839989038,0.3228473094958528,5,23.090353149001537,16.27724362519201,30.8318133640553,1.4777761904761904,1.609151920122888,58.49600783410138,0.6441683563748081,0.5481892473118279,17.191443932411676,False,False,False,medium
Chandrapur,Wheat,Rabi,2022,19718.22,29963.81,1.52,1.3,0.4386578417984115,0.5604651112159035,0.2989094557018986,5,23.71832841781874,16.194142857142857,32.277924423963135,0.1238709677419354,1.56828509984639,49.689309370199695,0.6166709677419354,0.4041324116743472,18.092882488479265,False,False,False,medium
Chandrapur,other oilseeds,Kharif,2022,11.5,4.49,0.39,,0.4009920640763048,0.6142285366601414,0.2492406248839314,5,27.32986451612903,23.993675268817203,31.140744086021503,10.352922580645162,2.236165591397849,80.71606021505377,0.8641870967741936,0.8373139784946236,15.79590752688172,True,False,True,medium
Chandrapur,other oilseeds,Rabi,2020,450.0,94.5,0.21,,0.4311610892314793,0.5736842582504251,0.2812724382664843,5,23.82007281105991,16.38131674347158,32.50762933947773,0.0976668202764976,1.5947525345622118,48.24111628264208,0.6140357910906299,0.3971301075268817,17.938219354838708,False,False,False,medium
Chandrapur,other oilseeds,Rabi,2021,1283.6,269.56,0.21,0.21,0.4490590107083448,0.5038943839989038,0.3228473094958528,5,23.090353149001537,16.27724362519201,30.8318133640553,1.4777761904761904,1.609151920122888,58.49600783410138,0.6441683563748081,0.5481892473118279,17.191443932411676,False,False,False,medium
Chandrapur,other oilseeds,Rabi,2022,2954.0,738.5,0.25,0.21,0.4386578417984115,0.5604651112159035,0.2989094557018986,5,23.71832841781874,16.194142857142857,32.277924423963135,0.1238709677419354,1.56828509984639,49.689309370199695,0.6166709677419354,0.4041324116743472,18.092882488479265,False,False,False,medium
Chandrapur,other oilseeds,Summer,2020,201.0,110.55,0.55,,0.2818025332257989,0.2860663761518959,0.2775386902997021,2,34.83243010752688,27.22884946236559,42.34215053763441,0.9111720430107528,1.9469516129032256,30.32278494623656,0.5853817204301075,0.2994892473118279,23.87155376344086,False,False,False,low
Chandrapur,other oilseeds,Summer,2021,10.4,9.21,0.89,0.55,0.2423450750802579,0.2523786008049037,0.2323115493556122,2,34.20036559139785,27.218951612903226,41.155741935483874,0.4986075268817205,2.234204301075269,31.205440860215056,0.5832365591397849,0.2636774193548387,21.675236559139783,False,False,False,low
Chandrapur,other oilseeds,Summer,2022,1.0,0.55,0.55,0.89,0.2474037579717787,0.2497810219189616,0.2450264940245959,2,36.007575268817206,28.71889247311828,43.32718279569893,0.234263440860215,2.399865591397849,26.903059139784943,0.5812903225806452,0.176774193548387,22.81053225806452,False,False,False,low
Chhatrapati Sambhajinagar,Arhar/Tur,Kharif,2020,40863.31,28337.08,0.69,,0.4483497192070821,0.676349343127131,0.1666202471118283,5,25.47366021505376,22.22800860215054,29.50941075268817,7.544356989247312,2.4885118279569896,82.94974623655915,0.8543956989247311,0.864458064516129,16.70028387096774,False,False,False,medium
Chhatrapati Sambhajinagar,Arhar/Tur,Kharif,2021,40863.31,25200.4,0.62,0.69,0.4542927264825543,0.6520462893077795,0.1772190131377022,5,25.614673118279576,21.934638709677422,30.33091182795699,5.809797849462366,2.876711827956989,79.03306451612903,0.7599849462365593,0.7792365591397848,16.508006451612903,False,False,False,medium
Chhatrapati Sambhajinagar,Arhar/Tur,Kharif,2022,32605.0,19674.0,0.6,0.62,0.45132122284481824,0.5952848209990033,0.17191963012476524,5,25.309113978494626,21.74758064516129,29.74893548387096,5.987864516129032,3.0509892473118283,80.0451935483871,0.8163612903225808,0.8050795698924731,16.306206451612905,True,False,True,medium
Chhatrapati Sambhajinagar,Bajra,Kharif,2020,58339.77,94599.74,1.62,,0.4483497192070821,0.676349343127131,0.1666202471118283,5,25.47366021505376,22.22800860215054,29.50941075268817,7.544356989247312,2.4885118279569896,82.94974623655915,0.8543956989247311,0.864458064516129,16.70028387096774,False,False,False,medium
Chhatrapati Sambhajinagar,Bajra,Kharif,2021,58339.77,34805.51,0.6,1.62,0.4542927264825543,0.6520462893077795,0.1772190131377022,5,25.614673118279576,21.934638709677422,30.33091182795699,5.809797849462366,2.876711827956989,79.03306451612903,0.7599849462365593,0.7792365591397848,16.508006451612903,False,False,False,medium
Chhatrapati Sambhajinagar,Bajra,Kharif,2022,16599.0,14484.0,0.87,0.6,0.45132122284481824,0.5952848209990033,0.17191963012476524,5,25.309113978494626,21.74758064516129,29.74893548387096,5.987864516129032,3.0509892473118283,80.0451935483871,0.8163612903225808,0.8050795698924731,16.306206451612905,True,False,True,medium
Chhatrapati Sambhajinagar,Bajra,Summer,2021,3007.0,2255.25,0.75,,0.197389847912295,0.2154725655966706,0.1793071302279195,2,31.374333333333333,24.30338172043011,38.34197311827957,0.7231935483870968,2.721327956989247,34.750086021505375,0.5956451612903226,0.2723225806451613,22.74377419354839,False,False,False,low
Chhatrapati Sambhajinagar,Bajra,Summer,2022,7024.5,6392.3,0.91,0.75,0.2390418458014025,0.2642559204092166,0.2138277711935886,2,32.90847849462366,24.723274193548384,40.95710752688172,0.0374354838709677,3.205387096774194,26.97506989247312,0.59,0.1355698924731183,24.541252688172044,False,False,False,low
Chhatrapati Sambhajinagar,Cotton(lint),Kharif,2020,454600.0,840100.0,1.85,,0.4483497192070821,0.676349343127131,0.1666202471118283,5,25.47366021505376,22.22800860215054,29.50941075268817,7.544356989247312,2.4885118279569896,82.94974623655915,0.8543956989247311,0.864458064516129,16.70028387096774,False,False,False,medium
Chhatrapati Sambhajinagar,Cotton(lint),Kharif,2021,454600.0,498700.0,1.1,1.85,0.4542927264825543,0.6520462893077795,0.1772190131377022,5,25.614673118279576,21.934638709677422,30.33091182795699,5.809797849462366,2.876711827956989,79.03306451612903,0.7599849462365593,0.7792365591397848,16.508006451612903,False,False,False,medium
Chhatrapati Sambhajinagar,Cotton(lint),Kharif,2022,400404.99,452630.51,1.13,1.1,0.45132122284481824,0.5952848209990033,0.17191963012476524,5,25.309113978494626,21.74758064516129,29.74893548387096,5.987864516129032,3.0509892473118283,80.0451935483871,0.8163612903225808,0.8050795698924731,16.306206451612905,True,False,True,medium
Chhatrapati Sambhajinagar,Gram,Rabi,2020,67451.19,38999.78,0.58,,0.3807211723848013,0.4748234892099104,0.3119937785084581,5,22.64851044546851,15.790939784946236,30.515770814132104,0.1526136712749616,1.596316743471582,51.42913333333335,0.6687390168970814,0.5438850998463901,17.91690168970814,False,False,False,medium
Chhatrapati Sambhajinagar,Gram,Rabi,2021,67451.19,54669.86,0.81,0.58,0.3998992582925255,0.4371183526834348,0.3559953965038642,5,22.196676344086026,15.510888479262672,30.02824946236559,0.1863311827956989,1.8301923195084484,53.76166912442396,0.6493843317972351,0.5070268817204302,17.077683102918588,False,False,False,medium
Chhatrapati Sambhajinagar,Gram,Rabi,2022,64781.93,44529.8,0.69,0.81,0.4163325034898789,0.4950581637397127,0.3466310466338722,5,21.944201228878647,14.92241459293395,30.280729339477727,0.2715483870967742,1.6819179723502304,50.85180337941628,0.6553119815668202,0.5327018433179724,18.437297388632874,False,False,False,medium
Chhatrapati Sambhajinagar,Groundnut,Kharif,2020,9722.72,4261.19,0.44,,0.4483497192070821,0.676349343127131,0.1666202471118283,5,25.47366021505376,22.22800860215054,29.50941075268817,7.544356989247312,2.4885118279569896,82.94974623655915,0.8543956989247311,0.864458064516129,16.70028387096774,False,False,False,medium
Chhatrapati Sambhajinagar,Groundnut,Kharif,2021,9722.72,5850.16,0.6,0.44,0.4542927264825543,0.6520462893077795,0.1772190131377022,5,25.614673118279576,21.934638709677422,30.33091182795699,5.809797849462366,2.876711827956989,79.03306451612903,0.7599849462365593,0.7792365591397848,16.508006451612903,False,False,False,medium
Chhatrapati Sambhajinagar,Groundnut,Kharif,2022,5954.93,6580.36,1.11,0.6,0.45132122284481824,0.5952848209990033,0.17191963012476524,5,25.309113978494626,21.74758064516129,29.74893548387096,5.987864516129032,3.0509892473118283,80.0451935483871,0.8163612903225808,0.8050795698924731,16.306206451612905,True,False,True,medium
Chhatrapati Sambhajinagar,Groundnut,Summer,2020,1302.0,1707.05,1.31,,0.2245367127104716,0.2514230592950799,0.1976503661258634,2,32.61831720430108,24.559639784946235,40.397236559139785,0.2143064516129032,2.743849462365591,28.243446236559137,0.5946129032258065,0.2506344086021505,25.480252688172044,False,False,False,low
Chhatrapati Sambhajinagar,Groundnut,Summer,2021,1302.0,1577.37,1.21,1.31,0.197389847912295,0.2154725655966706,0.1793071302279195,2,31.374333333333333,24.30338172043011,38.34197311827957,0.7231935483870968,2.721327956989247,34.750086021505375,0.5956451612903226,0.2723225806451613,22.74377419354839,False,False,False,low
Chhatrapati Sambhajinagar,Groundnut,Summer,2022,781.0,1194.0,1.53,1.21,0.2390418458014025,0.2642559204092166,0.2138277711935886,2,32.90847849462366,24.723274193548384,40.95710752688172,0.0374354838709677,3.205387096774194,26.97506989247312,0.59,0.1355698924731183,24.541252688172044,False,False,False,low
Chhatrapati Sambhajinagar,Jowar,Kharif,2020,985.41,1452.83,1.47,,0.4483497192070821,0.676349343127131,0.1666202471118283,5,25.47366021505376,22.22800860215054,29.50941075268817,7.544356989247312,2.4885118279569896,82.94974623655915,0.8543956989247311,0.864458064516129,16.70028387096774,False,False,False,medium
Chhatrapati Sambhajinagar,Jowar,Kharif,2021,985.41,392.69,0.4,1.47,0.4542927264825543,0.6520462893077795,0.1772190131377022,5,25.614673118279576,21.934638709677422,30.33091182795699,5.809797849462366,2.876711827956989,79.03306451612903,0.7599849462365593,0.7792365591397848,16.508006451612903,False,False,False,medium
Chhatrapati Sambhajinagar,Jowar,Kharif,2022,447.84,342.33,0.76,0.4,0.45132122284481824,0.5952848209990033,0.17191963012476524,5,25.309113978494626,21.74758064516129,29.74893548387096,5.987864516129032,3.0509892473118283,80.0451935483871,0.8163612903225808,0.8050795698924731,16.306206451612905,True,False,True,medium
Chhatrapati Sambhajinagar,Jowar,Rabi,2020,58474.16,41987.06,0.72,,0.3807211723848013,0.4748234892099104,0.3119937785084581,5,22.64851044546851,15.790939784946236,30.515770814132104,0.1526136712749616,1.596316743471582,51.42913333333335,0.6687390168970814,0.5438850998463901,17.91690168970814,False,False,False,medium
Chhatrapati Sambhajinagar,Jowar,Rabi,2021,58474.16,43690.14,0.75,0.72,0.3998992582925255,0.4371183526834348,0.3559953965038642,5,22.196676344086026,15.510888479262672,30.02824946236559,0.1863311827956989,1.8301923195084484,53.76166912442396,0.6493843317972351,0.5070268817204302,17.077683102918588,False,False,False,medium
Chhatrapati Sambhajinagar,Jowar,Rabi,2022,28389.15,19599.87,0.69,0.75,0.4163325034898789,0.4950581637397127,0.3466310466338722,5,21.944201228878647,14.92241459293395,30.280729339477727,0.2715483870967742,1.6819179723502304,50.85180337941628,0.6553119815668202,0.5327018433179724,18.437297388632874,False,False,False,medium
Chhatrapati Sambhajinagar,Jowar,Summer,2021,206.0,171.27,0.83,,0.197389847912295,0.2154725655966706,0.1793071302279195,2,31.374333333333333,24.30338172043011,38.34197311827957,0.7231935483870968,2.721327956989247,34.750086021505375,0.5956451612903226,0.2723225806451613,22.74377419354839,False,False,False,low
Chhatrapati Sambhajinagar,Jowar,Summer,2022,59.0,47.2,0.8,0.83,0.2390418458014025,0.2642559204092166,0.2138277711935886,2,32.90847849462366,24.723274193548384,40.95710752688172,0.0374354838709677,3.205387096774194,26.97506989247312,0.59,0.1355698924731183,24.541252688172044,False,False,False,low
Chhatrapati Sambhajinagar,Linseed,Rabi,2022,18.2,6.89,0.38,,0.4163325034898789,0.4950581637397127,0.3466310466338722,5,21.944201228878647,14.92241459293395,30.280729339477727,0.2715483870967742,1.6819179723502304,50.85180337941628,0.6553119815668202,0.5327018433179724,18.437297388632874,False,False,False,medium
Chhatrapati Sambhajinagar,Maize,Kharif,2020,47147.75,165102.0,3.5,,0.4483497192070821,0.676349343127131,0.1666202471118283,5,25.47366021505376,22.22800860215054,29.50941075268817,7.544356989247312,2.4885118279569896,82.94974623655915,0.8543956989247311,0.864458064516129,16.70028387096774,False,False,False,medium
Chhatrapati Sambhajinagar,Maize,Kharif,2021,47147.75,91655.23,1.94,3.5,0.4542927264825543,0.6520462893077795,0.1772190131377022,5,25.614673118279576,21.934638709677422,30.33091182795699,5.809797849462366,2.876711827956989,79.03306451612903,0.7599849462365593,0.7792365591397848,16.508006451612903,False,False,False,medium
Chhatrapati Sambhajinagar,Maize,Kharif,2022,58259.0,122046.0,2.09,1.94,0.45132122284481824,0.5952848209990033,0.17191963012476524,5,25.309113978494626,21.74758064516129,29.74893548387096,5.987864516129032,3.0509892473118283,80.0451935483871,0.8163612903225808,0.8050795698924731,16.306206451612905,True,False,True,medium
Chhatrapati Sambhajinagar,Maize,Rabi,2020,42345.0,130021.36,3.07,,0.3807211723848013,0.4748234892099104,0.3119937785084581,5,22.64851044546851,15.790939784946236,30.515770814132104,0.1526136712749616,1.596316743471582,51.42913333333335,0.6687390168970814,0.5438850998463901,17.91690168970814,False,False,False,medium
Chhatrapati Sambhajinagar,Maize,Rabi,2021,42345.0,134796.84,3.18,3.07,0.3998992582925255,0.4371183526834348,0.3559953965038642,5,22.196676344086026,15.510888479262672,30.02824946236559,0.1863311827956989,1.8301923195084484,53.76166912442396,0.6493843317972351,0.5070268817204302,17.077683102918588,False,False,False,medium
Chhatrapati Sambhajinagar,Maize,Rabi,2022,41741.0,91980.47,2.2,3.18,0.4163325034898789,0.4950581637397127,0.3466310466338722,5,21.944201228878647,14.92241459293395,30.280729339477727,0.2715483870967742,1.6819179723502304,50.85180337941628,0.6553119815668202,0.5327018433179724,18.437297388632874,False,False,False,medium
Chhatrapati Sambhajinagar,Maize,Summer,2020,9750.0,8970.0,0.92,,0.2245367127104716,0.2514230592950799,0.1976503661258634,2,32.61831720430108,24.559639784946235,40.397236559139785,0.2143064516129032,2.743849462365591,28.243446236559137,0.5946129032258065,0.2506344086021505,25.480252688172044,False,False,False,low
Chhatrapati Sambhajinagar,Maize,Summer,2021,9750.0,8970.0,0.92,0.92,0.197389847912295,0.2154725655966706,0.1793071302279195,2,31.374333333333333,24.30338172043011,38.34197311827957,0.7231935483870968,2.721327956989247,34.750086021505375,0.5956451612903226,0.2723225806451613,22.74377419354839,False,False,False,low
Chhatrapati Sambhajinagar,Maize,Summer,2022,9847.5,11462.49,1.16,0.92,0.2390418458014025,0.2642559204092166,0.2138277711935886,2,32.90847849462366,24.723274193548384,40.95710752688172,0.0374354838709677,3.205387096774194,26.97506989247312,0.59,0.1355698924731183,24.541252688172044,False,False,False,low
Chhatrapati Sambhajinagar,Moong(Green Gram),Kharif,2020,9911.95,4626.64,0.47,,0.4483497192070821,0.676349343127131,0.1666202471118283,5,25.47366021505376,22.22800860215054,29.50941075268817,7.544356989247312,2.4885118279569896,82.94974623655915,0.8543956989247311,0.864458064516129,16.70028387096774,False,False,False,medium
Chhatrapati Sambhajinagar,Moong(Green Gram),Kharif,2021,9911.95,2576.12,0.26,0.47,0.4542927264825543,0.6520462893077795,0.1772190131377022,5,25.614673118279576,21.934638709677422,30.33091182795699,5.809797849462366,2.876711827956989,79.03306451612903,0.7599849462365593,0.7792365591397848,16.508006451612903,False,False,False,medium
Chhatrapati Sambhajinagar,Moong(Green Gram),Kharif,2022,11137.24,5477.3,0.49,0.26,0.45132122284481824,0.5952848209990033,0.17191963012476524,5,25.309113978494626,21.74758064516129,29.74893548387096,5.987864516129032,3.0509892473118283,80.0451935483871,0.8163612903225808,0.8050795698924731,16.306206451612905,True,False,True,medium
Chhatrapati Sambhajinagar,Moong(Green Gram),Summer,2021,21.0,3.87,0.18,,0.197389847912295,0.2154725655966706,0.1793071302279195,2,31.374333333333333,24.30338172043011,38.34197311827957,0.7231935483870968,2.721327956989247,34.750086021505375,0.5956451612903226,0.2723225806451613,22.74377419354839,False,False,False,low
Chhatrapati Sambhajinagar,Moong(Green Gram),Summer,2022,3.0,0.58,0.19,0.18,0.2390418458014025,0.2642559204092166,0.2138277711935886,2,32.90847849462366,24.723274193548384,40.95710752688172,0.0374354838709677,3.205387096774194,26.97506989247312,0.59,0.1355698924731183,24.541252688172044,False,False,False,low
Chhatrapati Sambhajinagar,Niger seed,Kharif,2020,3.6,0.13,0.04,,0.4483497192070821,0.676349343127131,0.1666202471118283,5,25.47366021505376,22.22800860215054,29.50941075268817,7.544356989247312,2.4885118279569896,82.94974623655915,0.8543956989247311,0.864458064516129,16.70028387096774,False,False,False,medium
Chhatrapati Sambhajinagar,Niger seed,Kharif,2021,3.6,0.43,0.12,0.04,0.4542927264825543,0.6520462893077795,0.1772190131377022,5,25.614673118279576,21.934638709677422,30.33091182795699,5.809797849462366,2.876711827956989,79.03306451612903,0.7599849462365593,0.7792365591397848,16.508006451612903,False,False,False,medium
Chhatrapati Sambhajinagar,Other  Rabi pulses,Rabi,2020,208.0,62.4,0.3,,0.3807211723848013,0.4748234892099104,0.3119937785084581,5,22.64851044546851,15.790939784946236,30.515770814132104,0.1526136712749616,1.596316743471582,51.42913333333335,0.6687390168970814,0.5438850998463901,17.91690168970814,False,False,False,medium
Chhatrapati Sambhajinagar,Other  Rabi pulses,Rabi,2021,181.0,44.69,0.25,0.3,0.3998992582925255,0.4371183526834348,0.3559953965038642,5,22.196676344086026,15.510888479262672,30.02824946236559,0.1863311827956989,1.8301923195084484,53.76166912442396,0.6493843317972351,0.5070268817204302,17.077683102918588,False,False,False,medium
Chhatrapati Sambhajinagar,Other  Rabi pulses,Rabi,2022,79.0,14.22,0.18,0.25,0.4163325034898789,0.4950581637397127,0.3466310466338722,5,21.944201228878647,14.92241459293395,30.280729339477727,0.2715483870967742,1.6819179723502304,50.85180337941628,0.6553119815668202,0.5327018433179724,18.437297388632874,False,False,False,medium
Chhatrapati Sambhajinagar,Other Cereals,Kharif,2020,1613.3,725.99,0.45,,0.4483497192070821,0.676349343127131,0.1666202471118283,5,25.47366021505376,22.22800860215054,29.50941075268817,7.544356989247312,2.4885118279569896,82.94974623655915,0.8543956989247311,0.864458064516129,16.70028387096774,False,False,False,medium
Chhatrapati Sambhajinagar,Other Cereals,Kharif,2021,4617.0,2018.69,0.44,0.45,0.4542927264825543,0.6520462893077795,0.1772190131377022,5,25.614673118279576,21.934638709677422,30.33091182795699,5.809797849462366,2.876711827956989,79.03306451612903,0.7599849462365593,0.7792365591397848,16.508006451612903,False,False,False,medium
Chhatrapati Sambhajinagar,Other Cereals,Kharif,2022,1095.0,447.86,0.41,0.44,0.45132122284481824,0.5952848209990033,0.17191963012476524,5,25.309113978494626,21.74758064516129,29.74893548387096,5.987864516129032,3.0509892473118283,80.0451935483871,0.8163612903225808,0.8050795698924731,16.306206451612905,True,False,True,medium
Chhatrapati Sambhajinagar,Other Cereals,Rabi,2020,4375.0,1531.25,0.35,,0.3807211723848013,0.4748234892099104,0.3119937785084581,5,22.64851044546851,15.790939784946236,30.515770814132104,0.1526136712749616,1.596316743471582,51.42913333333335,0.6687390168970814,0.5438850998463901,17.91690168970814,False,False,False,medium
Chhatrapati Sambhajinagar,Other Cereals,Rabi,2021,2273.0,519.52,0.23,0.35,0.3998992582925255,0.4371183526834348,0.3559953965038642,5,22.196676344086026,15.510888479262672,30.02824946236559,0.1863311827956989,1.8301923195084484,53.76166912442396,0.6493843317972351,0.5070268817204302,17.077683102918588,False,False,False,medium
Chhatrapati Sambhajinagar,Other Cereals,Rabi,2022,944.0,141.6,0.15,0.23,0.4163325034898789,0.4950581637397127,0.3466310466338722,5,21.944201228878647,14.92241459293395,30.280729339477727,0.2715483870967742,1.6819179723502304,50.85180337941628,0.6553119815668202,0.5327018433179724,18.437297388632874,False,False,False,medium
Chhatrapati Sambhajinagar,Other Cereals,Summer,2020,7150.1,4647.57,0.65,,0.2245367127104716,0.2514230592950799,0.1976503661258634,2,32.61831720430108,24.559639784946235,40.397236559139785,0.2143064516129032,2.743849462365591,28.243446236559137,0.5946129032258065,0.2506344086021505,25.480252688172044,False,False,False,low
Chhatrapati Sambhajinagar,Other Cereals,Summer,2021,178.0,142.4,0.8,0.65,0.197389847912295,0.2154725655966706,0.1793071302279195,2,31.374333333333333,24.30338172043011,38.34197311827957,0.7231935483870968,2.721327956989247,34.750086021505375,0.5956451612903226,0.2723225806451613,22.74377419354839,False,False,False,low
Chhatrapati Sambhajinagar,Other Cereals,Summer,2022,169.0,181.98,1.08,0.8,0.2390418458014025,0.2642559204092166,0.2138277711935886,2,32.90847849462366,24.723274193548384,40.95710752688172,0.0374354838709677,3.205387096774194,26.97506989247312,0.59,0.1355698924731183,24.541252688172044,False,False,False,low
Chhatrapati Sambhajinagar,Other Kharif pulses,Kharif,2020,1134.0,351.54,0.31,,0.4483497192070821,0.676349343127131,0.1666202471118283,5,25.47366021505376,22.22800860215054,29.50941075268817,7.544356989247312,2.4885118279569896,82.94974623655915,0.8543956989247311,0.864458064516129,16.70028387096774,False,False,False,medium
Chhatrapati Sambhajinagar,Other Kharif pulses,Kharif,2021,434.0,115.07,0.27,0.31,0.4542927264825543,0.6520462893077795,0.1772190131377022,5,25.614673118279576,21.934638709677422,30.33091182795699,5.809797849462366,2.876711827956989,79.03306451612903,0.7599849462365593,0.7792365591397848,16.508006451612903,False,False,False,medium
Chhatrapati Sambhajinagar,Other Kharif pulses,Kharif,2022,197.0,53.19,0.27,0.27,0.45132122284481824,0.5952848209990033,0.17191963012476524,5,25.309113978494626,21.74758064516129,29.74893548387096,5.987864516129032,3.0509892473118283,80.0451935483871,0.8163612903225808,0.8050795698924731,16.306206451612905,True,False,True,medium
Chhatrapati Sambhajinagar,Other Summer Pulses,Summer,2021,0.4,0.14,0.35,,0.197389847912295,0.2154725655966706,0.1793071302279195,2,31.374333333333333,24.30338172043011,38.34197311827957,0.7231935483870968,2.721327956989247,34.750086021505375,0.5956451612903226,0.2723225806451613,22.74377419354839,False,False,False,low
Chhatrapati Sambhajinagar,Other Summer Pulses,Summer,2022,170.0,92.64,0.54,0.35,0.2390418458014025,0.2642559204092166,0.2138277711935886,2,32.90847849462366,24.723274193548384,40.95710752688172,0.0374354838709677,3.205387096774194,26.97506989247312,0.59,0.1355698924731183,24.541252688172044,False,False,False,low
Chhatrapati Sambhajinagar,Rice,Kharif,2020,0.25,0.76,3.04,,0.4483497192070821,0.676349343127131,0.1666202471118283,5,25.47366021505376,22.22800860215054,29.50941075268817,7.544356989247312,2.4885118279569896,82.94974623655915,0.8543956989247311,0.864458064516129,16.70028387096774,False,False,False,medium
Chhatrapati Sambhajinagar,Safflower,Rabi,2020,76.43,26.05,0.34,,0.3807211723848013,0.4748234892099104,0.3119937785084581,5,22.64851044546851,15.790939784946236,30.515770814132104,0.1526136712749616,1.596316743471582,51.42913333333335,0.6687390168970814,0.5438850998463901,17.91690168970814,False,False,False,medium
Chhatrapati Sambhajinagar,Safflower,Rabi,2021,76.43,40.45,0.53,0.34,0.3998992582925255,0.4371183526834348,0.3559953965038642,5,22.196676344086026,15.510888479262672,30.02824946236559,0.1863311827956989,1.8301923195084484,53.76166912442396,0.6493843317972351,0.5070268817204302,17.077683102918588,False,False,False,medium
Chhatrapati Sambhajinagar,Safflower,Rabi,2022,85.72,42.74,0.5,0.53,0.4163325034898789,0.4950581637397127,0.3466310466338722,5,21.944201228878647,14.92241459293395,30.280729339477727,0.2715483870967742,1.6819179723502304,50.85180337941628,0.6553119815668202,0.5327018433179724,18.437297388632874,False,False,False,medium
Chhatrapati Sambhajinagar,Sesamum,Kharif,2020,182.69,54.2,0.3,,0.4483497192070821,0.676349343127131,0.1666202471118283,5,25.47366021505376,22.22800860215054,29.50941075268817,7.544356989247312,2.4885118279569896,82.94974623655915,0.8543956989247311,0.864458064516129,16.70028387096774,False,False,False,medium
Chhatrapati Sambhajinagar,Sesamum,Kharif,2021,182.69,34.88,0.19,0.3,0.4542927264825543,0.6520462893077795,0.1772190131377022,5,25.614673118279576,21.934638709677422,30.33091182795699,5.809797849462366,2.876711827956989,79.03306451612903,0.7599849462365593,0.7792365591397848,16.508006451612903,False,False,False,medium
Chhatrapati Sambhajinagar,Sesamum,Kharif,2022,210.32,53.32,0.25,0.19,0.45132122284481824,0.5952848209990033,0.17191963012476524,5,25.309113978494626,21.74758064516129,29.74893548387096,5.987864516129032,3.0509892473118283,80.0451935483871,0.8163612903225808,0.8050795698924731,16.306206451612905,True,False,True,medium
Chhatrapati Sambhajinagar,Sesamum,Rabi,2020,5.0,2.32,0.46,,0.3807211723848013,0.4748234892099104,0.3119937785084581,5,22.64851044546851,15.790939784946236,30.515770814132104,0.1526136712749616,1.596316743471582,51.42913333333335,0.6687390168970814,0.5438850998463901,17.91690168970814,False,False,False,medium
Chhatrapati Sambhajinagar,Sesamum,Rabi,2021,5.0,3.57,0.71,0.46,0.3998992582925255,0.4371183526834348,0.3559953965038642,5,22.196676344086026,15.510888479262672,30.02824946236559,0.1863311827956989,1.8301923195084484,53.76166912442396,0.6493843317972351,0.5070268817204302,17.077683102918588,False,False,False,medium
Chhatrapati Sambhajinagar,Sesamum,Rabi,2022,5.13,1.72,0.34,0.71,0.4163325034898789,0.4950581637397127,0.3466310466338722,5,21.944201228878647,14.92241459293395,30.280729339477727,0.2715483870967742,1.6819179723502304,50.85180337941628,0.6553119815668202,0.5327018433179724,18.437297388632874,False,False,False,medium
Chhatrapati Sambhajinagar,Sesamum,Summer,2021,6.0,0.9,0.15,,0.197389847912295,0.2154725655966706,0.1793071302279195,2,31.374333333333333,24.30338172043011,38.34197311827957,0.7231935483870968,2.721327956989247,34.750086021505375,0.5956451612903226,0.2723225806451613,22.74377419354839,False,False,False,low
Chhatrapati Sambhajinagar,Sesamum,Summer,2022,11.0,2.0,0.18,0.15,0.2390418458014025,0.2642559204092166,0.2138277711935886,2,32.90847849462366,24.723274193548384,40.95710752688172,0.0374354838709677,3.205387096774194,26.97506989247312,0.59,0.1355698924731183,24.541252688172044,False,False,False,low
Chhatrapati Sambhajinagar,Soyabean,Kharif,2020,16746.39,20763.89,1.24,,0.4483497192070821,0.676349343127131,0.1666202471118283,5,25.47366021505376,22.22800860215054,29.50941075268817,7.544356989247312,2.4885118279569896,82.94974623655915,0.8543956989247311,0.864458064516129,16.70028387096774,False,False,False,medium
Chhatrapati Sambhajinagar,Soyabean,Kharif,2021,16746.39,12697.11,0.76,1.24,0.4542927264825543,0.6520462893077795,0.1772190131377022,5,25.614673118279576,21.934638709677422,30.33091182795699,5.809797849462366,2.876711827956989,79.03306451612903,0.7599849462365593,0.7792365591397848,16.508006451612903,False,False,False,medium
Chhatrapati Sambhajinagar,Soyabean,Kharif,2022,30417.0,23932.0,0.79,0.76,0.45132122284481824,0.5952848209990033,0.17191963012476524,5,25.309113978494626,21.74758064516129,29.74893548387096,5.987864516129032,3.0509892473118283,80.0451935483871,0.8163612903225808,0.8050795698924731,16.306206451612905,True,False,True,medium
Chhatrapati Sambhajinagar,Soyabean,Summer,2021,2952.1,2361.68,0.8,,0.197389847912295,0.2154725655966706,0.1793071302279195,2,31.374333333333333,24.30338172043011,38.34197311827957,0.7231935483870968,2.721327956989247,34.750086021505375,0.5956451612903226,0.2723225806451613,22.74377419354839,False,False,False,low
Chhatrapati Sambhajinagar,Soyabean,Summer,2022,404.0,262.6,0.65,0.8,0.2390418458014025,0.2642559204092166,0.2138277711935886,2,32.90847849462366,24.723274193548384,40.95710752688172,0.0374354838709677,3.205387096774194,26.97506989247312,0.59,0.1355698924731183,24.541252688172044,False,False,False,low
Chhatrapati Sambhajinagar,Sugarcane,Whole Year,2020,18603.4,1442196.88,77.52,,0.3945536868415384,0.676349343127131,0.1666202471118283,12,25.10465606847114,19.594888332715364,31.39031983067606,3.2859324558151037,2.265626560375726,63.083353726362624,0.7349991966382401,0.6353179767643059,18.678340470893588,False,False,False,high
Chhatrapati Sambhajinagar,Sugarcane,Whole Year,2021,40030.0,2287961.28,57.16,77.52,0.3809559913555655,0.6520462893077795,0.1772190131377022,12,25.382532578084994,19.938214157706096,31.679165258576543,2.6473784562211984,2.3457843061955965,60.89425627240144,0.6876394649257552,0.5894091141833077,17.73066961085509,False,False,False,high
Chhatrapati Sambhajinagar,Sugarcane,Whole Year,2022,40000.0,3209600.0,80.24,57.16,0.38775483909855196,0.5952848209990033,0.17191963012476524,12,25.23935259856631,19.475924859190982,31.840814516129026,2.562634408602151,2.516081925243216,59.36894278033794,0.7113241167434715,0.5717262544802867,18.446377816180235,True,False,True,high
Chhatrapati Sambhajinagar,Sunflower,Kharif,2020,4.85,1.98,0.41,,0.4483497192070821,0.676349343127131,0.1666202471118283,5,25.47366021505376,22.22800860215054,29.50941075268817,7.544356989247312,2.4885118279569896,82.94974623655915,0.8543956989247311,0.864458064516129,16.70028387096774,False,False,False,medium
Chhatrapati Sambhajinagar,Sunflower,Kharif,2021,4.85,1.85,0.38,0.41,0.4542927264825543,0.6520462893077795,0.1772190131377022,5,25.614673118279576,21.934638709677422,30.33091182795699,5.809797849462366,2.876711827956989,79.03306451612903,0.7599849462365593,0.7792365591397848,16.508006451612903,False,False,False,medium
Chhatrapati Sambhajinagar,Sunflower,Kharif,2022,2.0,1.0,0.5,0.38,0.45132122284481824,0.5952848209990033,0.17191963012476524,5,25.309113978494626,21.74758064516129,29.74893548387096,5.987864516129032,3.0509892473118283,80.0451935483871,0.8163612903225808,0.8050795698924731,16.306206451612905,True,False,True,medium
Chhatrapati Sambhajinagar,Sunflower,Rabi,2020,212.35,127.16,0.6,,0.3807211723848013,0.4748234892099104,0.3119937785084581,5,22.64851044546851,15.790939784946236,30.515770814132104,0.1526136712749616,1.596316743471582,51.42913333333335,0.6687390168970814,0.5438850998463901,17.91690168970814,False,False,False,medium
Chhatrapati Sambhajinagar,Sunflower,Rabi,2021,212.35,171.22,0.81,0.6,0.3998992582925255,0.4371183526834348,0.3559953965038642,5,22.196676344086026,15.510888479262672,30.02824946236559,0.1863311827956989,1.8301923195084484,53.76166912442396,0.6493843317972351,0.5070268817204302,17.077683102918588,False,False,False,medium
Chhatrapati Sambhajinagar,Sunflower,Rabi,2022,913.08,373.27,0.41,0.81,0.4163325034898789,0.4950581637397127,0.3466310466338722,5,21.944201228878647,14.92241459293395,30.280729339477727,0.2715483870967742,1.6819179723502304,50.85180337941628,0.6553119815668202,0.5327018433179724,18.437297388632874,False,False,False,medium
Chhatrapati Sambhajinagar,Sunflower,Summer,2020,136.0,81.44,0.6,,0.2245367127104716,0.2514230592950799,0.1976503661258634,2,32.61831720430108,24.559639784946235,40.397236559139785,0.2143064516129032,2.743849462365591,28.243446236559137,0.5946129032258065,0.2506344086021505,25.480252688172044,False,False,False,low
Chhatrapati Sambhajinagar,Sunflower,Summer,2021,136.0,107.07,0.79,0.6,0.197389847912295,0.2154725655966706,0.1793071302279195,2,31.374333333333333,24.30338172043011,38.34197311827957,0.7231935483870968,2.721327956989247,34.750086021505375,0.5956451612903226,0.2723225806451613,22.74377419354839,False,False,False,low
Chhatrapati Sambhajinagar,Sunflower,Summer,2022,2397.0,2051.0,0.86,0.79,0.2390418458014025,0.2642559204092166,0.2138277711935886,2,32.90847849462366,24.723274193548384,40.95710752688172,0.0374354838709677,3.205387096774194,26.97506989247312,0.59,0.1355698924731183,24.541252688172044,False,False,False,low
Chhatrapati Sambhajinagar,Urad,Kharif,2020,2959.07,1425.02,0.48,,0.4483497192070821,0.676349343127131,0.1666202471118283,5,25.47366021505376,22.22800860215054,29.50941075268817,7.544356989247312,2.4885118279569896,82.94974623655915,0.8543956989247311,0.864458064516129,16.70028387096774,False,False,False,medium
Chhatrapati Sambhajinagar,Urad,Kharif,2021,2959.07,782.08,0.26,0.48,0.4542927264825543,0.6520462893077795,0.1772190131377022,5,25.614673118279576,21.934638709677422,30.33091182795699,5.809797849462366,2.876711827956989,79.03306451612903,0.7599849462365593,0.7792365591397848,16.508006451612903,False,False,False,medium
Chhatrapati Sambhajinagar,Urad,Kharif,2022,2880.02,1234.09,0.43,0.26,0.45132122284481824,0.5952848209990033,0.17191963012476524,5,25.309113978494626,21.74758064516129,29.74893548387096,5.987864516129032,3.0509892473118283,80.0451935483871,0.8163612903225808,0.8050795698924731,16.306206451612905,True,False,True,medium
Chhatrapati Sambhajinagar,Wheat,Rabi,2020,47569.98,88209.42,1.85,,0.3807211723848013,0.4748234892099104,0.3119937785084581,5,22.64851044546851,15.790939784946236,30.515770814132104,0.1526136712749616,1.596316743471582,51.42913333333335,0.6687390168970814,0.5438850998463901,17.91690168970814,False,False,False,medium
Chhatrapati Sambhajinagar,Wheat,Rabi,2021,47569.97,89950.06,1.89,1.85,0.3998992582925255,0.4371183526834348,0.3559953965038642,5,22.196676344086026,15.510888479262672,30.02824946236559,0.1863311827956989,1.8301923195084484,53.76166912442396,0.6493843317972351,0.5070268817204302,17.077683102918588,False,False,False,medium
Chhatrapati Sambhajinagar,Wheat,Rabi,2022,44924.32,70616.54,1.57,1.89,0.4163325034898789,0.4950581637397127,0.3466310466338722,5,21.944201228878647,14.92241459293395,30.280729339477727,0.2715483870967742,1.6819179723502304,50.85180337941628,0.6553119815668202,0.5327018433179724,18.437297388632874,False,False,False,medium
Chhatrapati Sambhajinagar,other oilseeds,Kharif,2020,614.5,153.63,0.25,,0.4483497192070821,0.676349343127131,0.1666202471118283,5,25.47366021505376,22.22800860215054,29.50941075268817,7.544356989247312,2.4885118279569896,82.94974623655915,0.8543956989247311,0.864458064516129,16.70028387096774,False,False,False,medium
Chhatrapati Sambhajinagar,other oilseeds,Kharif,2021,285.0,46.0,0.16,0.25,0.4542927264825543,0.6520462893077795,0.1772190131377022,5,25.614673118279576,21.934638709677422,30.33091182795699,5.809797849462366,2.876711827956989,79.03306451612903,0.7599849462365593,0.7792365591397848,16.508006451612903,False,False,False,medium
Chhatrapati Sambhajinagar,other oilseeds,Kharif,2022,103.0,21.63,0.21,0.16,0.45132122284481824,0.5952848209990033,0.17191963012476524,5,25.309113978494626,21.74758064516129,29.74893548387096,5.987864516129032,3.0509892473118283,80.0451935483871,0.8163612903225808,0.8050795698924731,16.306206451612905,True,False,True,medium
Chhatrapati Sambhajinagar,other oilseeds,Rabi,2020,990.0,198.0,0.2,,0.3807211723848013,0.4748234892099104,0.3119937785084581,5,22.64851044546851,15.790939784946236,30.515770814132104,0.1526136712749616,1.596316743471582,51.42913333333335,0.6687390168970814,0.5438850998463901,17.91690168970814,False,False,False,medium
Chhatrapati Sambhajinagar,other oilseeds,Rabi,2021,1676.8,335.36,0.2,0.2,0.3998992582925255,0.4371183526834348,0.3559953965038642,5,22.196676344086026,15.510888479262672,30.02824946236559,0.1863311827956989,1.8301923195084484,53.76166912442396,0.6493843317972351,0.5070268817204302,17.077683102918588,False,False,False,medium
Chhatrapati Sambhajinagar,other oilseeds,Rabi,2022,156.2,35.93,0.23,0.2,0.4163325034898789,0.4950581637397127,0.3466310466338722,5,21.944201228878647,14.92241459293395,30.280729339477727,0.2715483870967742,1.6819179723502304,50.85180337941628,0.6553119815668202,0.5327018433179724,18.437297388632874,False,False,False,medium
Chhatrapati Sambhajinagar,other oilseeds,Summer,2020,778.4,339.38,0.44,,0.2245367127104716,0.2514230592950799,0.1976503661258634,2,32.61831720430108,24.559639784946235,40.397236559139785,0.2143064516129032,2.743849462365591,28.243446236559137,0.5946129032258065,0.2506344086021505,25.480252688172044,False,False,False,low
Chhatrapati Sambhajinagar,other oilseeds,Summer,2022,113.0,49.27,0.44,0.44,0.2390418458014025,0.2642559204092166,0.2138277711935886,2,32.90847849462366,24.723274193548384,40.95710752688172,0.0374354838709677,3.205387096774194,26.97506989247312,0.59,0.1355698924731183,24.541252688172044,False,False,False,low
Dharashiv,Arhar/Tur,Kharif,2020,69376.95,65014.01,0.94,,0.3748047862927396,0.5162427320605066,0.3020375673432887,5,25.491440860215057,22.07884731182796,29.849886021505377,6.656531182795699,2.993180645161291,80.94015268817205,0.8152903225806453,0.8303956989247311,16.713539784946235,True,False,True,medium
Dharashiv,Arhar/Tur,Kharif,2021,69628.55,49450.19,0.71,0.94,0.3748047862927396,0.4544701627243139,0.3020375673432887,5,25.363744086021505,21.72902580645161,29.986812903225804,5.767150537634409,3.183303225806451,79.15284516129032,0.780810752688172,0.7985354838709677,17.072113978494624,False,False,False,medium
Dharashiv,Arhar/Tur,Kharif,2022,41972.0,26094.0,0.62,0.71,0.3748047862927396,0.5867573679576936,0.3020375673432887,5,25.25835913978495,21.554636559139787,29.94868172043011,5.762812903225806,3.173763440860216,78.58325161290323,0.8040408602150538,0.7990086021505377,16.74376559139785,True,False,True,medium
Dharashiv,Bajra,Kharif,2020,7314.29,3675.91,0.5,,0.3748047862927396,0.5162427320605066,0.3020375673432887,5,25.491440860215057,22.07884731182796,29.849886021505377,6.656531182795699,2.993180645161291,80.94015268817205,0.8152903225806453,0.8303956989247311,16.713539784946235,True,False,True,medium
Dharashiv,Bajra,Kharif,2021,6302.77,2412.7,0.38,0.5,0.3748047862927396,0.4544701627243139,0.3020375673432887,5,25.363744086021505,21.72902580645161,29.986812903225804,5.767150537634409,3.183303225806451,79.15284516129032,0.780810752688172,0.7985354838709677,17.072113978494624,False,False,False,medium
Dharashiv,Bajra,Kharif,2022,232.0,83.0,0.36,0.38,0.3748047862927396,0.5867573679576936,0.3020375673432887,5,25.25835913978495,21.554636559139787,29.94868172043011,5.762812903225806,3.173763440860216,78.58325161290323,0.8040408602150538,0.7990086021505377,16.74376559139785,True,False,True,medium
Dharashiv,Cotton(lint),Kharif,2020,20000.0,33200.0,1.66,,0.3748047862927396,0.5162427320605066,0.3020375673432887,5,25.491440860215057,22.07884731182796,29.849886021505377,6.656531182795699,2.993180645161291,80.94015268817205,0.8152903225806453,0.8303956989247311,16.713539784946235,True,False,True,medium
Dharashiv,Cotton(lint),Kharif,2021,12900.0,17900.0,1.39,1.66,0.3748047862927396,0.4544701627243139,0.3020375673432887,5,25.363744086021505,21.72902580645161,29.986812903225804,5.767150537634409,3.183303225806451,79.15284516129032,0.780810752688172,0.7985354838709677,17.072113978494624,False,False,False,medium
Dharashiv,Cotton(lint),Kharif,2022,2027.43,3026.29,1.49,1.39,0.3748047862927396,0.5867573679576936,0.3020375673432887,5,25.25835913978495,21.554636559139787,29.94868172043011,5.762812903225806,3.173763440860216,78.58325161290323,0.8040408602150538,0.7990086021505377,16.74376559139785,True,False,True,medium
Dharashiv,Gram,Rabi,2020,217137.96,253623.75,1.17,,0.3524496352700218,0.3981382817287878,0.2554357142692641,5,23.55079078341014,16.638681105990784,31.367872811059907,0.0362268817204301,1.9741889400921655,53.37755284178188,0.6639924731182796,0.5194368663594471,18.72149247311828,False,False,False,medium
Dharashiv,Gram,Rabi,2021,227885.51,214410.64,0.94,1.17,0.3649827626682996,0.4563042968723024,0.2585847626175916,5,23.47069677419355,16.8889,30.87407173579109,0.2708864823348694,2.0189714285714286,54.79777342549924,0.6652734254992321,0.5305230414746545,17.661061751152072,False,False,False,medium
Dharashiv,Gram,Rabi,2022,256907.07,237379.56,0.92,0.94,0.3609535871885461,0.4128706167442217,0.269873100243364,5,23.303108602150537,16.08800614439324,31.622215668202767,0.1072946236559139,1.995769431643625,48.92409784946236,0.6469935483870968,0.4805133640552996,19.029540552995392,False,False,False,medium
Dharashiv,Groundnut,Kharif,2020,4034.95,1476.53,0.37,,0.3748047862927396,0.5162427320605066,0.3020375673432887,5,25.491440860215057,22.07884731182796,29.849886021505377,6.656531182795699,2.993180645161291,80.94015268817205,0.8152903225806453,0.8303956989247311,16.713539784946235,True,False,True,medium
Dharashiv,Groundnut,Kharif,2021,4187.26,3701.95,0.88,0.37,0.3748047862927396,0.4544701627243139,0.3020375673432887,5,25.363744086021505,21.72902580645161,29.986812903225804,5.767150537634409,3.183303225806451,79.15284516129032,0.780810752688172,0.7985354838709677,17.072113978494624,False,False,False,medium
Dharashiv,Groundnut,Kharif,2022,1263.62,956.06,0.76,0.88,0.3748047862927396,0.5867573679576936,0.3020375673432887,5,25.25835913978495,21.554636559139787,29.94868172043011,5.762812903225806,3.173763440860216,78.58325161290323,0.8040408602150538,0.7990086021505377,16.74376559139785,True,False,True,medium
Dharashiv,Groundnut,Summer,2020,2479.01,3670.76,1.48,,0.1824775544252276,0.2016780380950753,0.1632770707553799,2,33.53926344086021,26.47601612903226,40.44003225806452,0.4521075268817204,2.5271021505376345,29.739129032258063,0.5947258064516129,0.2590376344086021,23.639005376344087,False,False,False,low
Dharashiv,Groundnut,Summer,2021,2992.97,4198.9,1.4,1.48,0.2222901737677577,0.2254057315463116,0.2191746159892038,2,30.823811827956987,24.466483870967743,37.314741935483866,1.7487043010752688,2.5091290322580644,42.97069892473118,0.6059677419354839,0.4127419354838709,21.819672043010755,False,False,False,low
Dharashiv,Groundnut,Summer,2022,2394.0,2826.0,1.18,1.4,0.2135746977125502,0.219869954984709,0.2072794404403915,2,32.51536021505376,25.49237096774193,39.43545161290323,1.0010268817204302,2.633924731182796,35.16959139784946,0.6000698924731183,0.3122258064516129,21.337682795698925,False,False,False,low
Dharashiv,Jowar,Kharif,2020,13127.96,13955.35,1.06,,0.3748047862927396,0.5162427320605066,0.3020375673432887,5,25.491440860215057,22.07884731182796,29.849886021505377,6.656531182795699,2.993180645161291,80.94015268817205,0.8152903225806453,0.8303956989247311,16.713539784946235,True,False,True,medium
Dharashiv,Jowar,Kharif,2021,11153.82,3446.53,0.31,1.06,0.3748047862927396,0.4544701627243139,0.3020375673432887,5,25.363744086021505,21.72902580645161,29.986812903225804,5.767150537634409,3.183303225806451,79.15284516129032,0.780810752688172,0.7985354838709677,17.072113978494624,False,False,False,medium
Dharashiv,Jowar,Kharif,2022,1903.01,283.74,0.15,0.31,0.3748047862927396,0.5867573679576936,0.3020375673432887,5,25.25835913978495,21.554636559139787,29.94868172043011,5.762812903225806,3.173763440860216,78.58325161290323,0.8040408602150538,0.7990086021505377,16.74376559139785,True,False,True,medium
Dharashiv,Jowar,Rabi,2020,144630.84,189567.48,1.31,,0.3524496352700218,0.3981382817287878,0.2554357142692641,5,23.55079078341014,16.638681105990784,31.367872811059907,0.0362268817204301,1.9741889400921655,53.37755284178188,0.6639924731182796,0.5194368663594471,18.72149247311828,False,False,False,medium
Dharashiv,Jowar,Rabi,2021,155522.02,178229.79,1.15,1.31,0.3649827626682996,0.4563042968723024,0.2585847626175916,5,23.47069677419355,16.8889,30.87407173579109,0.2708864823348694,2.0189714285714286,54.79777342549924,0.6652734254992321,0.5305230414746545,17.661061751152072,False,False,False,medium
Dharashiv,Jowar,Rabi,2022,139397.51,171539.79,1.23,1.15,0.3609535871885461,0.4128706167442217,0.269873100243364,5,23.303108602150537,16.08800614439324,31.622215668202767,0.1072946236559139,1.995769431643625,48.92409784946236,0.6469935483870968,0.4805133640552996,19.029540552995392,False,False,False,medium
Dharashiv,Jowar,Summer,2021,274.0,227.81,0.83,,0.2222901737677577,0.2254057315463116,0.2191746159892038,2,30.823811827956987,24.466483870967743,37.314741935483866,1.7487043010752688,2.5091290322580644,42.97069892473118,0.6059677419354839,0.4127419354838709,21.819672043010755,False,False,False,low
Dharashiv,Jowar,Summer,2022,317.7,264.14,0.83,0.83,0.2135746977125502,0.219869954984709,0.2072794404403915,2,32.51536021505376,25.49237096774193,39.43545161290323,1.0010268817204302,2.633924731182796,35.16959139784946,0.6000698924731183,0.3122258064516129,21.337682795698925,False,False,False,low
Dharashiv,Linseed,Rabi,2020,852.59,511.56,0.6,,0.3524496352700218,0.3981382817287878,0.2554357142692641,5,23.55079078341014,16.638681105990784,31.367872811059907,0.0362268817204301,1.9741889400921655,53.37755284178188,0.6639924731182796,0.5194368663594471,18.72149247311828,False,False,False,medium
Dharashiv,Linseed,Rabi,2021,764.97,522.48,0.68,0.6,0.3649827626682996,0.4563042968723024,0.2585847626175916,5,23.47069677419355,16.8889,30.87407173579109,0.2708864823348694,2.0189714285714286,54.79777342549924,0.6652734254992321,0.5305230414746545,17.661061751152072,False,False,False,medium
Dharashiv,Linseed,Rabi,2022,386.14,180.13,0.47,0.68,0.3609535871885461,0.4128706167442217,0.269873100243364,5,23.303108602150537,16.08800614439324,31.622215668202767,0.1072946236559139,1.995769431643625,48.92409784946236,0.6469935483870968,0.4805133640552996,19.029540552995392,False,False,False,medium
Dharashiv,Maize,Kharif,2020,20826.43,24096.17,1.16,,0.3748047862927396,0.5162427320605066,0.3020375673432887,5,25.491440860215057,22.07884731182796,29.849886021505377,6.656531182795699,2.993180645161291,80.94015268817205,0.8152903225806453,0.8303956989247311,16.713539784946235,True,False,True,medium
Dharashiv,Maize,Kharif,2021,21393.6,18334.31,0.86,1.16,0.3748047862927396,0.4544701627243139,0.3020375673432887,5,25.363744086021505,21.72902580645161,29.986812903225804,5.767150537634409,3.183303225806451,79.15284516129032,0.780810752688172,0.7985354838709677,17.072113978494624,False,False,False,medium
Dharashiv,Maize,Kharif,2022,18198.0,17952.0,0.99,0.86,0.3748047862927396,0.5867573679576936,0.3020375673432887,5,25.25835913978495,21.554636559139787,29.94868172043011,5.762812903225806,3.173763440860216,78.58325161290323,0.8040408602150538,0.7990086021505377,16.74376559139785,True,False,True,medium
Dharashiv,Maize,Rabi,2020,9351.33,14521.68,1.55,,0.3524496352700218,0.3981382817287878,0.2554357142692641,5,23.55079078341014,16.638681105990784,31.367872811059907,0.0362268817204301,1.9741889400921655,53.37755284178188,0.6639924731182796,0.5194368663594471,18.72149247311828,False,False,False,medium
Dharashiv,Maize,Rabi,2021,8982.98,9936.07,1.11,1.55,0.3649827626682996,0.4563042968723024,0.2585847626175916,5,23.47069677419355,16.8889,30.87407173579109,0.2708864823348694,2.0189714285714286,54.79777342549924,0.6652734254992321,0.5305230414746545,17.661061751152072,False,False,False,medium
Dharashiv,Maize,Rabi,2022,8754.17,11005.74,1.26,1.11,0.3609535871885461,0.4128706167442217,0.269873100243364,5,23.303108602150537,16.08800614439324,31.622215668202767,0.1072946236559139,1.995769431643625,48.92409784946236,0.6469935483870968,0.4805133640552996,19.029540552995392,False,False,False,medium
Dharashiv,Maize,Summer,2020,2051.46,1576.34,0.77,,0.1824775544252276,0.2016780380950753,0.1632770707553799,2,33.53926344086021,26.47601612903226,40.44003225806452,0.4521075268817204,2.5271021505376345,29.739129032258063,0.5947258064516129,0.2590376344086021,23.639005376344087,False,False,False,low
Dharashiv,Maize,Summer,2021,2468.89,1897.1,0.77,0.77,0.2222901737677577,0.2254057315463116,0.2191746159892038,2,30.823811827956987,24.466483870967743,37.314741935483866,1.7487043010752688,2.5091290322580644,42.97069892473118,0.6059677419354839,0.4127419354838709,21.819672043010755,False,False,False,low
Dharashiv,Maize,Summer,2022,2468.89,2633.32,1.07,0.77,0.2135746977125502,0.219869954984709,0.2072794404403915,2,32.51536021505376,25.49237096774193,39.43545161290323,1.0010268817204302,2.633924731182796,35.16959139784946,0.6000698924731183,0.3122258064516129,21.337682795698925,False,False,False,low
Dharashiv,Moong(Green Gram),Kharif,2020,17494.76,11909.54,0.68,,0.3748047862927396,0.5162427320605066,0.3020375673432887,5,25.491440860215057,22.07884731182796,29.849886021505377,6.656531182795699,2.993180645161291,80.94015268817205,0.8152903225806453,0.8303956989247311,16.713539784946235,True,False,True,medium
Dharashiv,Moong(Green Gram),Kharif,2021,19242.89,14133.9,0.73,0.68,0.3748047862927396,0.4544701627243139,0.3020375673432887,5,25.363744086021505,21.72902580645161,29.986812903225804,5.767150537634409,3.183303225806451,79.15284516129032,0.780810752688172,0.7985354838709677,17.072113978494624,False,False,False,medium
Dharashiv,Moong(Green Gram),Kharif,2022,13483.49,9094.61,0.67,0.73,0.3748047862927396,0.5867573679576936,0.3020375673432887,5,25.25835913978495,21.554636559139787,29.94868172043011,5.762812903225806,3.173763440860216,78.58325161290323,0.8040408602150538,0.7990086021505377,16.74376559139785,True,False,True,medium
Dharashiv,Moong(Green Gram),Summer,2021,78.0,14.37,0.18,,0.2222901737677577,0.2254057315463116,0.2191746159892038,2,30.823811827956987,24.466483870967743,37.314741935483866,1.7487043010752688,2.5091290322580644,42.97069892473118,0.6059677419354839,0.4127419354838709,21.819672043010755,False,False,False,low
Dharashiv,Moong(Green Gram),Summer,2022,17.5,3.22,0.18,0.18,0.2135746977125502,0.219869954984709,0.2072794404403915,2,32.51536021505376,25.49237096774193,39.43545161290323,1.0010268817204302,2.633924731182796,35.16959139784946,0.6000698924731183,0.3122258064516129,21.337682795698925,False,False,False,low
Dharashiv,Niger seed,Kharif,2020,981.32,36.11,0.04,,0.3748047862927396,0.5162427320605066,0.3020375673432887,5,25.491440860215057,22.07884731182796,29.849886021505377,6.656531182795699,2.993180645161291,80.94015268817205,0.8152903225806453,0.8303956989247311,16.713539784946235,True,False,True,medium
Dharashiv,Niger seed,Kharif,2021,523.72,62.01,0.12,0.04,0.3748047862927396,0.4544701627243139,0.3020375673432887,5,25.363744086021505,21.72902580645161,29.986812903225804,5.767150537634409,3.183303225806451,79.15284516129032,0.780810752688172,0.7985354838709677,17.072113978494624,False,False,False,medium
Dharashiv,Niger seed,Kharif,2022,88.97,22.47,0.25,0.12,0.3748047862927396,0.5867573679576936,0.3020375673432887,5,25.25835913978495,21.554636559139787,29.94868172043011,5.762812903225806,3.173763440860216,78.58325161290323,0.8040408602150538,0.7990086021505377,16.74376559139785,True,False,True,medium
Dharashiv,Other  Rabi pulses,Rabi,2020,1593.0,869.78,0.55,,0.3524496352700218,0.3981382817287878,0.2554357142692641,5,23.55079078341014,16.638681105990784,31.367872811059907,0.0362268817204301,1.9741889400921655,53.37755284178188,0.6639924731182796,0.5194368663594471,18.72149247311828,False,False,False,medium
Dharashiv,Other  Rabi pulses,Rabi,2021,2409.0,739.52,0.31,0.55,0.3649827626682996,0.4563042968723024,0.2585847626175916,5,23.47069677419355,16.8889,30.87407173579109,0.2708864823348694,2.0189714285714286,54.79777342549924,0.6652734254992321,0.5305230414746545,17.661061751152072,False,False,False,medium
Dharashiv,Other  Rabi pulses,Rabi,2022,9488.6,3905.13,0.41,0.31,0.3609535871885461,0.4128706167442217,0.269873100243364,5,23.303108602150537,16.08800614439324,31.622215668202767,0.1072946236559139,1.995769431643625,48.92409784946236,0.6469935483870968,0.4805133640552996,19.029540552995392,False,False,False,medium
Dharashiv,Other Cereals,Kharif,2020,2377.0,456.38,0.19,,0.3748047862927396,0.5162427320605066,0.3020375673432887,5,25.491440860215057,22.07884731182796,29.849886021505377,6.656531182795699,2.993180645161291,80.94015268817205,0.8152903225806453,0.8303956989247311,16.713539784946235,True,False,True,medium
Dharashiv,Other Cereals,Kharif,2021,1332.0,327.67,0.25,0.19,0.3748047862927396,0.4544701627243139,0.3020375673432887,5,25.363744086021505,21.72902580645161,29.986812903225804,5.767150537634409,3.183303225806451,79.15284516129032,0.780810752688172,0.7985354838709677,17.072113978494624,False,False,False,medium
Dharashiv,Other Cereals,Kharif,2022,1618.9,420.91,0.26,0.25,0.3748047862927396,0.5867573679576936,0.3020375673432887,5,25.25835913978495,21.554636559139787,29.94868172043011,5.762812903225806,3.173763440860216,78.58325161290323,0.8040408602150538,0.7990086021505377,16.74376559139785,True,False,True,medium
Dharashiv,Other Cereals,Rabi,2020,1612.0,544.72,0.34,,0.3524496352700218,0.3981382817287878,0.2554357142692641,5,23.55079078341014,16.638681105990784,31.367872811059907,0.0362268817204301,1.9741889400921655,53.37755284178188,0.6639924731182796,0.5194368663594471,18.72149247311828,False,False,False,medium
Dharashiv,Other Cereals,Rabi,2021,1101.0,344.12,0.31,0.34,0.3649827626682996,0.4563042968723024,0.2585847626175916,5,23.47069677419355,16.8889,30.87407173579109,0.2708864823348694,2.0189714285714286,54.79777342549924,0.6652734254992321,0.5305230414746545,17.661061751152072,False,False,False,medium
Dharashiv,Other Cereals,Rabi,2022,1478.4,551.1,0.37,0.31,0.3609535871885461,0.4128706167442217,0.269873100243364,5,23.303108602150537,16.08800614439324,31.622215668202767,0.1072946236559139,1.995769431643625,48.92409784946236,0.6469935483870968,0.4805133640552996,19.029540552995392,False,False,False,medium
Dharashiv,Other Cereals,Summer,2021,620.7,496.56,0.8,,0.2222901737677577,0.2254057315463116,0.2191746159892038,2,30.823811827956987,24.466483870967743,37.314741935483866,1.7487043010752688,2.5091290322580644,42.97069892473118,0.6059677419354839,0.4127419354838709,21.819672043010755,False,False,False,low
Dharashiv,Other Cereals,Summer,2022,12.8,11.96,0.93,0.8,0.2135746977125502,0.219869954984709,0.2072794404403915,2,32.51536021505376,25.49237096774193,39.43545161290323,1.0010268817204302,2.633924731182796,35.16959139784946,0.6000698924731183,0.3122258064516129,21.337682795698925,False,False,False,low
Dharashiv,Other Kharif pulses,Kharif,2020,1987.0,965.68,0.49,,0.3748047862927396,0.5162427320605066,0.3020375673432887,5,25.491440860215057,22.07884731182796,29.849886021505377,6.656531182795699,2.993180645161291,80.94015268817205,0.8152903225806453,0.8303956989247311,16.713539784946235,True,False,True,medium
Dharashiv,Other Kharif pulses,Kharif,2021,1110.0,280.83,0.25,0.49,0.3748047862927396,0.4544701627243139,0.3020375673432887,5,25.363744086021505,21.72902580645161,29.986812903225804,5.767150537634409,3.183303225806451,79.15284516129032,0.780810752688172,0.7985354838709677,17.072113978494624,False,False,False,medium
Dharashiv,Other Kharif pulses,Kharif,2022,1258.0,478.04,0.38,0.25,0.3748047862927396,0.5867573679576936,0.3020375673432887,5,25.25835913978495,21.554636559139787,29.94868172043011,5.762812903225806,3.173763440860216,78.58325161290323,0.8040408602150538,0.7990086021505377,16.74376559139785,True,False,True,medium
Dharashiv,Other Summer Pulses,Summer,2021,1012.6,354.11,0.35,,0.2222901737677577,0.2254057315463116,0.2191746159892038,2,30.823811827956987,24.466483870967743,37.314741935483866,1.7487043010752688,2.5091290322580644,42.97069892473118,0.6059677419354839,0.4127419354838709,21.819672043010755,False,False,False,low
Dharashiv,Other Summer Pulses,Summer,2022,782.2,241.7,0.31,0.35,0.2135746977125502,0.219869954984709,0.2072794404403915,2,32.51536021505376,25.49237096774193,39.43545161290323,1.0010268817204302,2.633924731182796,35.16959139784946,0.6000698924731183,0.3122258064516129,21.337682795698925,False,False,False,low
Dharashiv,Ragi,Kharif,2020,10.0,7.86,0.79,,0.3748047862927396,0.5162427320605066,0.3020375673432887,5,25.491440860215057,22.07884731182796,29.849886021505377,6.656531182795699,2.993180645161291,80.94015268817205,0.8152903225806453,0.8303956989247311,16.713539784946235,True,False,True,medium
Dharashiv,Ragi,Kharif,2021,10.0,11.82,1.18,0.79,0.3748047862927396,0.4544701627243139,0.3020375673432887,5,25.363744086021505,21.72902580645161,29.986812903225804,5.767150537634409,3.183303225806451,79.15284516129032,0.780810752688172,0.7985354838709677,17.072113978494624,False,False,False,medium
Dharashiv,Rice,Kharif,2020,1141.76,749.33,0.66,,0.3748047862927396,0.5162427320605066,0.3020375673432887,5,25.491440860215057,22.07884731182796,29.849886021505377,6.656531182795699,2.993180645161291,80.94015268817205,0.8152903225806453,0.8303956989247311,16.713539784946235,True,False,True,medium
Dharashiv,Rice,Kharif,2021,665.82,229.84,0.35,0.66,0.3748047862927396,0.4544701627243139,0.3020375673432887,5,25.363744086021505,21.72902580645161,29.986812903225804,5.767150537634409,3.183303225806451,79.15284516129032,0.780810752688172,0.7985354838709677,17.072113978494624,False,False,False,medium
Dharashiv,Rice,Kharif,2022,367.67,143.37,0.39,0.35,0.3748047862927396,0.5867573679576936,0.3020375673432887,5,25.25835913978495,21.554636559139787,29.94868172043011,5.762812903225806,3.173763440860216,78.58325161290323,0.8040408602150538,0.7990086021505377,16.74376559139785,True,False,True,medium
Dharashiv,Safflower,Rabi,2020,5924.58,3270.39,0.55,,0.3524496352700218,0.3981382817287878,0.2554357142692641,5,23.55079078341014,16.638681105990784,31.367872811059907,0.0362268817204301,1.9741889400921655,53.37755284178188,0.6639924731182796,0.5194368663594471,18.72149247311828,False,False,False,medium
Dharashiv,Safflower,Rabi,2021,6873.16,5664.17,0.82,0.55,0.3649827626682996,0.4563042968723024,0.2585847626175916,5,23.47069677419355,16.8889,30.87407173579109,0.2708864823348694,2.0189714285714286,54.79777342549924,0.6652734254992321,0.5305230414746545,17.661061751152072,False,False,False,medium
Dharashiv,Safflower,Rabi,2022,6504.89,5673.57,0.87,0.82,0.3609535871885461,0.4128706167442217,0.269873100243364,5,23.303108602150537,16.08800614439324,31.622215668202767,0.1072946236559139,1.995769431643625,48.92409784946236,0.6469935483870968,0.4805133640552996,19.029540552995392,False,False,False,medium
Dharashiv,Sesamum,Kharif,2020,1087.04,64.03,0.06,,0.3748047862927396,0.5162427320605066,0.3020375673432887,5,25.491440860215057,22.07884731182796,29.849886021505377,6.656531182795699,2.993180645161291,80.94015268817205,0.8152903225806453,0.8303956989247311,16.713539784946235,True,False,True,medium
Dharashiv,Sesamum,Kharif,2021,878.16,139.63,0.16,0.06,0.3748047862927396,0.4544701627243139,0.3020375673432887,5,25.363744086021505,21.72902580645161,29.986812903225804,5.767150537634409,3.183303225806451,79.15284516129032,0.780810752688172,0.7985354838709677,17.072113978494624,False,False,False,medium
Dharashiv,Sesamum,Kharif,2022,580.65,147.2,0.25,0.16,0.3748047862927396,0.5867573679576936,0.3020375673432887,5,25.25835913978495,21.554636559139787,29.94868172043011,5.762812903225806,3.173763440860216,78.58325161290323,0.8040408602150538,0.7990086021505377,16.74376559139785,True,False,True,medium
Dharashiv,Sesamum,Rabi,2020,35.0,8.91,0.25,,0.3524496352700218,0.3981382817287878,0.2554357142692641,5,23.55079078341014,16.638681105990784,31.367872811059907,0.0362268817204301,1.9741889400921655,53.37755284178188,0.6639924731182796,0.5194368663594471,18.72149247311828,False,False,False,medium
Dharashiv,Sesamum,Rabi,2021,1.04,0.74,0.71,0.25,0.3649827626682996,0.4563042968723024,0.2585847626175916,5,23.47069677419355,16.8889,30.87407173579109,0.2708864823348694,2.0189714285714286,54.79777342549924,0.6652734254992321,0.5305230414746545,17.661061751152072,False,False,False,medium
Dharashiv,Sesamum,Rabi,2022,1.14,0.38,0.34,0.71,0.3609535871885461,0.4128706167442217,0.269873100243364,5,23.303108602150537,16.08800614439324,31.622215668202767,0.1072946236559139,1.995769431643625,48.92409784946236,0.6469935483870968,0.4805133640552996,19.029540552995392,False,False,False,medium
Dharashiv,Soyabean,Kharif,2020,243729.95,410948.0,1.69,,0.3748047862927396,0.5162427320605066,0.3020375673432887,5,25.491440860215057,22.07884731182796,29.849886021505377,6.656531182795699,2.993180645161291,80.94015268817205,0.8152903225806453,0.8303956989247311,16.713539784946235,True,False,True,medium
Dharashiv,Soyabean,Kharif,2021,266322.21,286269.74,1.07,1.69,0.3748047862927396,0.4544701627243139,0.3020375673432887,5,25.363744086021505,21.72902580645161,29.986812903225804,5.767150537634409,3.183303225806451,79.15284516129032,0.780810752688172,0.7985354838709677,17.072113978494624,False,False,False,medium
Dharashiv,Soyabean,Kharif,2022,437775.0,500201.0,1.14,1.07,0.3748047862927396,0.5867573679576936,0.3020375673432887,5,25.25835913978495,21.554636559139787,29.94868172043011,5.762812903225806,3.173763440860216,78.58325161290323,0.8040408602150538,0.7990086021505377,16.74376559139785,True,False,True,medium
Dharashiv,Soyabean,Summer,2021,4441.4,2309.44,0.52,,0.2222901737677577,0.2254057315463116,0.2191746159892038,2,30.823811827956987,24.466483870967743,37.314741935483866,1.7487043010752688,2.5091290322580644,42.97069892473118,0.6059677419354839,0.4127419354838709,21.819672043010755,False,False,False,low
Dharashiv,Soyabean,Summer,2022,968.2,503.45,0.52,0.52,0.2135746977125502,0.219869954984709,0.2072794404403915,2,32.51536021505376,25.49237096774193,39.43545161290323,1.0010268817204302,2.633924731182796,35.16959139784946,0.6000698924731183,0.3122258064516129,21.337682795698925,False,False,False,low
Dharashiv,Sugarcane,Whole Year,2020,60000.0,4627647.19,77.13,,0.3437055658694559,0.5162427320605066,0.2191746159892038,12,26.013897231491782,20.64599496353973,32.13883015078483,2.916348195525893,2.563348319120009,62.04624304783092,0.7160479854158942,0.6115379433938944,18.67913484118156,True,False,True,high
Dharashiv,Sugarcane,Whole Year,2021,93396.0,6327878.46,67.75,77.13,0.3437055658694559,0.4563042968723024,0.2191746159892038,12,25.623879672299022,20.312504224270352,31.697778545826925,2.813486111111112,2.578223886328725,62.87404934715823,0.7027952508960573,0.6188943932411674,18.14461917562724,False,False,False,high
Dharashiv,Sugarcane,Whole Year,2022,74275.0,447244.75,54.49,67.75,0.3437055658694559,0.5867573679576936,0.2191746159892038,12,25.68590681003584,20.05743234767025,32.10817863543267,2.58005753968254,2.5749880952380955,60.40409824628776,0.7068020993343574,0.598390873015873,18.199396697388632,True,False,True,high
Dharashiv,Sunflower,Kharif,2020,10372.53,4247.55,0.41,,0.3748047862927396,0.5162427320605066,0.3020375673432887,5,25.491440860215057,22.07884731182796,29.849886021505377,6.656531182795699,2.993180645161291,80.94015268817205,0.8152903225806453,0.8303956989247311,16.713539784946235,True,False,True,medium
Dharashiv,Sunflower,Kharif,2021,6918.79,2633.98,0.38,0.41,0.3748047862927396,0.4544701627243139,0.3020375673432887,5,25.363744086021505,21.72902580645161,29.986812903225804,5.767150537634409,3.183303225806451,79.15284516129032,0.780810752688172,0.7985354838709677,17.072113978494624,False,False,False,medium
Dharashiv,Sunflower,Kharif,2022,7766.0,2893.0,0.37,0.38,0.3748047862927396,0.5867573679576936,0.3020375673432887,5,25.25835913978495,21.554636559139787,29.94868172043011,5.762812903225806,3.173763440860216,78.58325161290323,0.8040408602150538,0.7990086021505377,16.74376559139785,True,False,True,medium
Dharashiv,Sunflower,Rabi,2020,1020.0,610.72,0.6,,0.3524496352700218,0.3981382817287878,0.2554357142692641,5,23.55079078341014,16.638681105990784,31.367872811059907,0.0362268817204301,1.9741889400921655,53.37755284178188,0.6639924731182796,0.5194368663594471,18.72149247311828,False,False,False,medium
Dharashiv,Sunflower,Rabi,2021,1166.87,872.24,0.75,0.6,0.3649827626682996,0.4563042968723024,0.2585847626175916,5,23.47069677419355,16.8889,30.87407173579109,0.2708864823348694,2.0189714285714286,54.79777342549924,0.6652734254992321,0.5305230414746545,17.661061751152072,False,False,False,medium
Dharashiv,Sunflower,Rabi,2022,559.05,259.38,0.46,0.75,0.3609535871885461,0.4128706167442217,0.269873100243364,5,23.303108602150537,16.08800614439324,31.622215668202767,0.1072946236559139,1.995769431643625,48.92409784946236,0.6469935483870968,0.4805133640552996,19.029540552995392,False,False,False,medium
Dharashiv,Sunflower,Summer,2020,2.92,1.75,0.6,,0.1824775544252276,0.2016780380950753,0.1632770707553799,2,33.53926344086021,26.47601612903226,40.44003225806452,0.4521075268817204,2.5271021505376345,29.739129032258063,0.5947258064516129,0.2590376344086021,23.639005376344087,False,False,False,low
Dharashiv,Sunflower,Summer,2021,4.15,3.27,0.79,0.6,0.2222901737677577,0.2254057315463116,0.2191746159892038,2,30.823811827956987,24.466483870967743,37.314741935483866,1.7487043010752688,2.5091290322580644,42.97069892473118,0.6059677419354839,0.4127419354838709,21.819672043010755,False,False,False,low
Dharashiv,Sunflower,Summer,2022,2.0,2.0,1.0,0.79,0.2135746977125502,0.219869954984709,0.2072794404403915,2,32.51536021505376,25.49237096774193,39.43545161290323,1.0010268817204302,2.633924731182796,35.16959139784946,0.6000698924731183,0.3122258064516129,21.337682795698925,False,False,False,low
Dharashiv,Urad,Kharif,2020,44403.46,35377.75,0.8,,0.3748047862927396,0.5162427320605066,0.3020375673432887,5,25.491440860215057,22.07884731182796,29.849886021505377,6.656531182795699,2.993180645161291,80.94015268817205,0.8152903225806453,0.8303956989247311,16.713539784946235,True,False,True,medium
Dharashiv,Urad,Kharif,2021,44177.61,33292.25,0.75,0.8,0.3748047862927396,0.4544701627243139,0.3020375673432887,5,25.363744086021505,21.72902580645161,29.986812903225804,5.767150537634409,3.183303225806451,79.15284516129032,0.780810752688172,0.7985354838709677,17.072113978494624,False,False,False,medium
Dharashiv,Urad,Kharif,2022,40974.11,25760.42,0.63,0.75,0.3748047862927396,0.5867573679576936,0.3020375673432887,5,25.25835913978495,21.554636559139787,29.94868172043011,5.762812903225806,3.173763440860216,78.58325161290323,0.8040408602150538,0.7990086021505377,16.74376559139785,True,False,True,medium
Dharashiv,Urad,Summer,2022,2.0,1.06,0.53,,0.2135746977125502,0.219869954984709,0.2072794404403915,2,32.51536021505376,25.49237096774193,39.43545161290323,1.0010268817204302,2.633924731182796,35.16959139784946,0.6000698924731183,0.3122258064516129,21.337682795698925,False,False,False,low
Dharashiv,Wheat,Rabi,2020,28286.74,43420.44,1.54,,0.3524496352700218,0.3981382817287878,0.2554357142692641,5,23.55079078341014,16.638681105990784,31.367872811059907,0.0362268817204301,1.9741889400921655,53.37755284178188,0.6639924731182796,0.5194368663594471,18.72149247311828,False,False,False,medium
Dharashiv,Wheat,Rabi,2021,28375.82,27050.1,0.95,1.54,0.3649827626682996,0.4563042968723024,0.2585847626175916,5,23.47069677419355,16.8889,30.87407173579109,0.2708864823348694,2.0189714285714286,54.79777342549924,0.6652734254992321,0.5305230414746545,17.661061751152072,False,False,False,medium
Dharashiv,Wheat,Rabi,2022,33447.78,51987.88,1.55,0.95,0.3609535871885461,0.4128706167442217,0.269873100243364,5,23.303108602150537,16.08800614439324,31.622215668202767,0.1072946236559139,1.995769431643625,48.92409784946236,0.6469935483870968,0.4805133640552996,19.029540552995392,False,False,False,medium
Dharashiv,other oilseeds,Kharif,2020,1723.0,360.11,0.21,,0.3748047862927396,0.5162427320605066,0.3020375673432887,5,25.491440860215057,22.07884731182796,29.849886021505377,6.656531182795699,2.993180645161291,80.94015268817205,0.8152903225806453,0.8303956989247311,16.713539784946235,True,False,True,medium
Dharashiv,other oilseeds,Kharif,2021,658.0,136.0,0.21,0.21,0.3748047862927396,0.4544701627243139,0.3020375673432887,5,25.363744086021505,21.72902580645161,29.986812903225804,5.767150537634409,3.183303225806451,79.15284516129032,0.780810752688172,0.7985354838709677,17.072113978494624,False,False,False,medium
Dharashiv,other oilseeds,Kharif,2022,700.2,238.07,0.34,0.21,0.3748047862927396,0.5867573679576936,0.3020375673432887,5,25.25835913978495,21.554636559139787,29.94868172043011,5.762812903225806,3.173763440860216,78.58325161290323,0.8040408602150538,0.7990086021505377,16.74376559139785,True,False,True,medium
Dharashiv,other oilseeds,Rabi,2020,1666.0,518.18,0.31,,0.3524496352700218,0.3981382817287878,0.2554357142692641,5,23.55079078341014,16.638681105990784,31.367872811059907,0.0362268817204301,1.9741889400921655,53.37755284178188,0.6639924731182796,0.5194368663594471,18.72149247311828,False,False,False,medium
Dharashiv,other oilseeds,Rabi,2021,1004.0,258.25,0.26,0.31,0.3649827626682996,0.4563042968723024,0.2585847626175916,5,23.47069677419355,16.8889,30.87407173579109,0.2708864823348694,2.0189714285714286,54.79777342549924,0.6652734254992321,0.5305230414746545,17.661061751152072,False,False,False,medium
Dharashiv,other oilseeds,Rabi,2022,1536.5,509.52,0.33,0.26,0.3609535871885461,0.4128706167442217,0.269873100243364,5,23.303108602150537,16.08800614439324,31.622215668202767,0.1072946236559139,1.995769431643625,48.92409784946236,0.6469935483870968,0.4805133640552996,19.029540552995392,False,False,False,medium
Dharashiv,other oilseeds,Summer,2022,6.0,2.62,0.44,,0.2135746977125502,0.219869954984709,0.2072794404403915,2,32.51536021505376,25.49237096774193,39.43545161290323,1.0010268817204302,2.633924731182796,35.16959139784946,0.6000698924731183,0.3122258064516129,21.337682795698925,False,False,False,low
Dhule,Arhar/Tur,Kharif,2020,15939.95,10242.6,0.64,,0.4114655664617643,0.495004244061534,0.241067837336053,5,27.418116129032256,23.80313978494624,31.87195483870968,5.354294623655915,2.290866666666667,79.05201720430107,0.7724193548387097,0.7830688172043011,16.34906451612903,True,False,True,medium
Dhule,Arhar/Tur,Kharif,2021,17541.57,9916.25,0.57,0.64,0.4114655664617643,0.4830085372613255,0.241067837336053,5,27.627688172043012,23.511344086021506,32.89499569892473,3.609475268817204,2.982305376344086,74.22820215053764,0.6756709677419355,0.671741935483871,16.113473118279572,True,False,True,medium
Dhule,Arhar/Tur,Kharif,2022,3097.0,1992.0,0.64,0.57,0.4114655664617643,0.5147038214664995,0.241067837336053,5,26.905516129032257,23.166255913978496,31.46223225806452,5.631449462365591,2.84181935483871,78.01696774193547,0.7897956989247312,0.7622989247311829,16.254664516129033,True,False,True,medium
Dhule,Bajra,Kharif,2020,56385.85,70284.99,1.25,,0.3910617756159833,0.495004244061534,0.21228181914333283,5,27.418116129032256,23.80313978494624,31.87195483870968,5.354294623655915,2.290866666666667,79.05201720430107,0.7724193548387097,0.7830688172043011,16.34906451612903,True,False,True,medium
Dhule,Bajra,Kharif,2021,54622.98,38945.17,0.71,1.25,0.3910617756159833,0.4830085372613255,0.21228181914333283,5,27.627688172043012,23.511344086021506,32.89499569892473,3.609475268817204,2.982305376344086,74.22820215053764,0.6756709677419355,0.671741935483871,16.113473118279572,True,False,True,medium
Dhule,Bajra,Kharif,2022,50093.0,55786.0,1.11,0.71,0.3910617756159833,0.5147038214664995,0.21228181914333283,5,26.905516129032257,23.166255913978496,31.46223225806452,5.631449462365591,2.84181935483871,78.01696774193547,0.7897956989247312,0.7622989247311829,16.254664516129033,True,False,True,medium
Dhule,Bajra,Summer,2021,830.0,755.3,0.91,,0.1855503946404387,0.2152780162913693,0.1558227729895082,2,32.787849462365585,25.274827956989245,40.49562903225807,0.7460161290322581,3.095924731182796,35.09248924731183,0.5948387096774194,0.2555913978494624,22.379666666666665,False,False,False,low
Dhule,Bajra,Summer,2022,1876.0,1782.2,0.95,0.91,0.1963494306081619,0.2293931923565316,0.1633056688597922,2,34.19567741935484,25.69516129032258,42.9203064516129,0.0004838709677419,3.763048387096774,29.30145161290322,0.59,0.1139516129032258,25.203215053763444,False,False,False,low
Dhule,Cotton(lint),Kharif,2020,239100.0,501400.0,2.1,,0.4114655664617643,0.495004244061534,0.241067837336053,5,27.418116129032256,23.80313978494624,31.87195483870968,5.354294623655915,2.290866666666667,79.05201720430107,0.7724193548387097,0.7830688172043011,16.34906451612903,True,False,True,medium
Dhule,Cotton(lint),Kharif,2021,250600.0,295900.0,1.18,2.1,0.4114655664617643,0.4830085372613255,0.241067837336053,5,27.627688172043012,23.511344086021506,32.89499569892473,3.609475268817204,2.982305376344086,74.22820215053764,0.6756709677419355,0.671741935483871,16.113473118279572,True,False,True,medium
Dhule,Cotton(lint),Kharif,2022,258513.52,545985.2,2.11,1.18,0.4114655664617643,0.5147038214664995,0.241067837336053,5,26.905516129032257,23.166255913978496,31.46223225806452,5.631449462365591,2.84181935483871,78.01696774193547,0.7897956989247312,0.7622989247311829,16.254664516129033,True,False,True,medium
Dhule,Gram,Rabi,2020,66194.01,63555.27,0.96,,0.3373108318950201,0.3961782461709803,0.2552335321750246,5,24.60990829493088,17.09872841781874,33.30609539170507,0.0944058371735791,1.5717276497695851,43.25713041474654,0.6163999999999998,0.3739061443932411,17.57771628264209,False,False,False,medium
Dhule,Gram,Rabi,2021,66688.94,75890.01,1.14,0.96,0.3213027743033516,0.3608530872031194,0.2907057108129193,5,23.828484331797235,16.383144086021506,32.479010906298,0.2325354838709677,1.8007622119815667,46.827769585253456,0.6076881720430107,0.3612731182795699,17.069506451612902,False,False,False,medium
Dhule,Gram,Rabi,2022,34017.88,24959.94,0.73,1.14,0.3459669619896434,0.4195346749413482,0.2869162173226078,5,23.19907603686636,15.564184178187404,32.15028248847926,0.1792258064516129,1.62958509984639,46.8594866359447,0.6261301075268817,0.4315947772657449,18.12699877112136,False,False,False,medium
Dhule,Groundnut,Kharif,2020,20636.91,13552.46,0.66,,0.4009920640763048,0.495004244061534,0.2429167809553046,5,27.418116129032256,23.80313978494624,31.87195483870968,5.354294623655915,2.290866666666667,79.05201720430107,0.7724193548387097,0.7830688172043011,16.34906451612903,True,False,True,medium
Dhule,Groundnut,Kharif,2021,20311.41,11660.78,0.57,0.66,0.4009920640763048,0.4830085372613255,0.2429167809553046,5,27.627688172043012,23.511344086021506,32.89499569892473,3.609475268817204,2.982305376344086,74.22820215053764,0.6756709677419355,0.671741935483871,16.113473118279572,True,False,True,medium
Dhule,Groundnut,Kharif,2022,9662.07,9495.88,0.98,0.57,0.4009920640763048,0.5147038214664995,0.2429167809553046,5,26.905516129032257,23.166255913978496,31.46223225806452,5.631449462365591,2.84181935483871,78.01696774193547,0.7897956989247312,0.7622989247311829,16.254664516129033,True,False,True,medium
Dhule,Groundnut,Summer,2020,2522.95,2559.3,1.01,,0.2049137207252576,0.2311850365216751,0.1786424049288401,2,34.159155913978495,25.56838709677419,42.35235483870969,0.0640537634408602,2.9816129032258063,28.161284946236563,0.591,0.1788655913978494,25.983263440860213,False,False,False,low
Dhule,Groundnut,Summer,2021,3486.17,2940.42,0.84,1.01,0.1855503946404387,0.2152780162913693,0.1558227729895082,2,32.787849462365585,25.274827956989245,40.49562903225807,0.7460161290322581,3.095924731182796,35.09248924731183,0.5948387096774194,0.2555913978494624,22.379666666666665,False,False,False,low
Dhule,Groundnut,Summer,2022,2789.0,2881.0,1.03,0.84,0.1963494306081619,0.2293931923565316,0.1633056688597922,2,34.19567741935484,25.69516129032258,42.9203064516129,0.0004838709677419,3.763048387096774,29.30145161290322,0.59,0.1139516129032258,25.203215053763444,False,False,False,low
Dhule,Jowar,Kharif,2020,10503.81,14706.42,1.4,,0.4114655664617643,0.495004244061534,0.241067837336053,5,27.418116129032256,23.80313978494624,31.87195483870968,5.354294623655915,2.290866666666667,79.05201720430107,0.7724193548387097,0.7830688172043011,16.34906451612903,True,False,True,medium
Dhule,Jowar,Kharif,2021,7406.71,5513.55,0.74,1.4,0.4114655664617643,0.4830085372613255,0.241067837336053,5,27.627688172043012,23.511344086021506,32.89499569892473,3.609475268817204,2.982305376344086,74.22820215053764,0.6756709677419355,0.671741935483871,16.113473118279572,True,False,True,medium
Dhule,Jowar,Kharif,2022,7495.29,8389.48,1.12,0.74,0.4114655664617643,0.5147038214664995,0.241067837336053,5,26.905516129032257,23.166255913978496,31.46223225806452,5.631449462365591,2.84181935483871,78.01696774193547,0.7897956989247312,0.7622989247311829,16.254664516129033,True,False,True,medium
Dhule,Jowar,Rabi,2020,14074.62,23057.86,1.64,,0.3373108318950201,0.3961782461709803,0.2552335321750246,5,24.60990829493088,17.09872841781874,33.30609539170507,0.0944058371735791,1.5717276497695851,43.25713041474654,0.6163999999999998,0.3739061443932411,17.57771628264209,False,False,False,medium
Dhule,Jowar,Rabi,2021,15382.63,23660.02,1.54,1.64,0.3213027743033516,0.3608530872031194,0.2907057108129193,5,23.828484331797235,16.383144086021506,32.479010906298,0.2325354838709677,1.8007622119815667,46.827769585253456,0.6076881720430107,0.3612731182795699,17.069506451612902,False,False,False,medium
Dhule,Jowar,Rabi,2022,10247.35,15660.0,1.53,1.54,0.3459669619896434,0.4195346749413482,0.2869162173226078,5,23.19907603686636,15.564184178187404,32.15028248847926,0.1792258064516129,1.62958509984639,46.8594866359447,0.6261301075268817,0.4315947772657449,18.12699877112136,False,False,False,medium
Dhule,Maize,Kharif,2020,58579.1,130736.83,2.23,,0.4033555229369874,0.495004244061534,0.2163513167840456,5,27.418116129032256,23.80313978494624,31.87195483870968,5.354294623655915,2.290866666666667,79.05201720430107,0.7724193548387097,0.7830688172043011,16.34906451612903,True,False,True,medium
Dhule,Maize,Kharif,2021,56927.32,94243.17,1.66,2.23,0.4033555229369874,0.4830085372613255,0.2163513167840456,5,27.627688172043012,23.511344086021506,32.89499569892473,3.609475268817204,2.982305376344086,74.22820215053764,0.6756709677419355,0.671741935483871,16.113473118279572,True,False,True,medium
Dhule,Maize,Kharif,2022,54624.0,159759.0,2.92,1.66,0.4033555229369874,0.5147038214664995,0.2163513167840456,5,26.905516129032257,23.166255913978496,31.46223225806452,5.631449462365591,2.84181935483871,78.01696774193547,0.7897956989247312,0.7622989247311829,16.254664516129033,True,False,True,medium
Dhule,Maize,Rabi,2020,7815.96,16225.16,2.08,,0.3373108318950201,0.3961782461709803,0.2552335321750246,5,24.60990829493088,17.09872841781874,33.30609539170507,0.0944058371735791,1.5717276497695851,43.25713041474654,0.6163999999999998,0.3739061443932411,17.57771628264209,False,False,False,medium
Dhule,Maize,Rabi,2021,8489.85,38348.65,4.52,2.08,0.3213027743033516,0.3608530872031194,0.2907057108129193,5,23.828484331797235,16.383144086021506,32.479010906298,0.2325354838709677,1.8007622119815667,46.827769585253456,0.6076881720430107,0.3612731182795699,17.069506451612902,False,False,False,medium
Dhule,Maize,Rabi,2022,9364.57,24522.06,2.62,4.52,0.3459669619896434,0.4195346749413482,0.2869162173226078,5,23.19907603686636,15.564184178187404,32.15028248847926,0.1792258064516129,1.62958509984639,46.8594866359447,0.6261301075268817,0.4315947772657449,18.12699877112136,False,False,False,medium
Dhule,Maize,Summer,2020,4141.54,7641.15,1.85,,0.2049137207252576,0.2311850365216751,0.1786424049288401,2,34.159155913978495,25.56838709677419,42.35235483870969,0.0640537634408602,2.9816129032258063,28.161284946236563,0.591,0.1788655913978494,25.983263440860213,False,False,False,low
Dhule,Maize,Summer,2021,4400.02,8118.04,1.85,1.85,0.1855503946404387,0.2152780162913693,0.1558227729895082,2,32.787849462365585,25.274827956989245,40.49562903225807,0.7460161290322581,3.095924731182796,35.09248924731183,0.5948387096774194,0.2555913978494624,22.379666666666665,False,False,False,low
Dhule,Maize,Summer,2022,1540.01,3388.02,2.2,1.85,0.1963494306081619,0.2293931923565316,0.1633056688597922,2,34.19567741935484,25.69516129032258,42.9203064516129,0.0004838709677419,3.763048387096774,29.30145161290322,0.59,0.1139516129032258,25.203215053763444,False,False,False,low
Dhule,Moong(Green Gram),Kharif,2020,31546.03,11583.88,0.37,,0.4114655664617643,0.495004244061534,0.241067837336053,5,27.418116129032256,23.80313978494624,31.87195483870968,5.354294623655915,2.290866666666667,79.05201720430107,0.7724193548387097,0.7830688172043011,16.34906451612903,True,False,True,medium
Dhule,Moong(Green Gram),Kharif,2021,31261.3,3116.75,0.1,0.37,0.4114655664617643,0.4830085372613255,0.241067837336053,5,27.627688172043012,23.511344086021506,32.89499569892473,3.609475268817204,2.982305376344086,74.22820215053764,0.6756709677419355,0.671741935483871,16.113473118279572,True,False,True,medium
Dhule,Moong(Green Gram),Kharif,2022,9515.59,3919.47,0.41,0.1,0.4114655664617643,0.5147038214664995,0.241067837336053,5,26.905516129032257,23.166255913978496,31.46223225806452,5.631449462365591,2.84181935483871,78.01696774193547,0.7897956989247312,0.7622989247311829,16.254664516129033,True,False,True,medium
Dhule,Moong(Green Gram),Summer,2021,105.0,19.34,0.18,,0.1855503946404387,0.2152780162913693,0.1558227729895082,2,32.787849462365585,25.274827956989245,40.49562903225807,0.7460161290322581,3.095924731182796,35.09248924731183,0.5948387096774194,0.2555913978494624,22.379666666666665,False,False,False,low
Dhule,Moong(Green Gram),Summer,2022,53.0,9.61,0.18,0.18,0.1963494306081619,0.2293931923565316,0.1633056688597922,2,34.19567741935484,25.69516129032258,42.9203064516129,0.0004838709677419,3.763048387096774,29.30145161290322,0.59,0.1139516129032258,25.203215053763444,False,False,False,low
Dhule,Other  Rabi pulses,Rabi,2020,1342.0,671.0,0.5,,0.3373108318950201,0.3961782461709803,0.2552335321750246,5,24.60990829493088,17.09872841781874,33.30609539170507,0.0944058371735791,1.5717276497695851,43.25713041474654,0.6163999999999998,0.3739061443932411,17.57771628264209,False,False,False,medium
Dhule,Other  Rabi pulses,Rabi,2021,1328.0,588.97,0.44,0.5,0.3213027743033516,0.3608530872031194,0.2907057108129193,5,23.828484331797235,16.383144086021506,32.479010906298,0.2325354838709677,1.8007622119815667,46.827769585253456,0.6076881720430107,0.3612731182795699,17.069506451612902,False,False,False,medium
Dhule,Other  Rabi pulses,Rabi,2022,1427.0,702.08,0.49,0.44,0.3459669619896434,0.4195346749413482,0.2869162173226078,5,23.19907603686636,15.564184178187404,32.15028248847926,0.1792258064516129,1.62958509984639,46.8594866359447,0.6261301075268817,0.4315947772657449,18.12699877112136,False,False,False,medium
Dhule,Other Cereals,Kharif,2020,814.0,447.7,0.55,,0.4009920640763048,0.495004244061534,0.2537155251933066,5,27.418116129032256,23.80313978494624,31.87195483870968,5.354294623655915,2.290866666666667,79.05201720430107,0.7724193548387097,0.7830688172043011,16.34906451612903,True,False,True,medium
Dhule,Other Cereals,Kharif,2021,854.0,128.1,0.15,0.55,0.4009920640763048,0.4830085372613255,0.2537155251933066,5,27.627688172043012,23.511344086021506,32.89499569892473,3.609475268817204,2.982305376344086,74.22820215053764,0.6756709677419355,0.671741935483871,16.113473118279572,True,False,True,medium
Dhule,Other Cereals,Kharif,2022,668.0,434.2,0.65,0.15,0.4009920640763048,0.5147038214664995,0.2537155251933066,5,26.905516129032257,23.166255913978496,31.46223225806452,5.631449462365591,2.84181935483871,78.01696774193547,0.7897956989247312,0.7622989247311829,16.254664516129033,True,False,True,medium
Dhule,Other Cereals,Rabi,2020,117.0,140.4,1.2,,0.3373108318950201,0.3961782461709803,0.2552335321750246,5,24.60990829493088,17.09872841781874,33.30609539170507,0.0944058371735791,1.5717276497695851,43.25713041474654,0.6163999999999998,0.3739061443932411,17.57771628264209,False,False,False,medium
Dhule,Other Cereals,Rabi,2021,87.0,34.34,0.39,1.2,0.3213027743033516,0.3608530872031194,0.2907057108129193,5,23.828484331797235,16.383144086021506,32.479010906298,0.2325354838709677,1.8007622119815667,46.827769585253456,0.6076881720430107,0.3612731182795699,17.069506451612902,False,False,False,medium
Dhule,Other Cereals,Rabi,2022,366.0,347.7,0.95,0.39,0.3459669619896434,0.4195346749413482,0.2869162173226078,5,23.19907603686636,15.564184178187404,32.15028248847926,0.1792258064516129,1.62958509984639,46.8594866359447,0.6261301075268817,0.4315947772657449,18.12699877112136,False,False,False,medium
Dhule,Other Cereals,Summer,2020,2434.0,2369.09,0.97,,0.2049137207252576,0.2311850365216751,0.1786424049288401,2,34.159155913978495,25.56838709677419,42.35235483870969,0.0640537634408602,2.9816129032258063,28.161284946236563,0.591,0.1788655913978494,25.983263440860213,False,False,False,low
Dhule,Other Cereals,Summer,2021,389.0,378.63,0.97,0.97,0.1855503946404387,0.2152780162913693,0.1558227729895082,2,32.787849462365585,25.274827956989245,40.49562903225807,0.7460161290322581,3.095924731182796,35.09248924731183,0.5948387096774194,0.2555913978494624,22.379666666666665,False,False,False,low
Dhule,Other Cereals,Summer,2022,200.0,205.02,1.03,0.97,0.1963494306081619,0.2293931923565316,0.1633056688597922,2,34.19567741935484,25.69516129032258,42.9203064516129,0.0004838709677419,3.763048387096774,29.30145161290322,0.59,0.1139516129032258,25.203215053763444,False,False,False,low
Dhule,Other Kharif pulses,Kharif,2020,1153.0,403.55,0.35,,0.4009920640763048,0.495004244061534,0.2537155251933066,5,27.418116129032256,23.80313978494624,31.87195483870968,5.354294623655915,2.290866666666667,79.05201720430107,0.7724193548387097,0.7830688172043011,16.34906451612903,True,False,True,medium
Dhule,Other Kharif pulses,Kharif,2021,473.0,47.3,0.1,0.35,0.4009920640763048,0.4830085372613255,0.2537155251933066,5,27.627688172043012,23.511344086021506,32.89499569892473,3.609475268817204,2.982305376344086,74.22820215053764,0.6756709677419355,0.671741935483871,16.113473118279572,True,False,True,medium
Dhule,Other Kharif pulses,Kharif,2022,355.0,89.0,0.25,0.1,0.4009920640763048,0.5147038214664995,0.2537155251933066,5,26.905516129032257,23.166255913978496,31.46223225806452,5.631449462365591,2.84181935483871,78.01696774193547,0.7897956989247312,0.7622989247311829,16.254664516129033,True,False,True,medium
Dhule,Other Summer Pulses,Summer,2021,10.0,4.11,0.41,,0.1855503946404387,0.2152780162913693,0.1558227729895082,2,32.787849462365585,25.274827956989245,40.49562903225807,0.7460161290322581,3.095924731182796,35.09248924731183,0.5948387096774194,0.2555913978494624,22.379666666666665,False,False,False,low
Dhule,Ragi,Kharif,2020,1611.89,1567.88,0.97,,0.366957985075254,0.495004244061534,0.2878671519862098,5,27.418116129032256,23.80313978494624,31.87195483870968,5.354294623655915,2.290866666666667,79.05201720430107,0.7724193548387097,0.7830688172043011,16.34906451612903,True,False,True,medium
Dhule,Ragi,Kharif,2021,1343.22,828.76,0.62,0.97,0.366957985075254,0.4830085372613255,0.2878671519862098,5,27.627688172043012,23.511344086021506,32.89499569892473,3.609475268817204,2.982305376344086,74.22820215053764,0.6756709677419355,0.671741935483871,16.113473118279572,True,False,True,medium
Dhule,Ragi,Kharif,2022,1379.0,1472.0,1.07,0.62,0.366957985075254,0.5147038214664995,0.2878671519862098,5,26.905516129032257,23.166255913978496,31.46223225806452,5.631449462365591,2.84181935483871,78.01696774193547,0.7897956989247312,0.7622989247311829,16.254664516129033,True,False,True,medium
Dhule,Rice,Kharif,2020,6830.0,8480.13,1.24,,0.42158207299695205,0.495004244061534,0.2723615137428504,5,27.418116129032256,23.80313978494624,31.87195483870968,5.354294623655915,2.290866666666667,79.05201720430107,0.7724193548387097,0.7830688172043011,16.34906451612903,True,False,True,medium
Dhule,Rice,Kharif,2021,6983.93,8236.14,1.18,1.24,0.42158207299695205,0.4830085372613255,0.2723615137428504,5,27.627688172043012,23.511344086021506,32.89499569892473,3.609475268817204,2.982305376344086,74.22820215053764,0.6756709677419355,0.671741935483871,16.113473118279572,True,False,True,medium
Dhule,Rice,Kharif,2022,7275.66,12358.44,1.7,1.18,0.42158207299695205,0.5147038214664995,0.2723615137428504,5,26.905516129032257,23.166255913978496,31.46223225806452,5.631449462365591,2.84181935483871,78.01696774193547,0.7897956989247312,0.7622989247311829,16.254664516129033,True,False,True,medium
Dhule,Rice,Summer,2021,24.0,64.44,2.69,,0.1855503946404387,0.2152780162913693,0.1558227729895082,2,32.787849462365585,25.274827956989245,40.49562903225807,0.7460161290322581,3.095924731182796,35.09248924731183,0.5948387096774194,0.2555913978494624,22.379666666666665,False,False,False,low
Dhule,Sesamum,Kharif,2020,307.19,91.85,0.3,,0.4114655664617643,0.495004244061534,0.2447657245745562,5,27.418116129032256,23.80313978494624,31.87195483870968,5.354294623655915,2.290866666666667,79.05201720430107,0.7724193548387097,0.7830688172043011,16.34906451612903,True,False,True,medium
Dhule,Sesamum,Kharif,2021,282.9,44.84,0.16,0.3,0.4114655664617643,0.4830085372613255,0.2447657245745562,5,27.627688172043012,23.511344086021506,32.89499569892473,3.609475268817204,2.982305376344086,74.22820215053764,0.6756709677419355,0.671741935483871,16.113473118279572,True,False,True,medium
Dhule,Sesamum,Kharif,2022,309.37,80.56,0.26,0.16,0.4114655664617643,0.5147038214664995,0.2447657245745562,5,26.905516129032257,23.166255913978496,31.46223225806452,5.631449462365591,2.84181935483871,78.01696774193547,0.7897956989247312,0.7622989247311829,16.254664516129033,True,False,True,medium
Dhule,Sesamum,Rabi,2021,79.93,57.11,0.71,,0.3213027743033516,0.3608530872031194,0.2907057108129193,5,23.828484331797235,16.383144086021506,32.479010906298,0.2325354838709677,1.8007622119815667,46.827769585253456,0.6076881720430107,0.3612731182795699,17.069506451612902,False,False,False,medium
Dhule,Sesamum,Summer,2020,162.0,33.37,0.21,,0.2049137207252576,0.2311850365216751,0.1786424049288401,2,34.159155913978495,25.56838709677419,42.35235483870969,0.0640537634408602,2.9816129032258063,28.161284946236563,0.591,0.1788655913978494,25.983263440860213,False,False,False,low
Dhule,Sesamum,Summer,2021,95.0,14.25,0.15,0.21,0.1855503946404387,0.2152780162913693,0.1558227729895082,2,32.787849462365585,25.274827956989245,40.49562903225807,0.7460161290322581,3.095924731182796,35.09248924731183,0.5948387096774194,0.2555913978494624,22.379666666666665,False,False,False,low
Dhule,Sesamum,Summer,2022,20.0,4.0,0.2,0.15,0.1963494306081619,0.2293931923565316,0.1633056688597922,2,34.19567741935484,25.69516129032258,42.9203064516129,0.0004838709677419,3.763048387096774,29.30145161290322,0.59,0.1139516129032258,25.203215053763444,False,False,False,low
Dhule,Soyabean,Kharif,2020,20077.22,25932.41,1.29,,0.4114655664617643,0.495004244061534,0.241067837336053,5,27.418116129032256,23.80313978494624,31.87195483870968,5.354294623655915,2.290866666666667,79.05201720430107,0.7724193548387097,0.7830688172043011,16.34906451612903,True,False,True,medium
Dhule,Soyabean,Kharif,2021,21418.46,26982.97,1.26,1.29,0.4114655664617643,0.4830085372613255,0.241067837336053,5,27.627688172043012,23.511344086021506,32.89499569892473,3.609475268817204,2.982305376344086,74.22820215053764,0.6756709677419355,0.671741935483871,16.113473118279572,True,False,True,medium
Dhule,Soyabean,Kharif,2022,30114.0,44192.0,1.47,1.26,0.4114655664617643,0.5147038214664995,0.241067837336053,5,26.905516129032257,23.166255913978496,31.46223225806452,5.631449462365591,2.84181935483871,78.01696774193547,0.7897956989247312,0.7622989247311829,16.254664516129033,True,False,True,medium
Dhule,Soyabean,Summer,2021,545.0,817.5,1.5,,0.1855503946404387,0.2152780162913693,0.1558227729895082,2,32.787849462365585,25.274827956989245,40.49562903225807,0.7460161290322581,3.095924731182796,35.09248924731183,0.5948387096774194,0.2555913978494624,22.379666666666665,False,False,False,low
Dhule,Soyabean,Summer,2022,43.0,64.5,1.5,1.5,0.1963494306081619,0.2293931923565316,0.1633056688597922,2,34.19567741935484,25.69516129032258,42.9203064516129,0.0004838709677419,3.763048387096774,29.30145161290322,0.59,0.1139516129032258,25.203215053763444,False,False,False,low
Dhule,Sugarcane,Whole Year,2021,4000.0,373437.61,93.36,,0.3730108423266771,0.4830085372613255,0.20171800959583375,12,27.229755696364563,21.24014400921659,34.24032648489503,1.734833973374296,2.45132379672299,55.53035989503328,0.6338458781362007,0.4748677035330261,17.489755440348183,True,False,True,high
Dhule,Sugarcane,Whole Year,2022,4381.0,394290.0,90.0,93.36,0.3730108423266771,0.5147038214664995,0.20171800959583375,12,26.712669546851,20.558521505376344,33.75687461597543,2.3868405017921144,2.5011114951356888,56.90097657450077,0.687260752688172,0.5002437275985664,18.464348118279567,True,False,True,high
Dhule,Sunflower,Rabi,2021,92.0,121.32,1.32,,0.3213027743033516,0.3608530872031194,0.2907057108129193,5,23.828484331797235,16.383144086021506,32.479010906298,0.2325354838709677,1.8007622119815667,46.827769585253456,0.6076881720430107,0.3612731182795699,17.069506451612902,False,False,False,medium
Dhule,Sunflower,Rabi,2022,80.5,94.2,1.17,1.32,0.3459669619896434,0.4195346749413482,0.2869162173226078,5,23.19907603686636,15.564184178187404,32.15028248847926,0.1792258064516129,1.62958509984639,46.8594866359447,0.6261301075268817,0.4315947772657449,18.12699877112136,False,False,False,medium
Dhule,Sunflower,Summer,2021,12.0,11.08,0.92,,0.1855503946404387,0.2152780162913693,0.1558227729895082,2,32.787849462365585,25.274827956989245,40.49562903225807,0.7460161290322581,3.095924731182796,35.09248924731183,0.5948387096774194,0.2555913978494624,22.379666666666665,False,False,False,low
Dhule,Sunflower,Summer,2022,71.0,61.0,0.86,0.92,0.1963494306081619,0.2293931923565316,0.1633056688597922,2,34.19567741935484,25.69516129032258,42.9203064516129,0.0004838709677419,3.763048387096774,29.30145161290322,0.59,0.1139516129032258,25.203215053763444,False,False,False,low
Dhule,Urad,Kharif,2020,14945.86,5189.61,0.35,,0.4114655664617643,0.495004244061534,0.241067837336053,5,27.418116129032256,23.80313978494624,31.87195483870968,5.354294623655915,2.290866666666667,79.05201720430107,0.7724193548387097,0.7830688172043011,16.34906451612903,True,False,True,medium
Dhule,Urad,Kharif,2021,12113.24,1269.47,0.1,0.35,0.4114655664617643,0.4830085372613255,0.241067837336053,5,27.627688172043012,23.511344086021506,32.89499569892473,3.609475268817204,2.982305376344086,74.22820215053764,0.6756709677419355,0.671741935483871,16.113473118279572,True,False,True,medium
Dhule,Urad,Kharif,2022,11949.0,5019.78,0.42,0.1,0.4114655664617643,0.5147038214664995,0.241067837336053,5,26.905516129032257,23.166255913978496,31.46223225806452,5.631449462365591,2.84181935483871,78.01696774193547,0.7897956989247312,0.7622989247311829,16.254664516129033,True,False,True,medium
Dhule,Wheat,Rabi,2020,58318.3,96324.99,1.65,,0.3373108318950201,0.3961782461709803,0.2552335321750246,5,24.60990829493088,17.09872841781874,33.30609539170507,0.0944058371735791,1.5717276497695851,43.25713041474654,0.6163999999999998,0.3739061443932411,17.57771628264209,False,False,False,medium
Dhule,Wheat,Rabi,2021,61801.54,100169.79,1.62,1.65,0.3213027743033516,0.3608530872031194,0.2907057108129193,5,23.828484331797235,16.383144086021506,32.479010906298,0.2325354838709677,1.8007622119815667,46.827769585253456,0.6076881720430107,0.3612731182795699,17.069506451612902,False,False,False,medium
Dhule,Wheat,Rabi,2022,58452.51,96294.67,1.65,1.62,0.3459669619896434,0.4195346749413482,0.2869162173226078,5,23.19907603686636,15.564184178187404,32.15028248847926,0.1792258064516129,1.62958509984639,46.8594866359447,0.6261301075268817,0.4315947772657449,18.12699877112136,False,False,False,medium
Dhule,other oilseeds,Kharif,2020,348.0,156.6,0.45,,0.4009920640763048,0.495004244061534,0.2492406248839314,5,27.418116129032256,23.80313978494624,31.87195483870968,5.354294623655915,2.290866666666667,79.05201720430107,0.7724193548387097,0.7830688172043011,16.34906451612903,True,False,True,medium
Dhule,other oilseeds,Kharif,2021,172.0,26.0,0.15,0.45,0.4009920640763048,0.4830085372613255,0.2492406248839314,5,27.627688172043012,23.511344086021506,32.89499569892473,3.609475268817204,2.982305376344086,74.22820215053764,0.6756709677419355,0.671741935483871,16.113473118279572,True,False,True,medium
Dhule,other oilseeds,Kharif,2022,123.0,24.6,0.2,0.15,0.4009920640763048,0.5147038214664995,0.2492406248839314,5,26.905516129032257,23.166255913978496,31.46223225806452,5.631449462365591,2.84181935483871,78.01696774193547,0.7897956989247312,0.7622989247311829,16.254664516129033,True,False,True,medium
Dhule,other oilseeds,Rabi,2020,15.0,2.25,0.15,,0.3373108318950201,0.3961782461709803,0.2552335321750246,5,24.60990829493088,17.09872841781874,33.30609539170507,0.0944058371735791,1.5717276497695851,43.25713041474654,0.6163999999999998,0.3739061443932411,17.57771628264209,False,False,False,medium
Dhule,other oilseeds,Rabi,2021,715.0,213.11,0.3,0.15,0.3213027743033516,0.3608530872031194,0.2907057108129193,5,23.828484331797235,16.383144086021506,32.479010906298,0.2325354838709677,1.8007622119815667,46.827769585253456,0.6076881720430107,0.3612731182795699,17.069506451612902,False,False,False,medium
Dhule,other oilseeds,Rabi,2022,29.0,8.58,0.3,0.3,0.3459669619896434,0.4195346749413482,0.2869162173226078,5,23.19907603686636,15.564184178187404,32.15028248847926,0.1792258064516129,1.62958509984639,46.8594866359447,0.6261301075268817,0.4315947772657449,18.12699877112136,False,False,False,medium
Dhule,other oilseeds,Summer,2021,27.0,17.15,0.64,,0.1855503946404387,0.2152780162913693,0.1558227729895082,2,32.787849462365585,25.274827956989245,40.49562903225807,0.7460161290322581,3.095924731182796,35.09248924731183,0.5948387096774194,0.2555913978494624,22.379666666666665,False,False,False,low
Gadchiroli,Arhar/Tur,Kharif,2020,5617.79,8394.11,1.49,,0.4114655664617643,0.5860179711704641,0.241067837336053,5,27.069464516129035,23.859901075268816,30.85308817204301,7.783040860215053,1.540821505376344,83.87712043010752,0.8534365591397851,0.8566774193548387,15.797197849462368,True,True,True,medium
Gadchiroli,Arhar/Tur,Kharif,2021,5362.21,6396.58,1.19,1.49,0.4114655664617643,0.5860179711704641,0.241067837336053,5,26.928245161290324,23.699668817204294,30.76862150537635,7.620475268817204,1.6642408602150538,83.57772903225808,0.8434838709677418,0.8458021505376344,16.100322580645162,True,True,True,medium
Gadchiroli,Arhar/Tur,Kharif,2022,5224.0,5729.0,1.1,1.19,0.4114655664617643,0.5860179711704641,0.241067837336053,5,27.2178,23.85901935483871,31.16956559139785,11.009408602150538,1.7577139784946234,81.32046021505377,0.8563913978494624,0.8279483870967741,15.79590752688172,True,True,True,medium
Gadchiroli,Cotton(lint),Kharif,2020,6900.0,17300.0,2.51,,0.4114655664617643,0.5737471118845295,0.241067837336053,5,27.069464516129035,23.859901075268816,30.85308817204301,7.783040860215053,1.540821505376344,83.87712043010752,0.8534365591397851,0.8566774193548387,15.797197849462368,True,True,True,medium
Gadchiroli,Cotton(lint),Kharif,2021,7200.0,17100.0,2.38,2.51,0.4114655664617643,0.5737471118845295,0.241067837336053,5,26.928245161290324,23.699668817204294,30.76862150537635,7.620475268817204,1.6642408602150538,83.57772903225808,0.8434838709677418,0.8458021505376344,16.100322580645162,True,True,True,medium
Gadchiroli,Cotton(lint),Kharif,2022,7106.81,16612.8,2.34,2.38,0.4114655664617643,0.5737471118845295,0.241067837336053,5,27.2178,23.85901935483871,31.16956559139785,11.009408602150538,1.7577139784946234,81.32046021505377,0.8563913978494624,0.8279483870967741,15.79590752688172,True,True,True,medium
Gadchiroli,Gram,Rabi,2020,13654.15,6974.77,0.51,,0.39860682211789794,0.47964805913657504,0.28734854097428925,5,23.69727926267281,16.290234408602153,32.454431336405534,0.0989155145929339,1.3220133640552996,48.95407956989247,0.5761090629800307,0.3871144393241167,17.938219354838708,True,True,True,medium
Gadchiroli,Gram,Rabi,2021,16601.69,7862.06,0.47,0.51,0.39860682211789794,0.47964805913657504,0.28734854097428925,5,22.91477741935484,16.321611367127495,30.720299231950843,1.4394261136712752,1.3498933947772658,59.50653686635944,0.6093433179723502,0.5311066052227342,17.191443932411676,True,True,True,medium
Gadchiroli,Gram,Rabi,2022,5481.63,2722.01,0.5,0.47,0.39860682211789794,0.47964805913657504,0.28734854097428925,5,23.51188801843318,16.24966866359447,32.09484362519201,0.1834838709677419,1.307777112135177,51.27690768049155,0.5809731182795699,0.404105683563748,18.092882488479265,True,True,True,medium
Gadchiroli,Groundnut,Kharif,2021,12.05,13.3,1.1,,0.4009920640763048,0.5712580928552405,0.2429167809553046,5,26.928245161290324,23.699668817204294,30.76862150537635,7.620475268817204,1.6642408602150538,83.57772903225808,0.8434838709677418,0.8458021505376344,16.100322580645162,True,True,True,medium
Gadchiroli,Groundnut,Kharif,2022,4.0,2.62,0.65,1.1,0.4009920640763048,0.5712580928552405,0.2429167809553046,5,27.2178,23.85901935483871,31.16956559139785,11.009408602150538,1.7577139784946234,81.32046021505377,0.8563913978494624,0.8279483870967741,15.79590752688172,True,True,True,medium
Gadchiroli,Groundnut,Summer,2020,1.0,1.49,1.49,,0.2310359170330002,0.2511918662926406,0.213056518847765,2,33.90026881720431,26.365182795698928,41.62130107526882,1.3973924731182794,1.656252688172043,34.49174193548387,0.5416935483870968,0.3273279569892473,23.87155376344086,True,True,True,low
Gadchiroli,Groundnut,Summer,2021,5.0,10.01,2.0,1.49,0.2310359170330002,0.2511918662926406,0.213056518847765,2,33.54676344086021,26.39760752688172,40.79020430107528,0.7464731182795699,1.787688172043011,33.78320967741936,0.5346827956989247,0.2756075268817204,21.675236559139783,True,True,True,low
Gadchiroli,Jowar,Kharif,2020,15.71,8.53,0.54,,0.4114655664617643,0.572502602369885,0.241067837336053,5,27.069464516129035,23.859901075268816,30.85308817204301,7.783040860215053,1.540821505376344,83.87712043010752,0.8534365591397851,0.8566774193548387,15.797197849462368,True,True,True,medium
Gadchiroli,Jowar,Kharif,2021,7.86,4.72,0.6,0.54,0.4114655664617643,0.572502602369885,0.241067837336053,5,26.928245161290324,23.699668817204294,30.76862150537635,7.620475268817204,1.6642408602150538,83.57772903225808,0.8434838709677418,0.8458021505376344,16.100322580645162,True,True,True,medium
Gadchiroli,Jowar,Kharif,2022,7.86,3.51,0.45,0.6,0.4114655664617643,0.572502602369885,0.241067837336053,5,27.2178,23.85901935483871,31.16956559139785,11.009408602150538,1.7577139784946234,81.32046021505377,0.8563913978494624,0.8279483870967741,15.79590752688172,True,True,True,medium
Gadchiroli,Jowar,Rabi,2020,1324.91,938.15,0.71,,0.3906892162962018,0.4783299601592158,0.2856978455086197,5,23.69727926267281,16.290234408602153,32.454431336405534,0.0989155145929339,1.3220133640552996,48.95407956989247,0.5761090629800307,0.3871144393241167,17.938219354838708,True,True,True,medium
Gadchiroli,Jowar,Rabi,2021,2192.62,1814.81,0.83,0.71,0.3906892162962018,0.4783299601592158,0.2856978455086197,5,22.91477741935484,16.321611367127495,30.720299231950843,1.4394261136712752,1.3498933947772658,59.50653686635944,0.6093433179723502,0.5311066052227342,17.191443932411676,True,True,True,medium
Gadchiroli,Jowar,Rabi,2022,2055.4,2846.5,1.38,0.83,0.3906892162962018,0.4783299601592158,0.2856978455086197,5,23.51188801843318,16.24966866359447,32.09484362519201,0.1834838709677419,1.307777112135177,51.27690768049155,0.5809731182795699,0.404105683563748,18.092882488479265,True,True,True,medium
Gadchiroli,Linseed,Rabi,2020,867.48,191.8,0.22,,0.4045575526072913,0.4749512492026602,0.28348514188755203,5,23.69727926267281,16.290234408602153,32.454431336405534,0.0989155145929339,1.3220133640552996,48.95407956989247,0.5761090629800307,0.3871144393241167,17.938219354838708,True,True,True,medium
Gadchiroli,Linseed,Rabi,2021,671.64,180.94,0.27,0.22,0.4045575526072913,0.4749512492026602,0.28348514188755203,5,22.91477741935484,16.321611367127495,30.720299231950843,1.4394261136712752,1.3498933947772658,59.50653686635944,0.6093433179723502,0.5311066052227342,17.191443932411676,True,True,True,medium
Gadchiroli,Linseed,Rabi,2022,833.89,190.54,0.23,0.27,0.4045575526072913,0.4749512492026602,0.28348514188755203,5,23.51188801843318,16.24966866359447,32.09484362519201,0.1834838709677419,1.307777112135177,51.27690768049155,0.5809731182795699,0.404105683563748,18.092882488479265,True,True,True,medium
Gadchiroli,Maize,Kharif,2020,1528.06,5218.94,3.42,,0.4033555229369874,0.5626616548690501,0.2163513167840456,5,27.069464516129035,23.859901075268816,30.85308817204301,7.783040860215053,1.540821505376344,83.87712043010752,0.8534365591397851,0.8566774193548387,15.797197849462368,True,True,True,medium
Gadchiroli,Maize,Kharif,2021,1205.58,3558.28,2.95,3.42,0.4033555229369874,0.5626616548690501,0.2163513167840456,5,26.928245161290324,23.699668817204294,30.76862150537635,7.620475268817204,1.6642408602150538,83.57772903225808,0.8434838709677418,0.8458021505376344,16.100322580645162,True,True,True,medium
Gadchiroli,Maize,Kharif,2022,810.0,2419.0,2.99,2.95,0.4033555229369874,0.5626616548690501,0.2163513167840456,5,27.2178,23.85901935483871,31.16956559139785,11.009408602150538,1.7577139784946234,81.32046021505377,0.8563913978494624,0.8279483870967741,15.79590752688172,True,True,True,medium
Gadchiroli,Maize,Rabi,2020,3338.74,4306.72,1.29,,0.3998992582925255,0.481942353720542,0.2906963430238516,5,23.69727926267281,16.290234408602153,32.454431336405534,0.0989155145929339,1.3220133640552996,48.95407956989247,0.5761090629800307,0.3871144393241167,17.938219354838708,True,True,True,medium
Gadchiroli,Maize,Rabi,2021,3071.89,6685.97,2.18,1.29,0.3998992582925255,0.481942353720542,0.2906963430238516,5,22.91477741935484,16.321611367127495,30.720299231950843,1.4394261136712752,1.3498933947772658,59.50653686635944,0.6093433179723502,0.5311066052227342,17.191443932411676,True,True,True,medium
Gadchiroli,Maize,Rabi,2022,5528.63,10929.79,1.98,2.18,0.3998992582925255,0.481942353720542,0.2906963430238516,5,23.51188801843318,16.24966866359447,32.09484362519201,0.1834838709677419,1.307777112135177,51.27690768049155,0.5809731182795699,0.404105683563748,18.092882488479265,True,True,True,medium
Gadchiroli,Maize,Summer,2020,786.36,1226.57,1.56,,0.22950054548273405,0.24981985746174978,0.2097347354829065,2,33.90026881720431,26.365182795698928,41.62130107526882,1.3973924731182794,1.656252688172043,34.49174193548387,0.5416935483870968,0.3273279569892473,23.87155376344086,True,True,True,low
Gadchiroli,Maize,Summer,2021,910.66,1420.45,1.56,1.56,0.22950054548273405,0.24981985746174978,0.2097347354829065,2,33.54676344086021,26.39760752688172,40.79020430107528,0.7464731182795699,1.787688172043011,33.78320967741936,0.5346827956989247,0.2756075268817204,21.675236559139783,True,True,True,low
Gadchiroli,Maize,Summer,2022,1111.48,1722.08,1.55,1.56,0.22950054548273405,0.24981985746174978,0.2097347354829065,2,35.21966129032258,27.91548924731183,42.82083870967742,0.3274838709677419,2.00689247311828,30.368295698924733,0.5316129032258066,0.1986881720430107,22.81053225806452,True,True,True,low
Gadchiroli,Moong(Green Gram),Kharif,2020,36.17,12.28,0.34,,0.4114655664617643,0.581686613461441,0.241067837336053,5,27.069464516129035,23.859901075268816,30.85308817204301,7.783040860215053,1.540821505376344,83.87712043010752,0.8534365591397851,0.8566774193548387,15.797197849462368,True,True,True,medium
Gadchiroli,Moong(Green Gram),Kharif,2021,35.25,17.42,0.49,0.34,0.4114655664617643,0.581686613461441,0.241067837336053,5,26.928245161290324,23.699668817204294,30.76862150537635,7.620475268817204,1.6642408602150538,83.57772903225808,0.8434838709677418,0.8458021505376344,16.100322580645162,True,True,True,medium
Gadchiroli,Moong(Green Gram),Kharif,2022,10.19,3.86,0.38,0.49,0.4114655664617643,0.581686613461441,0.241067837336053,5,27.2178,23.85901935483871,31.16956559139785,11.009408602150538,1.7577139784946234,81.32046021505377,0.8563913978494624,0.8279483870967741,15.79590752688172,True,True,True,medium
Gadchiroli,Moong(Green Gram),Summer,2021,192.9,35.53,0.18,,0.22643905097955008,0.24599611958896778,0.20697208482159715,2,33.54676344086021,26.39760752688172,40.79020430107528,0.7464731182795699,1.787688172043011,33.78320967741936,0.5346827956989247,0.2756075268817204,21.675236559139783,True,True,True,low
Gadchiroli,Moong(Green Gram),Summer,2022,94.1,17.33,0.18,0.18,0.22643905097955008,0.24599611958896778,0.20697208482159715,2,35.21966129032258,27.91548924731183,42.82083870967742,0.3274838709677419,2.00689247311828,30.368295698924733,0.5316129032258066,0.1986881720430107,22.81053225806452,True,True,True,low
Gadchiroli,Other  Rabi pulses,Rabi,2020,14441.13,3104.84,0.21,,0.3924539928430778,0.4748234892099104,0.295596447007373,5,23.69727926267281,16.290234408602153,32.454431336405534,0.0989155145929339,1.3220133640552996,48.95407956989247,0.5761090629800307,0.3871144393241167,17.938219354838708,True,True,True,medium
Gadchiroli,Other  Rabi pulses,Rabi,2021,14498.3,3189.63,0.22,0.21,0.3924539928430778,0.4748234892099104,0.295596447007373,5,22.91477741935484,16.321611367127495,30.720299231950843,1.4394261136712752,1.3498933947772658,59.50653686635944,0.6093433179723502,0.5311066052227342,17.191443932411676,True,True,True,medium
Gadchiroli,Other  Rabi pulses,Rabi,2022,14014.13,3503.53,0.25,0.22,0.3924539928430778,0.4748234892099104,0.295596447007373,5,23.51188801843318,16.24966866359447,32.09484362519201,0.1834838709677419,1.307777112135177,51.27690768049155,0.5809731182795699,0.404105683563748,18.092882488479265,True,True,True,medium
Gadchiroli,Other Cereals,Kharif,2020,42.75,8.76,0.2,,0.4009920640763048,0.5848585114424089,0.2537155251933066,5,27.069464516129035,23.859901075268816,30.85308817204301,7.783040860215053,1.540821505376344,83.87712043010752,0.8534365591397851,0.8566774193548387,15.797197849462368,True,True,True,medium
Gadchiroli,Other Cereals,Rabi,2022,9.0,3.6,0.4,,0.38967110806170624,0.47438113412596555,0.2946701834944748,5,23.51188801843318,16.24966866359447,32.09484362519201,0.1834838709677419,1.307777112135177,51.27690768049155,0.5809731182795699,0.404105683563748,18.092882488479265,True,True,True,medium
Gadchiroli,Other Kharif pulses,Kharif,2020,212.4,194.77,0.92,,0.4009920640763048,0.5860179711704641,0.2537155251933066,5,27.069464516129035,23.859901075268816,30.85308817204301,7.783040860215053,1.540821505376344,83.87712043010752,0.8534365591397851,0.8566774193548387,15.797197849462368,True,True,True,medium
Gadchiroli,Other Kharif pulses,Kharif,2021,1.5,0.4,0.27,0.92,0.4009920640763048,0.5860179711704641,0.2537155251933066,5,26.928245161290324,23.699668817204294,30.76862150537635,7.620475268817204,1.6642408602150538,83.57772903225808,0.8434838709677418,0.8458021505376344,16.100322580645162,True,True,True,medium
Gadchiroli,Other Kharif pulses,Kharif,2022,148.0,65.65,0.44,0.27,0.4009920640763048,0.5860179711704641,0.2537155251933066,5,27.2178,23.85901935483871,31.16956559139785,11.009408602150538,1.7577139784946234,81.32046021505377,0.8563913978494624,0.8279483870967741,15.79590752688172,True,True,True,medium
Gadchiroli,Other Summer Pulses,Summer,2020,16.6,4.71,0.28,,0.23550570929499065,0.2518931141717084,0.21585327281037164,2,33.90026881720431,26.365182795698928,41.62130107526882,1.3973924731182794,1.656252688172043,34.49174193548387,0.5416935483870968,0.3273279569892473,23.87155376344086,True,True,True,low
Gadchiroli,Other Summer Pulses,Summer,2021,5.2,1.48,0.28,0.28,0.23550570929499065,0.2518931141717084,0.21585327281037164,2,33.54676344086021,26.39760752688172,40.79020430107528,0.7464731182795699,1.787688172043011,33.78320967741936,0.5346827956989247,0.2756075268817204,21.675236559139783,True,True,True,low
Gadchiroli,Rice,Kharif,2020,171321.16,273230.69,1.59,,0.42158207299695205,0.5673029612997963,0.2723615137428504,5,27.069464516129035,23.859901075268816,30.85308817204301,7.783040860215053,1.540821505376344,83.87712043010752,0.8534365591397851,0.8566774193548387,15.797197849462368,True,True,True,medium
Gadchiroli,Rice,Kharif,2021,175277.08,266085.07,1.52,1.59,0.42158207299695205,0.5673029612997963,0.2723615137428504,5,26.928245161290324,23.699668817204294,30.76862150537635,7.620475268817204,1.6642408602150538,83.57772903225808,0.8434838709677418,0.8458021505376344,16.100322580645162,True,True,True,medium
Gadchiroli,Rice,Kharif,2022,178684.75,321665.03,1.8,1.52,0.42158207299695205,0.5673029612997963,0.2723615137428504,5,27.2178,23.85901935483871,31.16956559139785,11.009408602150538,1.7577139784946234,81.32046021505377,0.8563913978494624,0.8279483870967741,15.79590752688172,True,True,True,medium
Gadchiroli,Rice,Summer,2020,10043.0,25221.89,2.51,,0.2661380746558501,0.2781900096589682,0.2604919607988918,2,33.90026881720431,26.365182795698928,41.62130107526882,1.3973924731182794,1.656252688172043,34.49174193548387,0.5416935483870968,0.3273279569892473,23.87155376344086,True,True,True,low
Gadchiroli,Rice,Summer,2021,15321.14,35246.28,2.3,2.51,0.2661380746558501,0.2781900096589682,0.2604919607988918,2,33.54676344086021,26.39760752688172,40.79020430107528,0.7464731182795699,1.787688172043011,33.78320967741936,0.5346827956989247,0.2756075268817204,21.675236559139783,True,True,True,low
Gadchiroli,Rice,Summer,2022,10724.8,24259.28,2.26,2.3,0.2661380746558501,0.2781900096589682,0.2604919607988918,2,35.21966129032258,27.91548924731183,42.82083870967742,0.3274838709677419,2.00689247311828,30.368295698924733,0.5316129032258066,0.1986881720430107,22.81053225806452,True,True,True,low
Gadchiroli,Safflower,Rabi,2021,1236.5,1016.16,0.82,,0.3888312386672944,0.47569387692669335,0.28246632885942,5,22.91477741935484,16.321611367127495,30.720299231950843,1.4394261136712752,1.3498933947772658,59.50653686635944,0.6093433179723502,0.5311066052227342,17.191443932411676,True,True,True,medium
Gadchiroli,Safflower,Rabi,2022,461.5,404.25,0.88,0.82,0.3888312386672944,0.47569387692669335,0.28246632885942,5,23.51188801843318,16.24966866359447,32.09484362519201,0.1834838709677419,1.307777112135177,51.27690768049155,0.5809731182795699,0.404105683563748,18.092882488479265,True,True,True,medium
Gadchiroli,Sesamum,Kharif,2020,332.13,65.9,0.2,,0.4114655664617643,0.5751659810451921,0.2447657245745562,5,27.069464516129035,23.859901075268816,30.85308817204301,7.783040860215053,1.540821505376344,83.87712043010752,0.8534365591397851,0.8566774193548387,15.797197849462368,True,True,True,medium
Gadchiroli,Sesamum,Kharif,2021,333.12,45.54,0.14,0.2,0.4114655664617643,0.5751659810451921,0.2447657245745562,5,26.928245161290324,23.699668817204294,30.76862150537635,7.620475268817204,1.6642408602150538,83.57772903225808,0.8434838709677418,0.8458021505376344,16.100322580645162,True,True,True,medium
Gadchiroli,Sesamum,Kharif,2022,325.32,72.42,0.22,0.14,0.4114655664617643,0.5751659810451921,0.2447657245745562,5,27.2178,23.85901935483871,31.16956559139785,11.009408602150538,1.7577139784946234,81.32046021505377,0.8563913978494624,0.8279483870967741,15.79590752688172,True,True,True,medium
Gadchiroli,Sesamum,Rabi,2020,36.68,18.34,0.5,,0.3924539928430778,0.4748234892099104,0.2906963430238516,5,23.69727926267281,16.290234408602153,32.454431336405534,0.0989155145929339,1.3220133640552996,48.95407956989247,0.5761090629800307,0.3871144393241167,17.938219354838708,True,True,True,medium
Gadchiroli,Sesamum,Rabi,2021,119.2,58.11,0.49,0.5,0.3924539928430778,0.4748234892099104,0.2906963430238516,5,22.91477741935484,16.321611367127495,30.720299231950843,1.4394261136712752,1.3498933947772658,59.50653686635944,0.6093433179723502,0.5311066052227342,17.191443932411676,True,True,True,medium
Gadchiroli,Sesamum,Rabi,2022,266.1,89.14,0.34,0.49,0.3924539928430778,0.4748234892099104,0.2906963430238516,5,23.51188801843318,16.24966866359447,32.09484362519201,0.1834838709677419,1.307777112135177,51.27690768049155,0.5809731182795699,0.404105683563748,18.092882488479265,True,True,True,medium
Gadchiroli,Soyabean,Kharif,2020,95.27,52.61,0.55,,0.4114655664617643,0.5737471118845295,0.241067837336053,5,27.069464516129035,23.859901075268816,30.85308817204301,7.783040860215053,1.540821505376344,83.87712043010752,0.8534365591397851,0.8566774193548387,15.797197849462368,True,True,True,medium
Gadchiroli,Soyabean,Kharif,2021,3.09,4.33,1.4,0.55,0.4114655664617643,0.5737471118845295,0.241067837336053,5,26.928245161290324,23.699668817204294,30.76862150537635,7.620475268817204,1.6642408602150538,83.57772903225808,0.8434838709677418,0.8458021505376344,16.100322580645162,True,True,True,medium
Gadchiroli,Soyabean,Kharif,2022,15.0,25.0,1.67,1.4,0.4114655664617643,0.5737471118845295,0.241067837336053,5,27.2178,23.85901935483871,31.16956559139785,11.009408602150538,1.7577139784946234,81.32046021505377,0.8563913978494624,0.8279483870967741,15.79590752688172,True,True,True,medium
Gadchiroli,Soyabean,Summer,2021,6.0,3.6,0.6,,0.2290056094462148,0.24599611958896778,0.20862002408605718,2,33.54676344086021,26.39760752688172,40.79020430107528,0.7464731182795699,1.787688172043011,33.78320967741936,0.5346827956989247,0.2756075268817204,21.675236559139783,True,True,True,low
Gadchiroli,Soyabean,Summer,2022,0.4,0.24,0.6,0.6,0.2290056094462148,0.24599611958896778,0.20862002408605718,2,35.21966129032258,27.91548924731183,42.82083870967742,0.3274838709677419,2.00689247311828,30.368295698924733,0.5316129032258066,0.1986881720430107,22.81053225806452,True,True,True,low
Gadchiroli,Sunflower,Rabi,2022,9.0,4.18,0.46,,0.3817281405661875,0.4563042968723024,0.2936950758736076,5,23.51188801843318,16.24966866359447,32.09484362519201,0.1834838709677419,1.307777112135177,51.27690768049155,0.5809731182795699,0.404105683563748,18.092882488479265,True,True,True,medium
Gadchiroli,Urad,Kharif,2020,102.6,29.96,0.29,,0.4114655664617643,0.5860179711704641,0.241067837336053,5,27.069464516129035,23.859901075268816,30.85308817204301,7.783040860215053,1.540821505376344,83.87712043010752,0.8534365591397851,0.8566774193548387,15.797197849462368,True,True,True,medium
Gadchiroli,Urad,Kharif,2021,49.83,19.75,0.4,0.29,0.4114655664617643,0.5860179711704641,0.241067837336053,5,26.928245161290324,23.699668817204294,30.76862150537635,7.620475268817204,1.6642408602150538,83.57772903225808,0.8434838709677418,0.8458021505376344,16.100322580645162,True,True,True,medium
Gadchiroli,Urad,Kharif,2022,51.79,23.88,0.46,0.4,0.4114655664617643,0.5860179711704641,0.241067837336053,5,27.2178,23.85901935483871,31.16956559139785,11.009408602150538,1.7577139784946234,81.32046021505377,0.8563913978494624,0.8279483870967741,15.79590752688172,True,True,True,medium
Gadchiroli,Urad,Summer,2021,3.7,1.99,0.54,,0.24248753507026735,0.26000402622930796,0.2226840341016886,2,33.54676344086021,26.39760752688172,40.79020430107528,0.7464731182795699,1.787688172043011,33.78320967741936,0.5346827956989247,0.2756075268817204,21.675236559139783,True,True,True,low
Gadchiroli,Urad,Summer,2022,2.7,1.46,0.54,0.54,0.24248753507026735,0.26000402622930796,0.2226840341016886,2,35.21966129032258,27.91548924731183,42.82083870967742,0.3274838709677419,2.00689247311828,30.368295698924733,0.5316129032258066,0.1986881720430107,22.81053225806452,True,True,True,low
Gadchiroli,Wheat,Rabi,2020,570.94,353.87,0.62,,0.3924539928430778,0.4748234892099104,0.2864934089399792,5,23.69727926267281,16.290234408602153,32.454431336405534,0.0989155145929339,1.3220133640552996,48.95407956989247,0.5761090629800307,0.3871144393241167,17.938219354838708,True,True,True,medium
Gadchiroli,Wheat,Rabi,2021,598.59,660.0,1.1,0.62,0.3924539928430778,0.4748234892099104,0.2864934089399792,5,22.91477741935484,16.321611367127495,30.720299231950843,1.4394261136712752,1.3498933947772658,59.50653686635944,0.6093433179723502,0.5311066052227342,17.191443932411676,True,True,True,medium
Gadchiroli,Wheat,Rabi,2022,438.04,579.62,1.32,1.1,0.3924539928430778,0.4748234892099104,0.2864934089399792,5,23.51188801843318,16.24966866359447,32.09484362519201,0.1834838709677419,1.307777112135177,51.27690768049155,0.5809731182795699,0.404105683563748,18.092882488479265,True,True,True,medium
Gadchiroli,other oilseeds,Kharif,2021,7.0,1.0,0.14,,0.4009920640763048,0.5626616548690501,0.2492406248839314,5,26.928245161290324,23.699668817204294,30.76862150537635,7.620475268817204,1.6642408602150538,83.57772903225808,0.8434838709677418,0.8458021505376344,16.100322580645162,True,True,True,medium
Gadchiroli,other oilseeds,Kharif,2022,43.0,16.77,0.39,0.14,0.4009920640763048,0.5626616548690501,0.2492406248839314,5,27.2178,23.85901935483871,31.16956559139785,11.009408602150538,1.7577139784946234,81.32046021505377,0.8563913978494624,0.8279483870967741,15.79590752688172,True,True,True,medium
Gadchiroli,other oilseeds,Rabi,2020,1063.94,299.86,0.28,,0.396447493450646,0.4765642646434763,0.2907057108129193,5,23.69727926267281,16.290234408602153,32.454431336405534,0.0989155145929339,1.3220133640552996,48.95407956989247,0.5761090629800307,0.3871144393241167,17.938219354838708,True,True,True,medium
Gadchiroli,other oilseeds,Rabi,2021,1098.89,296.17,0.27,0.28,0.396447493450646,0.4765642646434763,0.2907057108129193,5,22.91477741935484,16.321611367127495,30.720299231950843,1.4394261136712752,1.3498933947772658,59.50653686635944,0.6093433179723502,0.5311066052227342,17.191443932411676,True,True,True,medium
Gadchiroli,other oilseeds,Rabi,2022,1330.89,413.81,0.31,0.27,0.396447493450646,0.4765642646434763,0.2907057108129193,5,23.51188801843318,16.24966866359447,32.09484362519201,0.1834838709677419,1.307777112135177,51.27690768049155,0.5809731182795699,0.404105683563748,18.092882488479265,True,True,True,medium
Gadchiroli,other oilseeds,Summer,2020,45.0,31.12,0.69,,0.2286639575420841,0.2497810219189616,0.2072794404403915,2,33.90026881720431,26.365182795698928,41.62130107526882,1.3973924731182794,1.656252688172043,34.49174193548387,0.5416935483870968,0.3273279569892473,23.87155376344086,True,True,True,low
Gondia,Arhar/Tur,Kharif,2020,5985.11,8942.95,1.49,,0.4114655664617643,0.5860179711704641,0.241067837336053,5,26.818503225806456,23.44734838709677,30.77669247311828,8.726152688172043,1.86383870967742,82.48038064516129,0.8599763440860213,0.8595763440860213,15.388434408602148,True,True,True,medium
Gondia,Arhar/Tur,Kharif,2021,5860.25,6990.7,1.19,1.49,0.4114655664617643,0.5860179711704641,0.241067837336053,5,26.80237634408602,23.34141075268817,30.844204301075276,6.937101075268816,2.0353763440860213,81.44925591397849,0.8217354838709678,0.8290967741935484,15.873221505376344,True,True,True,medium
Gondia,Arhar/Tur,Kharif,2022,5785.0,6344.0,1.1,1.19,0.4114655664617643,0.5860179711704641,0.241067837336053,5,27.03471827956989,23.660746236559135,30.915505376344083,10.082864516129032,2.010982795698925,80.15101720430108,0.8752924731182796,0.8335311827956989,15.490694623655916,True,True,True,medium
Gondia,Cotton(lint),Kharif,2021,8.0,22.0,2.75,,0.4114655664617643,0.5737471118845295,0.241067837336053,5,26.80237634408602,23.34141075268817,30.844204301075276,6.937101075268816,2.0353763440860213,81.44925591397849,0.8217354838709678,0.8290967741935484,15.873221505376344,True,True,True,medium
Gondia,Gram,Rabi,2020,7229.59,5143.47,0.71,,0.39860682211789794,0.47964805913657504,0.28734854097428925,5,22.5341331797235,14.9712509984639,31.19138125960061,0.2755617511520737,1.4243812596006145,45.95621505376344,0.6013182795698924,0.4282662058371736,17.47727465437788,True,True,True,medium
Gondia,Gram,Rabi,2021,7235.06,4290.03,0.59,0.71,0.39860682211789794,0.47964805913657504,0.28734854097428925,5,21.89631167434716,14.677299539170509,30.168600000000005,0.5839018433179723,1.510015053763441,53.694319508448544,0.6103447004608294,0.4928904761904762,17.133780952380953,True,True,True,medium
Gondia,Gram,Rabi,2022,7283.59,5660.01,0.78,0.59,0.39860682211789794,0.47964805913657504,0.28734854097428925,5,22.295505222734256,14.654941781874038,30.95123963133641,0.2224516129032257,1.4753986175115206,48.20441827956989,0.6088881720430107,0.4245087557603685,17.82000414746544,True,True,True,medium
Gondia,Groundnut,Kharif,2020,2.0,1.82,0.91,,0.4009920640763048,0.5712580928552405,0.2429167809553046,5,26.818503225806456,23.44734838709677,30.77669247311828,8.726152688172043,1.86383870967742,82.48038064516129,0.8599763440860213,0.8595763440860213,15.388434408602148,True,True,True,medium
Gondia,Groundnut,Kharif,2021,2.0,2.21,1.1,0.91,0.4009920640763048,0.5712580928552405,0.2429167809553046,5,26.80237634408602,23.34141075268817,30.844204301075276,6.937101075268816,2.0353763440860213,81.44925591397849,0.8217354838709678,0.8290967741935484,15.873221505376344,True,True,True,medium
Gondia,Groundnut,Summer,2021,9.0,16.95,1.88,,0.2310359170330002,0.2511918662926406,0.213056518847765,2,32.43395161290323,25.052306451612903,39.928559139784944,1.0930967741935482,1.981370967741936,31.15144086021505,0.5701612903225807,0.3028118279569892,22.635360215053765,True,True,True,low
Gondia,Jowar,Rabi,2020,89.6,29.76,0.33,,0.3906892162962018,0.4783299601592158,0.2856978455086197,5,22.5341331797235,14.9712509984639,31.19138125960061,0.2755617511520737,1.4243812596006145,45.95621505376344,0.6013182795698924,0.4282662058371736,17.47727465437788,True,True,True,medium
Gondia,Jowar,Rabi,2021,149.8,121.2,0.81,0.33,0.3906892162962018,0.4783299601592158,0.2856978455086197,5,21.89631167434716,14.677299539170509,30.168600000000005,0.5839018433179723,1.510015053763441,53.694319508448544,0.6103447004608294,0.4928904761904762,17.133780952380953,True,True,True,medium
Gondia,Jowar,Rabi,2022,356.7,321.6,0.9,0.81,0.3906892162962018,0.4783299601592158,0.2856978455086197,5,22.295505222734256,14.654941781874038,30.95123963133641,0.2224516129032257,1.4753986175115206,48.20441827956989,0.6088881720430107,0.4245087557603685,17.82000414746544,True,True,True,medium
Gondia,Linseed,Rabi,2020,2283.07,453.43,0.2,,0.4045575526072913,0.4749512492026602,0.28348514188755203,5,22.5341331797235,14.9712509984639,31.19138125960061,0.2755617511520737,1.4243812596006145,45.95621505376344,0.6013182795698924,0.4282662058371736,17.47727465437788,True,True,True,medium
Gondia,Linseed,Rabi,2021,2065.34,420.3,0.2,0.2,0.4045575526072913,0.4749512492026602,0.28348514188755203,5,21.89631167434716,14.677299539170509,30.168600000000005,0.5839018433179723,1.510015053763441,53.694319508448544,0.6103447004608294,0.4928904761904762,17.133780952380953,True,True,True,medium
Gondia,Linseed,Rabi,2022,1550.03,116.56,0.08,0.2,0.4045575526072913,0.4749512492026602,0.28348514188755203,5,22.295505222734256,14.654941781874038,30.95123963133641,0.2224516129032257,1.4753986175115206,48.20441827956989,0.6088881720430107,0.4245087557603685,17.82000414746544,True,True,True,medium
Gondia,Maize,Kharif,2020,8.33,28.46,3.42,,0.4033555229369874,0.5626616548690501,0.2163513167840456,5,26.818503225806456,23.44734838709677,30.77669247311828,8.726152688172043,1.86383870967742,82.48038064516129,0.8599763440860213,0.8595763440860213,15.388434408602148,True,True,True,medium
Gondia,Maize,Kharif,2021,2.89,8.53,2.95,3.42,0.4033555229369874,0.5626616548690501,0.2163513167840456,5,26.80237634408602,23.34141075268817,30.844204301075276,6.937101075268816,2.0353763440860213,81.44925591397849,0.8217354838709678,0.8290967741935484,15.873221505376344,True,True,True,medium
Gondia,Maize,Kharif,2022,3.0,9.0,3.0,2.95,0.4033555229369874,0.5626616548690501,0.2163513167840456,5,27.03471827956989,23.660746236559135,30.915505376344083,10.082864516129032,2.010982795698925,80.15101720430108,0.8752924731182796,0.8335311827956989,15.490694623655916,True,True,True,medium
Gondia,Maize,Rabi,2020,561.0,723.65,1.29,,0.3998992582925255,0.481942353720542,0.2906963430238516,5,22.5341331797235,14.9712509984639,31.19138125960061,0.2755617511520737,1.4243812596006145,45.95621505376344,0.6013182795698924,0.4282662058371736,17.47727465437788,True,True,True,medium
Gondia,Maize,Rabi,2021,895.25,1948.51,2.18,1.29,0.3998992582925255,0.481942353720542,0.2906963430238516,5,21.89631167434716,14.677299539170509,30.168600000000005,0.5839018433179723,1.510015053763441,53.694319508448544,0.6103447004608294,0.4928904761904762,17.133780952380953,True,True,True,medium
Gondia,Maize,Rabi,2022,1853.8,3664.86,1.98,2.18,0.3998992582925255,0.481942353720542,0.2906963430238516,5,22.295505222734256,14.654941781874038,30.95123963133641,0.2224516129032257,1.4753986175115206,48.20441827956989,0.6088881720430107,0.4245087557603685,17.82000414746544,True,True,True,medium
Gondia,Maize,Summer,2020,375.76,343.73,0.91,,0.22950054548273405,0.24981985746174978,0.2097347354829065,2,33.21829032258064,25.30286559139785,41.00170967741936,2.65233870967742,1.7823924731182794,31.476876344086023,0.5733225806451614,0.3477311827956989,25.268838709677414,True,True,True,low
Gondia,Maize,Summer,2021,375.76,217.94,0.58,0.91,0.22950054548273405,0.24981985746174978,0.2097347354829065,2,32.43395161290323,25.052306451612903,39.928559139784944,1.0930967741935482,1.981370967741936,31.15144086021505,0.5701612903225807,0.3028118279569892,22.635360215053765,True,True,True,low
Gondia,Maize,Summer,2022,556.12,530.84,0.95,0.58,0.22950054548273405,0.24981985746174978,0.2097347354829065,2,35.48739247311828,27.81425268817204,43.27890860215054,0.1393602150537634,2.158817204301076,22.501451612903224,0.56,0.1499731182795698,23.71609139784946,True,True,True,low
Gondia,Moong(Green Gram),Kharif,2020,7.07,2.4,0.34,,0.4114655664617643,0.581686613461441,0.241067837336053,5,26.818503225806456,23.44734838709677,30.77669247311828,8.726152688172043,1.86383870967742,82.48038064516129,0.8599763440860213,0.8595763440860213,15.388434408602148,True,True,True,medium
Gondia,Moong(Green Gram),Kharif,2021,4.93,2.44,0.49,0.34,0.4114655664617643,0.581686613461441,0.241067837336053,5,26.80237634408602,23.34141075268817,30.844204301075276,6.937101075268816,2.0353763440860213,81.44925591397849,0.8217354838709678,0.8290967741935484,15.873221505376344,True,True,True,medium
Gondia,Moong(Green Gram),Kharif,2022,5.16,1.95,0.38,0.49,0.4114655664617643,0.581686613461441,0.241067837336053,5,27.03471827956989,23.660746236559135,30.915505376344083,10.082864516129032,2.010982795698925,80.15101720430108,0.8752924731182796,0.8335311827956989,15.490694623655916,True,True,True,medium
Gondia,Moong(Green Gram),Summer,2021,482.7,88.91,0.18,,0.22643905097955008,0.24599611958896778,0.20697208482159715,2,32.43395161290323,25.052306451612903,39.928559139784944,1.0930967741935482,1.981370967741936,31.15144086021505,0.5701612903225807,0.3028118279569892,22.635360215053765,True,True,True,low
Gondia,Moong(Green Gram),Summer,2022,87.0,16.03,0.18,0.18,0.22643905097955008,0.24599611958896778,0.20697208482159715,2,35.48739247311828,27.81425268817204,43.27890860215054,0.1393602150537634,2.158817204301076,22.501451612903224,0.56,0.1499731182795698,23.71609139784946,True,True,True,low
Gondia,Other  Rabi pulses,Rabi,2020,9766.65,4551.26,0.47,,0.3924539928430778,0.4748234892099104,0.295596447007373,5,22.5341331797235,14.9712509984639,31.19138125960061,0.2755617511520737,1.4243812596006145,45.95621505376344,0.6013182795698924,0.4282662058371736,17.47727465437788,True,True,True,medium
Gondia,Other  Rabi pulses,Rabi,2021,9002.5,4249.18,0.47,0.47,0.3924539928430778,0.4748234892099104,0.295596447007373,5,21.89631167434716,14.677299539170509,30.168600000000005,0.5839018433179723,1.510015053763441,53.694319508448544,0.6103447004608294,0.4928904761904762,17.133780952380953,True,True,True,medium
Gondia,Other  Rabi pulses,Rabi,2022,8421.41,4040.0,0.48,0.47,0.3924539928430778,0.4748234892099104,0.295596447007373,5,22.295505222734256,14.654941781874038,30.95123963133641,0.2224516129032257,1.4753986175115206,48.20441827956989,0.6088881720430107,0.4245087557603685,17.82000414746544,True,True,True,medium
Gondia,Other Cereals,Rabi,2020,12.5,3.2,0.26,,0.38967110806170624,0.47438113412596555,0.2946701834944748,5,22.5341331797235,14.9712509984639,31.19138125960061,0.2755617511520737,1.4243812596006145,45.95621505376344,0.6013182795698924,0.4282662058371736,17.47727465437788,True,True,True,medium
Gondia,Other Cereals,Rabi,2021,16.3,7.11,0.44,0.26,0.38967110806170624,0.47438113412596555,0.2946701834944748,5,21.89631167434716,14.677299539170509,30.168600000000005,0.5839018433179723,1.510015053763441,53.694319508448544,0.6103447004608294,0.4928904761904762,17.133780952380953,True,True,True,medium
Gondia,Other Cereals,Rabi,2022,4.5,1.75,0.39,0.44,0.38967110806170624,0.47438113412596555,0.2946701834944748,5,22.295505222734256,14.654941781874038,30.95123963133641,0.2224516129032257,1.4753986175115206,48.20441827956989,0.6088881720430107,0.4245087557603685,17.82000414746544,True,True,True,medium
Gondia,Other Kharif pulses,Kharif,2020,439.5,310.73,0.71,,0.4009920640763048,0.5860179711704641,0.2537155251933066,5,26.818503225806456,23.44734838709677,30.77669247311828,8.726152688172043,1.86383870967742,82.48038064516129,0.8599763440860213,0.8595763440860213,15.388434408602148,True,True,True,medium
Gondia,Other Kharif pulses,Kharif,2021,125.0,71.75,0.57,0.71,0.4009920640763048,0.5860179711704641,0.2537155251933066,5,26.80237634408602,23.34141075268817,30.844204301075276,6.937101075268816,2.0353763440860213,81.44925591397849,0.8217354838709678,0.8290967741935484,15.873221505376344,True,True,True,medium
Gondia,Other Kharif pulses,Kharif,2022,83.5,45.58,0.55,0.57,0.4009920640763048,0.5860179711704641,0.2537155251933066,5,27.03471827956989,23.660746236559135,30.915505376344083,10.082864516129032,2.010982795698925,80.15101720430108,0.8752924731182796,0.8335311827956989,15.490694623655916,True,True,True,medium
Gondia,Other Summer Pulses,Summer,2020,17.0,6.55,0.39,,0.23550570929499065,0.2518931141717084,0.21585327281037164,2,33.21829032258064,25.30286559139785,41.00170967741936,2.65233870967742,1.7823924731182794,31.476876344086023,0.5733225806451614,0.3477311827956989,25.268838709677414,True,True,True,low
Gondia,Rice,Kharif,2020,152861.58,300671.33,1.97,,0.42158207299695205,0.5673029612997963,0.2723615137428504,5,26.818503225806456,23.44734838709677,30.77669247311828,8.726152688172043,1.86383870967742,82.48038064516129,0.8599763440860213,0.8595763440860213,15.388434408602148,True,True,True,medium
Gondia,Rice,Kharif,2021,153446.3,310499.37,2.02,1.97,0.42158207299695205,0.5673029612997963,0.2723615137428504,5,26.80237634408602,23.34141075268817,30.844204301075276,6.937101075268816,2.0353763440860213,81.44925591397849,0.8217354838709678,0.8290967741935484,15.873221505376344,True,True,True,medium
Gondia,Rice,Kharif,2022,190841.17,489692.62,2.57,2.02,0.42158207299695205,0.5673029612997963,0.2723615137428504,5,27.03471827956989,23.660746236559135,30.915505376344083,10.082864516129032,2.010982795698925,80.15101720430108,0.8752924731182796,0.8335311827956989,15.490694623655916,True,True,True,medium
Gondia,Rice,Summer,2020,52759.76,172014.62,3.26,,0.2661380746558501,0.2781900096589682,0.2604919607988918,2,33.21829032258064,25.30286559139785,41.00170967741936,2.65233870967742,1.7823924731182794,31.476876344086023,0.5733225806451614,0.3477311827956989,25.268838709677414,True,True,True,low
Gondia,Rice,Summer,2021,57946.99,191291.13,3.3,3.26,0.2661380746558501,0.2781900096589682,0.2604919607988918,2,32.43395161290323,25.052306451612903,39.928559139784944,1.0930967741935482,1.981370967741936,31.15144086021505,0.5701612903225807,0.3028118279569892,22.635360215053765,True,True,True,low
Gondia,Rice,Summer,2022,75331.09,237997.28,3.16,3.3,0.2661380746558501,0.2781900096589682,0.2604919607988918,2,35.48739247311828,27.81425268817204,43.27890860215054,0.1393602150537634,2.158817204301076,22.501451612903224,0.56,0.1499731182795698,23.71609139784946,True,True,True,low
Gondia,Safflower,Rabi,2021,323.5,265.85,0.82,,0.3888312386672944,0.47569387692669335,0.28246632885942,5,21.89631167434716,14.677299539170509,30.168600000000005,0.5839018433179723,1.510015053763441,53.694319508448544,0.6103447004608294,0.4928904761904762,17.133780952380953,True,True,True,medium
Gondia,Safflower,Rabi,2022,565.8,495.61,0.88,0.82,0.3888312386672944,0.47569387692669335,0.28246632885942,5,22.295505222734256,14.654941781874038,30.95123963133641,0.2224516129032257,1.4753986175115206,48.20441827956989,0.6088881720430107,0.4245087557603685,17.82000414746544,True,True,True,medium
Gondia,Sesamum,Kharif,2020,1334.7,264.8,0.2,,0.4114655664617643,0.5751659810451921,0.2447657245745562,5,26.818503225806456,23.44734838709677,30.77669247311828,8.726152688172043,1.86383870967742,82.48038064516129,0.8599763440860213,0.8595763440860213,15.388434408602148,True,True,True,medium
Gondia,Sesamum,Kharif,2021,1291.55,176.56,0.14,0.2,0.4114655664617643,0.5751659810451921,0.2447657245745562,5,26.80237634408602,23.34141075268817,30.844204301075276,6.937101075268816,2.0353763440860213,81.44925591397849,0.8217354838709678,0.8290967741935484,15.873221505376344,True,True,True,medium
Gondia,Sesamum,Kharif,2022,920.01,204.81,0.22,0.14,0.4114655664617643,0.5751659810451921,0.2447657245745562,5,27.03471827956989,23.660746236559135,30.915505376344083,10.082864516129032,2.010982795698925,80.15101720430108,0.8752924731182796,0.8335311827956989,15.490694623655916,True,True,True,medium
Gondia,Sesamum,Rabi,2020,66.17,9.3,0.14,,0.3924539928430778,0.4748234892099104,0.2906963430238516,5,22.5341331797235,14.9712509984639,31.19138125960061,0.2755617511520737,1.4243812596006145,45.95621505376344,0.6013182795698924,0.4282662058371736,17.47727465437788,True,True,True,medium
Gondia,Sesamum,Rabi,2021,34.56,16.85,0.49,0.14,0.3924539928430778,0.4748234892099104,0.2906963430238516,5,21.89631167434716,14.677299539170509,30.168600000000005,0.5839018433179723,1.510015053763441,53.694319508448544,0.6103447004608294,0.4928904761904762,17.133780952380953,True,True,True,medium
Gondia,Sesamum,Rabi,2022,26.26,8.8,0.33,0.49,0.3924539928430778,0.4748234892099104,0.2906963430238516,5,22.295505222734256,14.654941781874038,30.95123963133641,0.2224516129032257,1.4753986175115206,48.20441827956989,0.6088881720430107,0.4245087557603685,17.82000414746544,True,True,True,medium
Gondia,Sesamum,Summer,2021,11.0,2.11,0.19,,0.223521575125758,0.24599611958896778,0.19697681383797716,2,32.43395161290323,25.052306451612903,39.928559139784944,1.0930967741935482,1.981370967741936,31.15144086021505,0.5701612903225807,0.3028118279569892,22.635360215053765,True,True,True,low
Gondia,Sesamum,Summer,2022,2.0,0.4,0.2,0.19,0.223521575125758,0.24599611958896778,0.19697681383797716,2,35.48739247311828,27.81425268817204,43.27890860215054,0.1393602150537634,2.158817204301076,22.501451612903224,0.56,0.1499731182795698,23.71609139784946,True,True,True,low
Gondia,Soyabean,Summer,2022,6.0,3.6,0.6,,0.2290056094462148,0.24599611958896778,0.20862002408605718,2,35.48739247311828,27.81425268817204,43.27890860215054,0.1393602150537634,2.158817204301076,22.501451612903224,0.56,0.1499731182795698,23.71609139784946,True,True,True,low
Gondia,Sugarcane,Whole Year,2022,1728.0,105632.64,61.13,,0.3730108423266771,0.5765848502058548,0.20171800959583375,12,26.22097574244752,20.41038197644649,32.6842894265233,4.350083653353814,1.7933037634408604,59.24249423963135,0.7176194316436252,0.5841049027137737,17.819978622631847,True,True,True,high
Gondia,Sunflower,Rabi,2020,7.0,4.19,0.6,,0.3817281405661875,0.4563042968723024,0.2936950758736076,5,22.5341331797235,14.9712509984639,31.19138125960061,0.2755617511520737,1.4243812596006145,45.95621505376344,0.6013182795698924,0.4282662058371736,17.47727465437788,True,True,True,medium
Gondia,Sunflower,Summer,2022,8.0,7.0,0.88,,0.23058930953386958,0.2512997469155769,0.2134421450206768,2,35.48739247311828,27.81425268817204,43.27890860215054,0.1393602150537634,2.158817204301076,22.501451612903224,0.56,0.1499731182795698,23.71609139784946,True,True,True,low
Gondia,Urad,Kharif,2020,25.87,7.56,0.29,,0.4114655664617643,0.5860179711704641,0.241067837336053,5,26.818503225806456,23.44734838709677,30.77669247311828,8.726152688172043,1.86383870967742,82.48038064516129,0.8599763440860213,0.8595763440860213,15.388434408602148,True,True,True,medium
Gondia,Urad,Kharif,2021,30.66,12.15,0.4,0.29,0.4114655664617643,0.5860179711704641,0.241067837336053,5,26.80237634408602,23.34141075268817,30.844204301075276,6.937101075268816,2.0353763440860213,81.44925591397849,0.8217354838709678,0.8290967741935484,15.873221505376344,True,True,True,medium
Gondia,Urad,Kharif,2022,24.45,11.27,0.46,0.4,0.4114655664617643,0.5860179711704641,0.241067837336053,5,27.03471827956989,23.660746236559135,30.915505376344083,10.082864516129032,2.010982795698925,80.15101720430108,0.8752924731182796,0.8335311827956989,15.490694623655916,True,True,True,medium
Gondia,Wheat,Rabi,2020,2635.42,2008.73,0.76,,0.3924539928430778,0.4748234892099104,0.2864934089399792,5,22.5341331797235,14.9712509984639,31.19138125960061,0.2755617511520737,1.4243812596006145,45.95621505376344,0.6013182795698924,0.4282662058371736,17.47727465437788,True,True,True,medium
Gondia,Wheat,Rabi,2021,2415.72,2930.0,1.21,0.76,0.3924539928430778,0.4748234892099104,0.2864934089399792,5,21.89631167434716,14.677299539170509,30.168600000000005,0.5839018433179723,1.510015053763441,53.694319508448544,0.6103447004608294,0.4928904761904762,17.133780952380953,True,True,True,medium
Gondia,Wheat,Rabi,2022,2603.49,2911.74,1.12,1.21,0.3924539928430778,0.4748234892099104,0.2864934089399792,5,22.295505222734256,14.654941781874038,30.95123963133641,0.2224516129032257,1.4753986175115206,48.20441827956989,0.6088881720430107,0.4245087557603685,17.82000414746544,True,True,True,medium
Gondia,other oilseeds,Kharif,2020,1.0,0.29,0.29,,0.4009920640763048,0.5626616548690501,0.2492406248839314,5,26.818503225806456,23.44734838709677,30.77669247311828,8.726152688172043,1.86383870967742,82.48038064516129,0.8599763440860213,0.8595763440860213,15.388434408602148,True,True,True,medium
Gondia,other oilseeds,Rabi,2020,535.05,203.32,0.38,,0.396447493450646,0.4765642646434763,0.2907057108129193,5,22.5341331797235,14.9712509984639,31.19138125960061,0.2755617511520737,1.4243812596006145,45.95621505376344,0.6013182795698924,0.4282662058371736,17.47727465437788,True,True,True,medium
Gondia,other oilseeds,Rabi,2021,833.3,316.65,0.38,0.38,0.396447493450646,0.4765642646434763,0.2907057108129193,5,21.89631167434716,14.677299539170509,30.168600000000005,0.5839018433179723,1.510015053763441,53.694319508448544,0.6103447004608294,0.4928904761904762,17.133780952380953,True,True,True,medium
Gondia,other oilseeds,Rabi,2022,1506.34,518.18,0.34,0.38,0.396447493450646,0.4765642646434763,0.2907057108129193,5,22.295505222734256,14.654941781874038,30.95123963133641,0.2224516129032257,1.4753986175115206,48.20441827956989,0.6088881720430107,0.4245087557603685,17.82000414746544,True,True,True,medium
Hingoli,Arhar/Tur,Kharif,2020,46272.87,13092.29,0.28,,0.360507295011623,0.5860179711704641,0.0894928621335881,5,26.50236129032258,23.009051612903228,30.727389247311827,5.28376129032258,2.4367978494623657,79.97358924731182,0.7470473118279569,0.7717032258064516,16.63078064516129,True,False,True,medium
Hingoli,Arhar/Tur,Kharif,2021,45690.81,45028.29,0.99,0.28,0.360507295011623,0.4944310918549637,0.0894928621335881,5,26.14239569892473,22.59784516129032,30.384972043010755,7.172640860215054,2.567894623655914,80.40929032258065,0.8094817204301077,0.827083870967742,16.500088172043007,False,False,False,medium
Hingoli,Arhar/Tur,Kharif,2022,44459.0,27311.0,0.61,0.99,0.360507295011623,0.5831098603718071,0.0894928621335881,5,26.02851827956989,22.50318709677419,30.19625161290323,7.648748387096774,2.763350537634408,80.45628817204302,0.8474301075268817,0.8365569892473118,16.30343655913979,True,False,True,medium
Hingoli,Bajra,Kharif,2020,8.4,3.97,0.47,,0.360507295011623,0.5860179711704641,0.0894928621335881,5,26.50236129032258,23.009051612903228,30.727389247311827,5.28376129032258,2.4367978494623657,79.97358924731182,0.7470473118279569,0.7717032258064516,16.63078064516129,True,False,True,medium
Hingoli,Bajra,Kharif,2021,10.5,3.8,0.36,0.47,0.360507295011623,0.4944310918549637,0.0894928621335881,5,26.14239569892473,22.59784516129032,30.384972043010755,7.172640860215054,2.567894623655914,80.40929032258065,0.8094817204301077,0.827083870967742,16.500088172043007,False,False,False,medium
Hingoli,Bajra,Kharif,2022,431.0,155.0,0.36,0.36,0.360507295011623,0.5831098603718071,0.0894928621335881,5,26.02851827956989,22.50318709677419,30.19625161290323,7.648748387096774,2.763350537634408,80.45628817204302,0.8474301075268817,0.8365569892473118,16.30343655913979,True,False,True,medium
Hingoli,Cotton(lint),Kharif,2020,45700.0,85600.0,1.87,,0.360507295011623,0.5860179711704641,0.0894928621335881,5,26.50236129032258,23.009051612903228,30.727389247311827,5.28376129032258,2.4367978494623657,79.97358924731182,0.7470473118279569,0.7717032258064516,16.63078064516129,True,False,True,medium
Hingoli,Cotton(lint),Kharif,2021,44900.0,78700.0,1.75,1.87,0.360507295011623,0.4944310918549637,0.0894928621335881,5,26.14239569892473,22.59784516129032,30.384972043010755,7.172640860215054,2.567894623655914,80.40929032258065,0.8094817204301077,0.827083870967742,16.500088172043007,False,False,False,medium
Hingoli,Cotton(lint),Kharif,2022,32475.94,78215.44,2.41,1.75,0.360507295011623,0.5831098603718071,0.0894928621335881,5,26.02851827956989,22.50318709677419,30.19625161290323,7.648748387096774,2.763350537634408,80.45628817204302,0.8474301075268817,0.8365569892473118,16.30343655913979,True,False,True,medium
Hingoli,Gram,Rabi,2020,110417.4,102079.79,0.92,,0.3878526880306264,0.5016912028033219,0.2449362127544898,5,24.1728623655914,16.931251305683563,32.71457158218126,0.0987658986175115,1.797038095238095,44.4829757296467,0.5979036866359447,0.3690854070660522,17.924488018433177,False,False,False,medium
Hingoli,Gram,Rabi,2021,111511.95,137799.78,1.24,0.92,0.3868506237827828,0.467275729363473,0.264445450580351,5,22.9007514592934,16.335157296466974,30.612340092165898,0.1434622119815668,1.843573732718894,55.08916804915515,0.6456013824884792,0.5150537634408601,17.151278955453147,False,False,False,medium
Hingoli,Gram,Rabi,2022,137266.49,170170.64,1.24,1.24,0.3898097893039624,0.4650047159874436,0.2545629087192624,5,23.010445929339475,15.775577880184333,31.306513517665127,0.1023870967741935,1.6314781874039936,49.67013179723502,0.6357130568356375,0.4850961597542242,18.292144546851,False,False,False,medium
Hingoli,Groundnut,Kharif,2020,578.95,261.92,0.45,,0.360507295011623,0.5860179711704641,0.0894928621335881,5,26.50236129032258,23.009051612903228,30.727389247311827,5.28376129032258,2.4367978494623657,79.97358924731182,0.7470473118279569,0.7717032258064516,16.63078064516129,True,False,True,medium
Hingoli,Groundnut,Kharif,2021,578.95,425.88,0.74,0.45,0.360507295011623,0.4944310918549637,0.0894928621335881,5,26.14239569892473,22.59784516129032,30.384972043010755,7.172640860215054,2.567894623655914,80.40929032258065,0.8094817204301077,0.827083870967742,16.500088172043007,False,False,False,medium
Hingoli,Groundnut,Summer,2020,728.07,777.8,1.07,,0.2079470506851372,0.2331556981721652,0.1827384031981093,2,34.51456451612903,26.918989247311828,41.9327311827957,0.1865322580645161,2.563494623655914,25.069940860215056,0.5754193548387097,0.2175376344086021,24.97584946236559,False,False,False,low
Hingoli,Groundnut,Summer,2021,651.58,838.14,1.29,1.07,0.2200946087829696,0.2372476494333094,0.2029415681326299,2,32.89558602150537,26.02551612903226,39.625075268817206,0.4812903225806451,2.575543010752688,31.20647311827957,0.5774784946236559,0.2502096774193548,22.324946236559136,False,False,False,low
Hingoli,Groundnut,Summer,2022,4887.0,5885.0,1.2,1.29,0.2091388655067824,0.2345388565629159,0.183738874450649,2,34.50285483870968,26.696935483870966,41.88826344086021,0.2605860215053763,2.636688172043011,24.630182795698925,0.572741935483871,0.1772419354838709,23.75121505376344,False,False,False,low
Hingoli,Jowar,Kharif,2020,45753.96,8601.74,0.19,,0.360507295011623,0.5860179711704641,0.0894928621335881,5,26.50236129032258,23.009051612903228,30.727389247311827,5.28376129032258,2.4367978494623657,79.97358924731182,0.7470473118279569,0.7717032258064516,16.63078064516129,True,False,True,medium
Hingoli,Jowar,Kharif,2021,42176.56,15213.08,0.36,0.19,0.360507295011623,0.4944310918549637,0.0894928621335881,5,26.14239569892473,22.59784516129032,30.384972043010755,7.172640860215054,2.567894623655914,80.40929032258065,0.8094817204301077,0.827083870967742,16.500088172043007,False,False,False,medium
Hingoli,Jowar,Kharif,2022,5238.29,2652.15,0.51,0.36,0.360507295011623,0.5831098603718071,0.0894928621335881,5,26.02851827956989,22.50318709677419,30.19625161290323,7.648748387096774,2.763350537634408,80.45628817204302,0.8474301075268817,0.8365569892473118,16.30343655913979,True,False,True,medium
Hingoli,Jowar,Rabi,2020,7101.34,7095.09,1.0,,0.3878526880306264,0.5016912028033219,0.2449362127544898,5,24.1728623655914,16.931251305683563,32.71457158218126,0.0987658986175115,1.797038095238095,44.4829757296467,0.5979036866359447,0.3690854070660522,17.924488018433177,False,False,False,medium
Hingoli,Jowar,Rabi,2021,7901.54,7330.02,0.93,1.0,0.3868506237827828,0.467275729363473,0.264445450580351,5,22.9007514592934,16.335157296466974,30.612340092165898,0.1434622119815668,1.843573732718894,55.08916804915515,0.6456013824884792,0.5150537634408601,17.151278955453147,False,False,False,medium
Hingoli,Jowar,Rabi,2022,7535.43,5779.98,0.77,0.93,0.3898097893039624,0.4650047159874436,0.2545629087192624,5,23.010445929339475,15.775577880184333,31.306513517665127,0.1023870967741935,1.6314781874039936,49.67013179723502,0.6357130568356375,0.4850961597542242,18.292144546851,False,False,False,medium
Hingoli,Jowar,Summer,2021,299.0,248.6,0.83,,0.2200946087829696,0.2372476494333094,0.2029415681326299,2,32.89558602150537,26.02551612903226,39.625075268817206,0.4812903225806451,2.575543010752688,31.20647311827957,0.5774784946236559,0.2502096774193548,22.324946236559136,False,False,False,low
Hingoli,Jowar,Summer,2022,420.0,349.2,0.83,0.83,0.2091388655067824,0.2345388565629159,0.183738874450649,2,34.50285483870968,26.696935483870966,41.88826344086021,0.2605860215053763,2.636688172043011,24.630182795698925,0.572741935483871,0.1772419354838709,23.75121505376344,False,False,False,low
Hingoli,Maize,Kharif,2020,990.83,1055.83,1.07,,0.360507295011623,0.5860179711704641,0.0894928621335881,5,26.50236129032258,23.009051612903228,30.727389247311827,5.28376129032258,2.4367978494623657,79.97358924731182,0.7470473118279569,0.7717032258064516,16.63078064516129,True,False,True,medium
Hingoli,Maize,Kharif,2021,1023.11,876.8,0.86,1.07,0.360507295011623,0.4944310918549637,0.0894928621335881,5,26.14239569892473,22.59784516129032,30.384972043010755,7.172640860215054,2.567894623655914,80.40929032258065,0.8094817204301077,0.827083870967742,16.500088172043007,False,False,False,medium
Hingoli,Maize,Kharif,2022,453.0,447.0,0.99,0.86,0.360507295011623,0.5831098603718071,0.0894928621335881,5,26.02851827956989,22.50318709677419,30.19625161290323,7.648748387096774,2.763350537634408,80.45628817204302,0.8474301075268817,0.8365569892473118,16.30343655913979,True,False,True,medium
Hingoli,Maize,Rabi,2020,808.03,1042.27,1.29,,0.3878526880306264,0.5016912028033219,0.2449362127544898,5,24.1728623655914,16.931251305683563,32.71457158218126,0.0987658986175115,1.797038095238095,44.4829757296467,0.5979036866359447,0.3690854070660522,17.924488018433177,False,False,False,medium
Hingoli,Maize,Rabi,2021,811.7,1766.67,2.18,1.29,0.3868506237827828,0.467275729363473,0.264445450580351,5,22.9007514592934,16.335157296466974,30.612340092165898,0.1434622119815668,1.843573732718894,55.08916804915515,0.6456013824884792,0.5150537634408601,17.151278955453147,False,False,False,medium
Hingoli,Maize,Rabi,2022,679.67,1343.67,1.98,2.18,0.3898097893039624,0.4650047159874436,0.2545629087192624,5,23.010445929339475,15.775577880184333,31.306513517665127,0.1023870967741935,1.6314781874039936,49.67013179723502,0.6357130568356375,0.4850961597542242,18.292144546851,False,False,False,medium
Hingoli,Maize,Summer,2020,1020.75,888.82,0.87,,0.2079470506851372,0.2331556981721652,0.1827384031981093,2,34.51456451612903,26.918989247311828,41.9327311827957,0.1865322580645161,2.563494623655914,25.069940860215056,0.5754193548387097,0.2175376344086021,24.97584946236559,False,False,False,low
Hingoli,Maize,Summer,2021,1175.26,1023.36,0.87,0.87,0.2200946087829696,0.2372476494333094,0.2029415681326299,2,32.89558602150537,26.02551612903226,39.625075268817206,0.4812903225806451,2.575543010752688,31.20647311827957,0.5774784946236559,0.2502096774193548,22.324946236559136,False,False,False,low
Hingoli,Maize,Summer,2022,822.68,804.12,0.98,0.87,0.2091388655067824,0.2345388565629159,0.183738874450649,2,34.50285483870968,26.696935483870966,41.88826344086021,0.2605860215053763,2.636688172043011,24.630182795698925,0.572741935483871,0.1772419354838709,23.75121505376344,False,False,False,low
Hingoli,Moong(Green Gram),Kharif,2020,7347.0,2739.85,0.37,,0.360507295011623,0.5860179711704641,0.0894928621335881,5,26.50236129032258,23.009051612903228,30.727389247311827,5.28376129032258,2.4367978494623657,79.97358924731182,0.7470473118279569,0.7717032258064516,16.63078064516129,True,False,True,medium
Hingoli,Moong(Green Gram),Kharif,2021,8642.7,4398.27,0.51,0.37,0.360507295011623,0.4944310918549637,0.0894928621335881,5,26.14239569892473,22.59784516129032,30.384972043010755,7.172640860215054,2.567894623655914,80.40929032258065,0.8094817204301077,0.827083870967742,16.500088172043007,False,False,False,medium
Hingoli,Moong(Green Gram),Kharif,2022,9853.43,5782.98,0.59,0.51,0.360507295011623,0.5831098603718071,0.0894928621335881,5,26.02851827956989,22.50318709677419,30.19625161290323,7.648748387096774,2.763350537634408,80.45628817204302,0.8474301075268817,0.8365569892473118,16.30343655913979,True,False,True,medium
Hingoli,Moong(Green Gram),Summer,2021,378.2,69.66,0.18,,0.2200946087829696,0.2372476494333094,0.2029415681326299,2,32.89558602150537,26.02551612903226,39.625075268817206,0.4812903225806451,2.575543010752688,31.20647311827957,0.5774784946236559,0.2502096774193548,22.324946236559136,False,False,False,low
Hingoli,Moong(Green Gram),Summer,2022,603.8,111.21,0.18,0.18,0.2091388655067824,0.2345388565629159,0.183738874450649,2,34.50285483870968,26.696935483870966,41.88826344086021,0.2605860215053763,2.636688172043011,24.630182795698925,0.572741935483871,0.1772419354838709,23.75121505376344,False,False,False,low
Hingoli,Niger seed,Kharif,2020,7.0,0.26,0.04,,0.4009920640763048,0.5860179711704641,0.2723615137428504,5,26.50236129032258,23.009051612903228,30.727389247311827,5.28376129032258,2.4367978494623657,79.97358924731182,0.7470473118279569,0.7717032258064516,16.63078064516129,True,False,True,medium
Hingoli,Other  Rabi pulses,Rabi,2020,307.0,392.96,1.28,,0.3878526880306264,0.5016912028033219,0.2449362127544898,5,24.1728623655914,16.931251305683563,32.71457158218126,0.0987658986175115,1.797038095238095,44.4829757296467,0.5979036866359447,0.3690854070660522,17.924488018433177,False,False,False,medium
Hingoli,Other  Rabi pulses,Rabi,2021,310.0,90.8,0.29,1.28,0.3868506237827828,0.467275729363473,0.264445450580351,5,22.9007514592934,16.335157296466974,30.612340092165898,0.1434622119815668,1.843573732718894,55.08916804915515,0.6456013824884792,0.5150537634408601,17.151278955453147,False,False,False,medium
Hingoli,Other  Rabi pulses,Rabi,2022,143.5,89.78,0.63,0.29,0.3898097893039624,0.4650047159874436,0.2545629087192624,5,23.010445929339475,15.775577880184333,31.306513517665127,0.1023870967741935,1.6314781874039936,49.67013179723502,0.6357130568356375,0.4850961597542242,18.292144546851,False,False,False,medium
Hingoli,Other Cereals,Kharif,2021,7.0,1.9,0.27,,0.360507295011623,0.4944310918549637,0.0894928621335881,5,26.14239569892473,22.59784516129032,30.384972043010755,7.172640860215054,2.567894623655914,80.40929032258065,0.8094817204301077,0.827083870967742,16.500088172043007,False,False,False,medium
Hingoli,Other Cereals,Kharif,2022,27.0,8.4,0.31,0.27,0.360507295011623,0.5831098603718071,0.0894928621335881,5,26.02851827956989,22.50318709677419,30.19625161290323,7.648748387096774,2.763350537634408,80.45628817204302,0.8474301075268817,0.8365569892473118,16.30343655913979,True,False,True,medium
Hingoli,Other Cereals,Rabi,2020,389.0,171.02,0.44,,0.3878526880306264,0.5016912028033219,0.2449362127544898,5,24.1728623655914,16.931251305683563,32.71457158218126,0.0987658986175115,1.797038095238095,44.4829757296467,0.5979036866359447,0.3690854070660522,17.924488018433177,False,False,False,medium
Hingoli,Other Cereals,Rabi,2021,1143.0,474.38,0.42,0.44,0.3868506237827828,0.467275729363473,0.264445450580351,5,22.9007514592934,16.335157296466974,30.612340092165898,0.1434622119815668,1.843573732718894,55.08916804915515,0.6456013824884792,0.5150537634408601,17.151278955453147,False,False,False,medium
Hingoli,Other Cereals,Rabi,2022,133.6,58.53,0.44,0.42,0.3898097893039624,0.4650047159874436,0.2545629087192624,5,23.010445929339475,15.775577880184333,31.306513517665127,0.1023870967741935,1.6314781874039936,49.67013179723502,0.6357130568356375,0.4850961597542242,18.292144546851,False,False,False,medium
Hingoli,Other Cereals,Summer,2020,373.7,423.07,1.13,,0.2079470506851372,0.2331556981721652,0.1827384031981093,2,34.51456451612903,26.918989247311828,41.9327311827957,0.1865322580645161,2.563494623655914,25.069940860215056,0.5754193548387097,0.2175376344086021,24.97584946236559,False,False,False,low
Hingoli,Other Kharif pulses,Kharif,2020,36073.0,18505.45,0.51,,0.360507295011623,0.5860179711704641,0.0894928621335881,5,26.50236129032258,23.009051612903228,30.727389247311827,5.28376129032258,2.4367978494623657,79.97358924731182,0.7470473118279569,0.7717032258064516,16.63078064516129,True,False,True,medium
Hingoli,Other Kharif pulses,Kharif,2021,20.0,1.56,0.08,0.51,0.360507295011623,0.4944310918549637,0.0894928621335881,5,26.14239569892473,22.59784516129032,30.384972043010755,7.172640860215054,2.567894623655914,80.40929032258065,0.8094817204301077,0.827083870967742,16.500088172043007,False,False,False,medium
Hingoli,Other Kharif pulses,Kharif,2022,415.0,110.47,0.27,0.08,0.360507295011623,0.5831098603718071,0.0894928621335881,5,26.02851827956989,22.50318709677419,30.19625161290323,7.648748387096774,2.763350537634408,80.45628817204302,0.8474301075268817,0.8365569892473118,16.30343655913979,True,False,True,medium
Hingoli,Other Summer Pulses,Summer,2020,205.6,13.38,0.07,,0.2079470506851372,0.2331556981721652,0.1827384031981093,2,34.51456451612903,26.918989247311828,41.9327311827957,0.1865322580645161,2.563494623655914,25.069940860215056,0.5754193548387097,0.2175376344086021,24.97584946236559,False,False,False,low
Hingoli,Safflower,Rabi,2020,1675.67,870.2,0.52,,0.3878526880306264,0.5016912028033219,0.2449362127544898,5,24.1728623655914,16.931251305683563,32.71457158218126,0.0987658986175115,1.797038095238095,44.4829757296467,0.5979036866359447,0.3690854070660522,17.924488018433177,False,False,False,medium
Hingoli,Safflower,Rabi,2021,1433.27,572.45,0.4,0.52,0.3868506237827828,0.467275729363473,0.264445450580351,5,22.9007514592934,16.335157296466974,30.612340092165898,0.1434622119815668,1.843573732718894,55.08916804915515,0.6456013824884792,0.5150537634408601,17.151278955453147,False,False,False,medium
Hingoli,Safflower,Rabi,2022,1463.47,907.35,0.62,0.4,0.3898097893039624,0.4650047159874436,0.2545629087192624,5,23.010445929339475,15.775577880184333,31.306513517665127,0.1023870967741935,1.6314781874039936,49.67013179723502,0.6357130568356375,0.4850961597542242,18.292144546851,False,False,False,medium
Hingoli,Sesamum,Kharif,2020,5.6,1.11,0.2,,0.360507295011623,0.5860179711704641,0.0894928621335881,5,26.50236129032258,23.009051612903228,30.727389247311827,5.28376129032258,2.4367978494623657,79.97358924731182,0.7470473118279569,0.7717032258064516,16.63078064516129,True,False,True,medium
Hingoli,Sesamum,Kharif,2021,1.74,0.31,0.18,0.2,0.360507295011623,0.4944310918549637,0.0894928621335881,5,26.14239569892473,22.59784516129032,30.384972043010755,7.172640860215054,2.567894623655914,80.40929032258065,0.8094817204301077,0.827083870967742,16.500088172043007,False,False,False,medium
Hingoli,Sesamum,Rabi,2020,26.0,10.08,0.39,,0.3878526880306264,0.5016912028033219,0.2449362127544898,5,24.1728623655914,16.931251305683563,32.71457158218126,0.0987658986175115,1.797038095238095,44.4829757296467,0.5979036866359447,0.3690854070660522,17.924488018433177,False,False,False,medium
Hingoli,Sesamum,Rabi,2021,20.43,14.6,0.71,0.39,0.3868506237827828,0.467275729363473,0.264445450580351,5,22.9007514592934,16.335157296466974,30.612340092165898,0.1434622119815668,1.843573732718894,55.08916804915515,0.6456013824884792,0.5150537634408601,17.151278955453147,False,False,False,medium
Hingoli,Sesamum,Rabi,2022,35.0,11.73,0.34,0.71,0.3898097893039624,0.4650047159874436,0.2545629087192624,5,23.010445929339475,15.775577880184333,31.306513517665127,0.1023870967741935,1.6314781874039936,49.67013179723502,0.6357130568356375,0.4850961597542242,18.292144546851,False,False,False,medium
Hingoli,Sesamum,Summer,2020,38.5,7.33,0.19,,0.2079470506851372,0.2331556981721652,0.1827384031981093,2,34.51456451612903,26.918989247311828,41.9327311827957,0.1865322580645161,2.563494623655914,25.069940860215056,0.5754193548387097,0.2175376344086021,24.97584946236559,False,False,False,low
Hingoli,Sesamum,Summer,2021,2.9,0.57,0.2,0.19,0.2200946087829696,0.2372476494333094,0.2029415681326299,2,32.89558602150537,26.02551612903226,39.625075268817206,0.4812903225806451,2.575543010752688,31.20647311827957,0.5774784946236559,0.2502096774193548,22.324946236559136,False,False,False,low
Hingoli,Sesamum,Summer,2022,126.0,24.0,0.19,0.2,0.2091388655067824,0.2345388565629159,0.183738874450649,2,34.50285483870968,26.696935483870966,41.88826344086021,0.2605860215053763,2.636688172043011,24.630182795698925,0.572741935483871,0.1772419354838709,23.75121505376344,False,False,False,low
Hingoli,Soyabean,Kharif,2020,235553.92,254685.73,1.08,,0.360507295011623,0.5860179711704641,0.0894928621335881,5,26.50236129032258,23.009051612903228,30.727389247311827,5.28376129032258,2.4367978494623657,79.97358924731182,0.7470473118279569,0.7717032258064516,16.63078064516129,True,False,True,medium
Hingoli,Soyabean,Kharif,2021,252058.53,241824.95,0.96,1.08,0.360507295011623,0.4944310918549637,0.0894928621335881,5,26.14239569892473,22.59784516129032,30.384972043010755,7.172640860215054,2.567894623655914,80.40929032258065,0.8094817204301077,0.827083870967742,16.500088172043007,False,False,False,medium
Hingoli,Soyabean,Kharif,2022,249507.0,387409.0,1.55,0.96,0.360507295011623,0.5831098603718071,0.0894928621335881,5,26.02851827956989,22.50318709677419,30.19625161290323,7.648748387096774,2.763350537634408,80.45628817204302,0.8474301075268817,0.8365569892473118,16.30343655913979,True,False,True,medium
Hingoli,Soyabean,Summer,2021,4351.1,2262.49,0.52,,0.2200946087829696,0.2372476494333094,0.2029415681326299,2,32.89558602150537,26.02551612903226,39.625075268817206,0.4812903225806451,2.575543010752688,31.20647311827957,0.5774784946236559,0.2502096774193548,22.324946236559136,False,False,False,low
Hingoli,Soyabean,Summer,2022,4763.7,2477.03,0.52,0.52,0.2091388655067824,0.2345388565629159,0.183738874450649,2,34.50285483870968,26.696935483870966,41.88826344086021,0.2605860215053763,2.636688172043011,24.630182795698925,0.572741935483871,0.1772419354838709,23.75121505376344,False,False,False,low
Hingoli,Sugarcane,Whole Year,2020,13500.0,117432.18,75.37,,0.3422152860359808,0.5860179711704641,0.0894928621335881,12,26.58178553330861,20.92524517982944,33.03929603880855,2.337746477567668,2.291725281176616,59.02724134841181,0.6583511926832283,0.5353261957730812,18.48099789890001,True,False,True,high
Hingoli,Sugarcane,Whole Year,2021,27968.0,2311725.13,82.66,75.37,0.3422152860359808,0.4944310918549637,0.0894928621335881,12,26.29991129032258,20.918712237583204,32.39001683307732,3.1323979774705584,2.235943292370712,59.55045762928828,0.6980897977470558,0.5679916794674859,17.647095814132104,False,False,False,high
Hingoli,Sugarcane,Whole Year,2022,17520.0,1203448.8,68.69,82.66,0.3422152860359808,0.5831098603718071,0.0894928621335881,12,26.116967229902716,20.44341589861751,32.46522235023042,3.2757848822324624,2.3058609190988224,59.7253782642089,0.7154503968253968,0.590179211469534,18.2816610343062,True,False,True,high
Hingoli,Sunflower,Summer,2021,7.0,5.51,0.79,,0.2200946087829696,0.2372476494333094,0.2029415681326299,2,32.89558602150537,26.02551612903226,39.625075268817206,0.4812903225806451,2.575543010752688,31.20647311827957,0.5774784946236559,0.2502096774193548,22.324946236559136,False,False,False,low
Hingoli,Sunflower,Summer,2022,465.0,398.0,0.86,0.79,0.2091388655067824,0.2345388565629159,0.183738874450649,2,34.50285483870968,26.696935483870966,41.88826344086021,0.2605860215053763,2.636688172043011,24.630182795698925,0.572741935483871,0.1772419354838709,23.75121505376344,False,False,False,low
Hingoli,Urad,Kharif,2020,19557.5,6494.82,0.33,,0.360507295011623,0.5860179711704641,0.0894928621335881,5,26.50236129032258,23.009051612903228,30.727389247311827,5.28376129032258,2.4367978494623657,79.97358924731182,0.7470473118279569,0.7717032258064516,16.63078064516129,True,False,True,medium
Hingoli,Urad,Kharif,2021,20620.65,7571.9,0.37,0.33,0.360507295011623,0.4944310918549637,0.0894928621335881,5,26.14239569892473,22.59784516129032,30.384972043010755,7.172640860215054,2.567894623655914,80.40929032258065,0.8094817204301077,0.827083870967742,16.500088172043007,False,False,False,medium
Hingoli,Urad,Kharif,2022,27498.31,16512.74,0.6,0.37,0.360507295011623,0.5831098603718071,0.0894928621335881,5,26.02851827956989,22.50318709677419,30.19625161290323,7.648748387096774,2.763350537634408,80.45628817204302,0.8474301075268817,0.8365569892473118,16.30343655913979,True,False,True,medium
Hingoli,Urad,Summer,2021,89.5,48.23,0.54,,0.2200946087829696,0.2372476494333094,0.2029415681326299,2,32.89558602150537,26.02551612903226,39.625075268817206,0.4812903225806451,2.575543010752688,31.20647311827957,0.5774784946236559,0.2502096774193548,22.324946236559136,False,False,False,low
Hingoli,Urad,Summer,2022,55.0,29.64,0.54,0.54,0.2091388655067824,0.2345388565629159,0.183738874450649,2,34.50285483870968,26.696935483870966,41.88826344086021,0.2605860215053763,2.636688172043011,24.630182795698925,0.572741935483871,0.1772419354838709,23.75121505376344,False,False,False,low
Hingoli,Wheat,Rabi,2020,33529.33,52475.04,1.57,,0.3878526880306264,0.5016912028033219,0.2449362127544898,5,24.1728623655914,16.931251305683563,32.71457158218126,0.0987658986175115,1.797038095238095,44.4829757296467,0.5979036866359447,0.3690854070660522,17.924488018433177,False,False,False,medium
Hingoli,Wheat,Rabi,2021,30677.44,45740.06,1.49,1.57,0.3868506237827828,0.467275729363473,0.264445450580351,5,22.9007514592934,16.335157296466974,30.612340092165898,0.1434622119815668,1.843573732718894,55.08916804915515,0.6456013824884792,0.5150537634408601,17.151278955453147,False,False,False,medium
Hingoli,Wheat,Rabi,2022,29966.96,51312.43,1.71,1.49,0.3898097893039624,0.4650047159874436,0.2545629087192624,5,23.010445929339475,15.775577880184333,31.306513517665127,0.1023870967741935,1.6314781874039936,49.67013179723502,0.6357130568356375,0.4850961597542242,18.292144546851,False,False,False,medium
Hingoli,other oilseeds,Kharif,2021,30.0,5.0,0.17,,0.360507295011623,0.4944310918549637,0.0894928621335881,5,26.14239569892473,22.59784516129032,30.384972043010755,7.172640860215054,2.567894623655914,80.40929032258065,0.8094817204301077,0.827083870967742,16.500088172043007,False,False,False,medium
Hingoli,other oilseeds,Kharif,2022,77.0,17.34,0.23,0.17,0.360507295011623,0.5831098603718071,0.0894928621335881,5,26.02851827956989,22.50318709677419,30.19625161290323,7.648748387096774,2.763350537634408,80.45628817204302,0.8474301075268817,0.8365569892473118,16.30343655913979,True,False,True,medium
Hingoli,other oilseeds,Rabi,2020,1391.0,290.35,0.21,,0.3878526880306264,0.5016912028033219,0.2449362127544898,5,24.1728623655914,16.931251305683563,32.71457158218126,0.0987658986175115,1.797038095238095,44.4829757296467,0.5979036866359447,0.3690854070660522,17.924488018433177,False,False,False,medium
Hingoli,other oilseeds,Rabi,2021,772.0,96.87,0.13,0.21,0.3868506237827828,0.467275729363473,0.264445450580351,5,22.9007514592934,16.335157296466974,30.612340092165898,0.1434622119815668,1.843573732718894,55.08916804915515,0.6456013824884792,0.5150537634408601,17.151278955453147,False,False,False,medium
Hingoli,other oilseeds,Rabi,2022,249.0,64.83,0.26,0.13,0.3898097893039624,0.4650047159874436,0.2545629087192624,5,23.010445929339475,15.775577880184333,31.306513517665127,0.1023870967741935,1.6314781874039936,49.67013179723502,0.6357130568356375,0.4850961597542242,18.292144546851,False,False,False,medium
Hingoli,other oilseeds,Summer,2020,1222.2,381.28,0.31,,0.2079470506851372,0.2331556981721652,0.1827384031981093,2,34.51456451612903,26.918989247311828,41.9327311827957,0.1865322580645161,2.563494623655914,25.069940860215056,0.5754193548387097,0.2175376344086021,24.97584946236559,False,False,False,low
Hingoli,other oilseeds,Summer,2022,320.8,43.91,0.14,0.31,0.2091388655067824,0.2345388565629159,0.183738874450649,2,34.50285483870968,26.696935483870966,41.88826344086021,0.2605860215053763,2.636688172043011,24.630182795698925,0.572741935483871,0.1772419354838709,23.75121505376344,False,False,False,low
Jalgaon,Arhar/Tur,Kharif,2020,21085.5,17119.11,0.81,,0.4114655664617643,0.6337385360603824,0.241067837336053,5,27.090720430107524,23.583681720430107,31.251741935483874,6.257664516129032,2.147948387096774,80.5793634408602,0.8134,0.8244774193548385,16.721686021505374,True,False,True,medium
Jalgaon,Arhar/Tur,Kharif,2021,22786.21,13156.76,0.58,0.81,0.4114655664617643,0.5509139743270749,0.241067837336053,5,27.24285591397849,23.274113978494626,32.07872043010753,5.137812903225806,2.7384666666666666,76.31790967741935,0.7288666666666666,0.7369612903225807,16.41601935483871,True,False,True,medium
Jalgaon,Arhar/Tur,Kharif,2022,11916.0,9023.0,0.76,0.58,0.4114655664617643,0.5964082611605183,0.241067837336053,5,26.65338064516129,23.00396559139785,30.95349462365591,6.828604301075269,2.7280494623655915,79.40218924731184,0.828068817204301,0.8042709677419355,16.628367741935485,True,False,True,medium
Jalgaon,Bajra,Kharif,2020,10971.26,13883.17,1.27,,0.3910617756159833,0.6337385360603824,0.21228181914333283,5,27.090720430107524,23.583681720430107,31.251741935483874,6.257664516129032,2.147948387096774,80.5793634408602,0.8134,0.8244774193548385,16.721686021505374,True,False,True,medium
Jalgaon,Bajra,Kharif,2021,10717.73,5182.02,0.48,1.27,0.3910617756159833,0.5509139743270749,0.21228181914333283,5,27.24285591397849,23.274113978494626,32.07872043010753,5.137812903225806,2.7384666666666666,76.31790967741935,0.7288666666666666,0.7369612903225807,16.41601935483871,True,False,True,medium
Jalgaon,Bajra,Kharif,2022,10637.0,12628.0,1.19,0.48,0.3910617756159833,0.5964082611605183,0.21228181914333283,5,26.65338064516129,23.00396559139785,30.95349462365591,6.828604301075269,2.7280494623655915,79.40218924731184,0.828068817204301,0.8042709677419355,16.628367741935485,True,False,True,medium
Jalgaon,Bajra,Summer,2021,7257.0,6603.87,0.91,,0.208477720939523,0.2440452239604744,0.1729102179185717,2,32.96536559139785,25.261,40.559,0.6335752688172043,2.927693548387097,32.041198924731184,0.5941935483870968,0.2345645161290322,22.71629569892473,False,False,False,low
Jalgaon,Bajra,Summer,2022,6805.1,6192.64,0.91,0.91,0.2342165758304906,0.2690130110200437,0.1994201406409375,2,34.37841397849462,25.7894623655914,42.93946774193549,0.0014516129032258,3.450333333333333,26.258204301075267,0.59,0.1156129032258064,25.25186021505376,False,False,False,low
Jalgaon,Cotton(lint),Kharif,2020,540600.0,1402200.0,2.59,,0.4114655664617643,0.6337385360603824,0.241067837336053,5,27.090720430107524,23.583681720430107,31.251741935483874,6.257664516129032,2.147948387096774,80.5793634408602,0.8134,0.8244774193548385,16.721686021505374,True,False,True,medium
Jalgaon,Cotton(lint),Kharif,2021,489400.0,731200.0,1.49,2.59,0.4114655664617643,0.5509139743270749,0.241067837336053,5,27.24285591397849,23.274113978494626,32.07872043010753,5.137812903225806,2.7384666666666666,76.31790967741935,0.7288666666666666,0.7369612903225807,16.41601935483871,True,False,True,medium
Jalgaon,Cotton(lint),Kharif,2022,531076.79,1294918.6,2.44,1.49,0.4114655664617643,0.5964082611605183,0.241067837336053,5,26.65338064516129,23.00396559139785,30.95349462365591,6.828604301075269,2.7280494623655915,79.40218924731184,0.828068817204301,0.8042709677419355,16.628367741935485,True,False,True,medium
Jalgaon,Gram,Rabi,2020,78638.76,89338.23,1.14,,0.3973143859432704,0.4739387790420207,0.2934037291833684,5,24.03919493087557,16.598329032258064,32.61145775729646,0.146831950844854,1.643315514592934,44.94296820276497,0.6277910906298003,0.4255196620583718,17.544943010752686,False,False,False,medium
Jalgaon,Gram,Rabi,2021,86095.29,130880.34,1.52,1.14,0.4111319205294172,0.4464365849749956,0.3579487100236094,5,22.99880430107527,15.767393241167436,31.322261443932412,0.2395811059907834,1.7730241167434713,50.6872,0.6368082949308755,0.4645531490015361,17.01057603686636,False,False,False,medium
Jalgaon,Gram,Rabi,2022,86656.42,91950.26,1.06,1.52,0.431023640856305,0.5114849147781824,0.3530021528686217,5,22.732170814132104,15.200711520737324,31.47083993855607,0.1845806451612903,1.6345396313364056,48.71388125960062,0.6401986175115206,0.4809748079877112,17.986888940092165,False,False,False,medium
Jalgaon,Groundnut,Kharif,2020,3524.95,3481.95,0.99,,0.4009920640763048,0.6337385360603824,0.2429167809553046,5,27.090720430107524,23.583681720430107,31.251741935483874,6.257664516129032,2.147948387096774,80.5793634408602,0.8134,0.8244774193548385,16.721686021505374,True,False,True,medium
Jalgaon,Groundnut,Kharif,2021,3280.23,2309.61,0.7,0.99,0.4009920640763048,0.5509139743270749,0.2429167809553046,5,27.24285591397849,23.274113978494626,32.07872043010753,5.137812903225806,2.7384666666666666,76.31790967741935,0.7288666666666666,0.7369612903225807,16.41601935483871,True,False,True,medium
Jalgaon,Groundnut,Kharif,2022,3506.88,2933.51,0.84,0.7,0.4009920640763048,0.5964082611605183,0.2429167809553046,5,26.65338064516129,23.00396559139785,30.95349462365591,6.828604301075269,2.7280494623655915,79.40218924731184,0.828068817204301,0.8042709677419355,16.628367741935485,True,False,True,medium
Jalgaon,Groundnut,Summer,2020,1308.95,2350.08,1.8,,0.2367948427594907,0.2747958327909232,0.1987938527280582,2,34.20725806451613,25.66531182795699,42.26745161290323,0.154268817204301,2.7225967741935486,25.89577956989248,0.5921451612903226,0.2018924731182795,26.041344086021503,False,False,False,low
Jalgaon,Groundnut,Summer,2021,1471.41,2472.98,1.68,1.8,0.208477720939523,0.2440452239604744,0.1729102179185717,2,32.96536559139785,25.261,40.559,0.6335752688172043,2.927693548387097,32.041198924731184,0.5941935483870968,0.2345645161290322,22.71629569892473,False,False,False,low
Jalgaon,Groundnut,Summer,2022,2595.0,4306.0,1.66,1.68,0.2342165758304906,0.2690130110200437,0.1994201406409375,2,34.37841397849462,25.7894623655914,42.93946774193549,0.0014516129032258,3.450333333333333,26.258204301075267,0.59,0.1156129032258064,25.25186021505376,False,False,False,low
Jalgaon,Jowar,Kharif,2020,39875.97,69793.06,1.75,,0.4114655664617643,0.6337385360603824,0.241067837336053,5,27.090720430107524,23.583681720430107,31.251741935483874,6.257664516129032,2.147948387096774,80.5793634408602,0.8134,0.8244774193548385,16.721686021505374,True,False,True,medium
Jalgaon,Jowar,Kharif,2021,36062.99,37685.82,1.05,1.75,0.4114655664617643,0.5509139743270749,0.241067837336053,5,27.24285591397849,23.274113978494626,32.07872043010753,5.137812903225806,2.7384666666666666,76.31790967741935,0.7288666666666666,0.7369612903225807,16.41601935483871,True,False,True,medium
Jalgaon,Jowar,Kharif,2022,22278.17,43346.64,1.95,1.05,0.4114655664617643,0.5964082611605183,0.241067837336053,5,26.65338064516129,23.00396559139785,30.95349462365591,6.828604301075269,2.7280494623655915,79.40218924731184,0.828068817204301,0.8042709677419355,16.628367741935485,True,False,True,medium
Jalgaon,Jowar,Rabi,2020,47850.42,75726.83,1.58,,0.3973143859432704,0.4739387790420207,0.2934037291833684,5,24.03919493087557,16.598329032258064,32.61145775729646,0.146831950844854,1.643315514592934,44.94296820276497,0.6277910906298003,0.4255196620583718,17.544943010752686,False,False,False,medium
Jalgaon,Jowar,Rabi,2021,53429.19,91629.99,1.71,1.58,0.4111319205294172,0.4464365849749956,0.3579487100236094,5,22.99880430107527,15.767393241167436,31.322261443932412,0.2395811059907834,1.7730241167434713,50.6872,0.6368082949308755,0.4645531490015361,17.01057603686636,False,False,False,medium
Jalgaon,Jowar,Rabi,2022,38751.14,70599.93,1.82,1.71,0.431023640856305,0.5114849147781824,0.3530021528686217,5,22.732170814132104,15.200711520737324,31.47083993855607,0.1845806451612903,1.6345396313364056,48.71388125960062,0.6401986175115206,0.4809748079877112,17.986888940092165,False,False,False,medium
Jalgaon,Jowar,Summer,2021,229.0,190.4,0.83,,0.208477720939523,0.2440452239604744,0.1729102179185717,2,32.96536559139785,25.261,40.559,0.6335752688172043,2.927693548387097,32.041198924731184,0.5941935483870968,0.2345645161290322,22.71629569892473,False,False,False,low
Jalgaon,Jowar,Summer,2022,175.0,145.5,0.83,0.83,0.2342165758304906,0.2690130110200437,0.1994201406409375,2,34.37841397849462,25.7894623655914,42.93946774193549,0.0014516129032258,3.450333333333333,26.258204301075267,0.59,0.1156129032258064,25.25186021505376,False,False,False,low
Jalgaon,Maize,Kharif,2020,131607.77,434967.0,3.31,,0.4033555229369874,0.6337385360603824,0.2163513167840456,5,27.090720430107524,23.583681720430107,31.251741935483874,6.257664516129032,2.147948387096774,80.5793634408602,0.8134,0.8244774193548385,16.721686021505374,True,False,True,medium
Jalgaon,Maize,Kharif,2021,132530.7,256844.49,1.94,3.31,0.4033555229369874,0.5509139743270749,0.2163513167840456,5,27.24285591397849,23.274113978494626,32.07872043010753,5.137812903225806,2.7384666666666666,76.31790967741935,0.7288666666666666,0.7369612903225807,16.41601935483871,True,False,True,medium
Jalgaon,Maize,Kharif,2022,136344.0,418032.0,3.07,1.94,0.4033555229369874,0.5964082611605183,0.2163513167840456,5,26.65338064516129,23.00396559139785,30.95349462365591,6.828604301075269,2.7280494623655915,79.40218924731184,0.828068817204301,0.8042709677419355,16.628367741935485,True,False,True,medium
Jalgaon,Maize,Rabi,2020,71546.91,196468.56,2.75,,0.3973143859432704,0.4739387790420207,0.2934037291833684,5,24.03919493087557,16.598329032258064,32.61145775729646,0.146831950844854,1.643315514592934,44.94296820276497,0.6277910906298003,0.4255196620583718,17.544943010752686,False,False,False,medium
Jalgaon,Maize,Rabi,2021,80321.92,382910.66,4.77,2.75,0.4111319205294172,0.4464365849749956,0.3579487100236094,5,22.99880430107527,15.767393241167436,31.322261443932412,0.2395811059907834,1.7730241167434713,50.6872,0.6368082949308755,0.4645531490015361,17.01057603686636,False,False,False,medium
Jalgaon,Maize,Rabi,2022,91096.32,305588.85,3.35,4.77,0.431023640856305,0.5114849147781824,0.3530021528686217,5,22.732170814132104,15.200711520737324,31.47083993855607,0.1845806451612903,1.6345396313364056,48.71388125960062,0.6401986175115206,0.4809748079877112,17.986888940092165,False,False,False,medium
Jalgaon,Maize,Summer,2020,6469.77,13327.72,2.06,,0.2367948427594907,0.2747958327909232,0.1987938527280582,2,34.20725806451613,25.66531182795699,42.26745161290323,0.154268817204301,2.7225967741935486,25.89577956989248,0.5921451612903226,0.2018924731182795,26.041344086021503,False,False,False,low
Jalgaon,Maize,Summer,2021,7635.0,15728.1,2.06,2.06,0.208477720939523,0.2440452239604744,0.1729102179185717,2,32.96536559139785,25.261,40.559,0.6335752688172043,2.927693548387097,32.041198924731184,0.5941935483870968,0.2345645161290322,22.71629569892473,False,False,False,low
Jalgaon,Maize,Summer,2022,14239.0,33917.3,2.38,2.06,0.2342165758304906,0.2690130110200437,0.1994201406409375,2,34.37841397849462,25.7894623655914,42.93946774193549,0.0014516129032258,3.450333333333333,26.258204301075267,0.59,0.1156129032258064,25.25186021505376,False,False,False,low
Jalgaon,Moong(Green Gram),Kharif,2020,25587.34,6588.82,0.26,,0.4114655664617643,0.6337385360603824,0.241067837336053,5,27.090720430107524,23.583681720430107,31.251741935483874,6.257664516129032,2.147948387096774,80.5793634408602,0.8134,0.8244774193548385,16.721686021505374,True,False,True,medium
Jalgaon,Moong(Green Gram),Kharif,2021,24888.61,5838.87,0.23,0.26,0.4114655664617643,0.5509139743270749,0.241067837336053,5,27.24285591397849,23.274113978494626,32.07872043010753,5.137812903225806,2.7384666666666666,76.31790967741935,0.7288666666666666,0.7369612903225807,16.41601935483871,True,False,True,medium
Jalgaon,Moong(Green Gram),Kharif,2022,18152.31,10343.19,0.57,0.23,0.4114655664617643,0.5964082611605183,0.241067837336053,5,26.65338064516129,23.00396559139785,30.95349462365591,6.828604301075269,2.7280494623655915,79.40218924731184,0.828068817204301,0.8042709677419355,16.628367741935485,True,False,True,medium
Jalgaon,Moong(Green Gram),Summer,2021,2605.0,479.82,0.18,,0.208477720939523,0.2440452239604744,0.1729102179185717,2,32.96536559139785,25.261,40.559,0.6335752688172043,2.927693548387097,32.041198924731184,0.5941935483870968,0.2345645161290322,22.71629569892473,False,False,False,low
Jalgaon,Moong(Green Gram),Summer,2022,725.2,133.58,0.18,0.18,0.2342165758304906,0.2690130110200437,0.1994201406409375,2,34.37841397849462,25.7894623655914,42.93946774193549,0.0014516129032258,3.450333333333333,26.258204301075267,0.59,0.1156129032258064,25.25186021505376,False,False,False,low
Jalgaon,Other  Rabi pulses,Rabi,2020,1650.0,1796.85,1.09,,0.3973143859432704,0.4739387790420207,0.2934037291833684,5,24.03919493087557,16.598329032258064,32.61145775729646,0.146831950844854,1.643315514592934,44.94296820276497,0.6277910906298003,0.4255196620583718,17.544943010752686,False,False,False,medium
Jalgaon,Other  Rabi pulses,Rabi,2021,42.0,32.32,0.77,1.09,0.4111319205294172,0.4464365849749956,0.3579487100236094,5,22.99880430107527,15.767393241167436,31.322261443932412,0.2395811059907834,1.7730241167434713,50.6872,0.6368082949308755,0.4645531490015361,17.01057603686636,False,False,False,medium
Jalgaon,Other  Rabi pulses,Rabi,2022,89.0,74.42,0.84,0.77,0.431023640856305,0.5114849147781824,0.3530021528686217,5,22.732170814132104,15.200711520737324,31.47083993855607,0.1845806451612903,1.6345396313364056,48.71388125960062,0.6401986175115206,0.4809748079877112,17.986888940092165,False,False,False,medium
Jalgaon,Other Cereals,Kharif,2020,856.0,1628.97,1.9,,0.4009920640763048,0.6337385360603824,0.2537155251933066,5,27.090720430107524,23.583681720430107,31.251741935483874,6.257664516129032,2.147948387096774,80.5793634408602,0.8134,0.8244774193548385,16.721686021505374,True,False,True,medium
Jalgaon,Other Cereals,Kharif,2021,1419.0,1419.0,1.0,1.9,0.4009920640763048,0.5509139743270749,0.2537155251933066,5,27.24285591397849,23.274113978494626,32.07872043010753,5.137812903225806,2.7384666666666666,76.31790967741935,0.7288666666666666,0.7369612903225807,16.41601935483871,True,False,True,medium
Jalgaon,Other Cereals,Kharif,2022,1763.4,1750.35,0.99,1.0,0.4009920640763048,0.5964082611605183,0.2537155251933066,5,26.65338064516129,23.00396559139785,30.95349462365591,6.828604301075269,2.7280494623655915,79.40218924731184,0.828068817204301,0.8042709677419355,16.628367741935485,True,False,True,medium
Jalgaon,Other Cereals,Rabi,2020,381.0,219.91,0.58,,0.3973143859432704,0.4739387790420207,0.2934037291833684,5,24.03919493087557,16.598329032258064,32.61145775729646,0.146831950844854,1.643315514592934,44.94296820276497,0.6277910906298003,0.4255196620583718,17.544943010752686,False,False,False,medium
Jalgaon,Other Cereals,Rabi,2021,1060.0,686.5,0.65,0.58,0.4111319205294172,0.4464365849749956,0.3579487100236094,5,22.99880430107527,15.767393241167436,31.322261443932412,0.2395811059907834,1.7730241167434713,50.6872,0.6368082949308755,0.4645531490015361,17.01057603686636,False,False,False,medium
Jalgaon,Other Cereals,Rabi,2022,702.0,394.71,0.56,0.65,0.431023640856305,0.5114849147781824,0.3530021528686217,5,22.732170814132104,15.200711520737324,31.47083993855607,0.1845806451612903,1.6345396313364056,48.71388125960062,0.6401986175115206,0.4809748079877112,17.986888940092165,False,False,False,medium
Jalgaon,Other Cereals,Summer,2020,9561.0,7920.33,0.83,,0.2367948427594907,0.2747958327909232,0.1987938527280582,2,34.20725806451613,25.66531182795699,42.26745161290323,0.154268817204301,2.7225967741935486,25.89577956989248,0.5921451612903226,0.2018924731182795,26.041344086021503,False,False,False,low
Jalgaon,Other Cereals,Summer,2021,78.0,64.62,0.83,0.83,0.208477720939523,0.2440452239604744,0.1729102179185717,2,32.96536559139785,25.261,40.559,0.6335752688172043,2.927693548387097,32.041198924731184,0.5941935483870968,0.2345645161290322,22.71629569892473,False,False,False,low
Jalgaon,Other Cereals,Summer,2022,975.0,834.68,0.86,0.83,0.2342165758304906,0.2690130110200437,0.1994201406409375,2,34.37841397849462,25.7894623655914,42.93946774193549,0.0014516129032258,3.450333333333333,26.258204301075267,0.59,0.1156129032258064,25.25186021505376,False,False,False,low
Jalgaon,Other Kharif pulses,Kharif,2020,439.0,219.15,0.5,,0.4009920640763048,0.6337385360603824,0.2537155251933066,5,27.090720430107524,23.583681720430107,31.251741935483874,6.257664516129032,2.147948387096774,80.5793634408602,0.8134,0.8244774193548385,16.721686021505374,True,False,True,medium
Jalgaon,Other Kharif pulses,Kharif,2021,339.0,16.95,0.05,0.5,0.4009920640763048,0.5509139743270749,0.2537155251933066,5,27.24285591397849,23.274113978494626,32.07872043010753,5.137812903225806,2.7384666666666666,76.31790967741935,0.7288666666666666,0.7369612903225807,16.41601935483871,True,False,True,medium
Jalgaon,Other Kharif pulses,Kharif,2022,367.0,188.0,0.51,0.05,0.4009920640763048,0.5964082611605183,0.2537155251933066,5,26.65338064516129,23.00396559139785,30.95349462365591,6.828604301075269,2.7280494623655915,79.40218924731184,0.828068817204301,0.8042709677419355,16.628367741935485,True,False,True,medium
Jalgaon,Other Summer Pulses,Summer,2020,740.0,232.36,0.31,,0.2367948427594907,0.2747958327909232,0.1987938527280582,2,34.20725806451613,25.66531182795699,42.26745161290323,0.154268817204301,2.7225967741935486,25.89577956989248,0.5921451612903226,0.2018924731182795,26.041344086021503,False,False,False,low
Jalgaon,Other Summer Pulses,Summer,2021,8.0,2.51,0.31,0.31,0.208477720939523,0.2440452239604744,0.1729102179185717,2,32.96536559139785,25.261,40.559,0.6335752688172043,2.927693548387097,32.041198924731184,0.5941935483870968,0.2345645161290322,22.71629569892473,False,False,False,low
Jalgaon,Other Summer Pulses,Summer,2022,77.0,25.82,0.34,0.31,0.2342165758304906,0.2690130110200437,0.1994201406409375,2,34.37841397849462,25.7894623655914,42.93946774193549,0.0014516129032258,3.450333333333333,26.258204301075267,0.59,0.1156129032258064,25.25186021505376,False,False,False,low
Jalgaon,Sesamum,Kharif,2020,2682.38,795.21,0.3,,0.4114655664617643,0.6337385360603824,0.2447657245745562,5,27.090720430107524,23.583681720430107,31.251741935483874,6.257664516129032,2.147948387096774,80.5793634408602,0.8134,0.8244774193548385,16.721686021505374,True,False,True,medium
Jalgaon,Sesamum,Kharif,2021,2284.69,445.29,0.19,0.3,0.4114655664617643,0.5509139743270749,0.2447657245745562,5,27.24285591397849,23.274113978494626,32.07872043010753,5.137812903225806,2.7384666666666666,76.31790967741935,0.7288666666666666,0.7369612903225807,16.41601935483871,True,False,True,medium
Jalgaon,Sesamum,Kharif,2022,670.87,254.06,0.38,0.19,0.4114655664617643,0.5964082611605183,0.2447657245745562,5,26.65338064516129,23.00396559139785,30.95349462365591,6.828604301075269,2.7280494623655915,79.40218924731184,0.828068817204301,0.8042709677419355,16.628367741935485,True,False,True,medium
Jalgaon,Sesamum,Rabi,2020,74.2,20.41,0.28,,0.3973143859432704,0.4739387790420207,0.2934037291833684,5,24.03919493087557,16.598329032258064,32.61145775729646,0.146831950844854,1.643315514592934,44.94296820276497,0.6277910906298003,0.4255196620583718,17.544943010752686,False,False,False,medium
Jalgaon,Sesamum,Rabi,2021,135.64,96.92,0.71,0.28,0.4111319205294172,0.4464365849749956,0.3579487100236094,5,22.99880430107527,15.767393241167436,31.322261443932412,0.2395811059907834,1.7730241167434713,50.6872,0.6368082949308755,0.4645531490015361,17.01057603686636,False,False,False,medium
Jalgaon,Sesamum,Rabi,2022,128.98,43.21,0.33,0.71,0.431023640856305,0.5114849147781824,0.3530021528686217,5,22.732170814132104,15.200711520737324,31.47083993855607,0.1845806451612903,1.6345396313364056,48.71388125960062,0.6401986175115206,0.4809748079877112,17.986888940092165,False,False,False,medium
Jalgaon,Sesamum,Summer,2020,809.0,166.65,0.21,,0.2367948427594907,0.2747958327909232,0.1987938527280582,2,34.20725806451613,25.66531182795699,42.26745161290323,0.154268817204301,2.7225967741935486,25.89577956989248,0.5921451612903226,0.2018924731182795,26.041344086021503,False,False,False,low
Jalgaon,Sesamum,Summer,2021,807.4,121.11,0.15,0.21,0.208477720939523,0.2440452239604744,0.1729102179185717,2,32.96536559139785,25.261,40.559,0.6335752688172043,2.927693548387097,32.041198924731184,0.5941935483870968,0.2345645161290322,22.71629569892473,False,False,False,low
Jalgaon,Sesamum,Summer,2022,413.0,117.0,0.28,0.15,0.2342165758304906,0.2690130110200437,0.1994201406409375,2,34.37841397849462,25.7894623655914,42.93946774193549,0.0014516129032258,3.450333333333333,26.258204301075267,0.59,0.1156129032258064,25.25186021505376,False,False,False,low
Jalgaon,Soyabean,Kharif,2020,33220.92,39601.77,1.19,,0.4114655664617643,0.6337385360603824,0.241067837336053,5,27.090720430107524,23.583681720430107,31.251741935483874,6.257664516129032,2.147948387096774,80.5793634408602,0.8134,0.8244774193548385,16.721686021505374,True,False,True,medium
Jalgaon,Soyabean,Kharif,2021,28319.61,16159.17,0.57,1.19,0.4114655664617643,0.5509139743270749,0.241067837336053,5,27.24285591397849,23.274113978494626,32.07872043010753,5.137812903225806,2.7384666666666666,76.31790967741935,0.7288666666666666,0.7369612903225807,16.41601935483871,True,False,True,medium
Jalgaon,Soyabean,Kharif,2022,24434.0,35581.0,1.46,0.57,0.4114655664617643,0.5964082611605183,0.241067837336053,5,26.65338064516129,23.00396559139785,30.95349462365591,6.828604301075269,2.7280494623655915,79.40218924731184,0.828068817204301,0.8042709677419355,16.628367741935485,True,False,True,medium
Jalgaon,Soyabean,Summer,2021,1430.4,2145.6,1.5,,0.208477720939523,0.2440452239604744,0.1729102179185717,2,32.96536559139785,25.261,40.559,0.6335752688172043,2.927693548387097,32.041198924731184,0.5941935483870968,0.2345645161290322,22.71629569892473,False,False,False,low
Jalgaon,Soyabean,Summer,2022,641.0,961.5,1.5,1.5,0.2342165758304906,0.2690130110200437,0.1994201406409375,2,34.37841397849462,25.7894623655914,42.93946774193549,0.0014516129032258,3.450333333333333,26.258204301075267,0.59,0.1156129032258064,25.25186021505376,False,False,False,low
Jalgaon,Sugarcane,Whole Year,2020,4860.0,535070.41,110.1,,0.3730108423266771,0.6337385360603824,0.20171800959583375,12,26.278552218514395,20.365384593993326,32.88356195155111,2.7122717525645785,2.0954205289828205,60.798641206278575,0.7061342850080337,0.6004390372018292,18.67884470399209,True,False,True,high
Jalgaon,Sugarcane,Whole Year,2021,12035.0,731795.42,60.81,110.1,0.3730108423266771,0.5509139743270749,0.20171800959583375,12,26.797643049155145,20.906468637992838,33.501308115719404,2.361951484895033,2.33127841781874,56.9839983998976,0.6663296210957501,0.5275534434203789,17.647206541218637,True,False,True,high
Jalgaon,Sugarcane,Whole Year,2022,16000.0,1120000.0,70.0,60.81,0.3730108423266771,0.5964082611605183,0.20171800959583375,12,26.386935483870968,20.29820327700973,33.2077791858679,2.888991231438812,2.397804851510497,58.092945340501785,0.7105079365079366,0.5506605862775217,18.581176395289297,True,False,True,high
Jalgaon,Sunflower,Rabi,2020,58.0,22.64,0.39,,0.3973143859432704,0.4739387790420207,0.2934037291833684,5,24.03919493087557,16.598329032258064,32.61145775729646,0.146831950844854,1.643315514592934,44.94296820276497,0.6277910906298003,0.4255196620583718,17.544943010752686,False,False,False,medium
Jalgaon,Sunflower,Rabi,2021,837.29,1104.13,1.32,0.39,0.4111319205294172,0.4464365849749956,0.3579487100236094,5,22.99880430107527,15.767393241167436,31.322261443932412,0.2395811059907834,1.7730241167434713,50.6872,0.6368082949308755,0.4645531490015361,17.01057603686636,False,False,False,medium
Jalgaon,Sunflower,Rabi,2022,1257.98,1472.03,1.17,1.32,0.431023640856305,0.5114849147781824,0.3530021528686217,5,22.732170814132104,15.200711520737324,31.47083993855607,0.1845806451612903,1.6345396313364056,48.71388125960062,0.6401986175115206,0.4809748079877112,17.986888940092165,False,False,False,medium
Jalgaon,Sunflower,Summer,2020,212.0,62.19,0.29,,0.2367948427594907,0.2747958327909232,0.1987938527280582,2,34.20725806451613,25.66531182795699,42.26745161290323,0.154268817204301,2.7225967741935486,25.89577956989248,0.5921451612903226,0.2018924731182795,26.041344086021503,False,False,False,low
Jalgaon,Sunflower,Summer,2021,297.68,274.74,0.92,0.29,0.208477720939523,0.2440452239604744,0.1729102179185717,2,32.96536559139785,25.261,40.559,0.6335752688172043,2.927693548387097,32.041198924731184,0.5941935483870968,0.2345645161290322,22.71629569892473,False,False,False,low
Jalgaon,Sunflower,Summer,2022,2745.0,2349.0,0.86,0.92,0.2342165758304906,0.2690130110200437,0.1994201406409375,2,34.37841397849462,25.7894623655914,42.93946774193549,0.0014516129032258,3.450333333333333,26.258204301075267,0.59,0.1156129032258064,25.25186021505376,False,False,False,low
Jalgaon,Urad,Kharif,2020,31282.45,10803.12,0.35,,0.4114655664617643,0.6337385360603824,0.241067837336053,5,27.090720430107524,23.583681720430107,31.251741935483874,6.257664516129032,2.147948387096774,80.5793634408602,0.8134,0.8244774193548385,16.721686021505374,True,False,True,medium
Jalgaon,Urad,Kharif,2021,34388.1,7324.67,0.21,0.35,0.4114655664617643,0.5509139743270749,0.241067837336053,5,27.24285591397849,23.274113978494626,32.07872043010753,5.137812903225806,2.7384666666666666,76.31790967741935,0.7288666666666666,0.7369612903225807,16.41601935483871,True,False,True,medium
Jalgaon,Urad,Kharif,2022,31879.17,17380.52,0.55,0.21,0.4114655664617643,0.5964082611605183,0.241067837336053,5,26.65338064516129,23.00396559139785,30.95349462365591,6.828604301075269,2.7280494623655915,79.40218924731184,0.828068817204301,0.8042709677419355,16.628367741935485,True,False,True,medium
Jalgaon,Urad,Summer,2021,21.0,11.32,0.54,,0.208477720939523,0.2440452239604744,0.1729102179185717,2,32.96536559139785,25.261,40.559,0.6335752688172043,2.927693548387097,32.041198924731184,0.5941935483870968,0.2345645161290322,22.71629569892473,False,False,False,low
Jalgaon,Wheat,Rabi,2020,81020.76,144857.52,1.79,,0.3973143859432704,0.4739387790420207,0.2934037291833684,5,24.03919493087557,16.598329032258064,32.61145775729646,0.146831950844854,1.643315514592934,44.94296820276497,0.6277910906298003,0.4255196620583718,17.544943010752686,False,False,False,medium
Jalgaon,Wheat,Rabi,2021,79731.24,122840.33,1.54,1.79,0.4111319205294172,0.4464365849749956,0.3579487100236094,5,22.99880430107527,15.767393241167436,31.322261443932412,0.2395811059907834,1.7730241167434713,50.6872,0.6368082949308755,0.4645531490015361,17.01057603686636,False,False,False,medium
Jalgaon,Wheat,Rabi,2022,79887.65,166773.46,2.09,1.54,0.431023640856305,0.5114849147781824,0.3530021528686217,5,22.732170814132104,15.200711520737324,31.47083993855607,0.1845806451612903,1.6345396313364056,48.71388125960062,0.6401986175115206,0.4809748079877112,17.986888940092165,False,False,False,medium
Jalgaon,other oilseeds,Kharif,2020,130.0,45.5,0.35,,0.4009920640763048,0.6337385360603824,0.2492406248839314,5,27.090720430107524,23.583681720430107,31.251741935483874,6.257664516129032,2.147948387096774,80.5793634408602,0.8134,0.8244774193548385,16.721686021505374,True,False,True,medium
Jalgaon,other oilseeds,Kharif,2021,81.0,24.0,0.3,0.35,0.4009920640763048,0.5509139743270749,0.2492406248839314,5,27.24285591397849,23.274113978494626,32.07872043010753,5.137812903225806,2.7384666666666666,76.31790967741935,0.7288666666666666,0.7369612903225807,16.41601935483871,True,False,True,medium
Jalgaon,other oilseeds,Kharif,2022,22.0,5.81,0.26,0.3,0.4009920640763048,0.5964082611605183,0.2492406248839314,5,26.65338064516129,23.00396559139785,30.95349462365591,6.828604301075269,2.7280494623655915,79.40218924731184,0.828068817204301,0.8042709677419355,16.628367741935485,True,False,True,medium
Jalgaon,other oilseeds,Rabi,2020,947.0,651.31,0.69,,0.3973143859432704,0.4739387790420207,0.2934037291833684,5,24.03919493087557,16.598329032258064,32.61145775729646,0.146831950844854,1.643315514592934,44.94296820276497,0.6277910906298003,0.4255196620583718,17.544943010752686,False,False,False,medium
Jalgaon,other oilseeds,Rabi,2021,437.0,300.08,0.69,0.69,0.4111319205294172,0.4464365849749956,0.3579487100236094,5,22.99880430107527,15.767393241167436,31.322261443932412,0.2395811059907834,1.7730241167434713,50.6872,0.6368082949308755,0.4645531490015361,17.01057603686636,False,False,False,medium
Jalgaon,other oilseeds,Rabi,2022,369.0,227.27,0.62,0.69,0.431023640856305,0.5114849147781824,0.3530021528686217,5,22.732170814132104,15.200711520737324,31.47083993855607,0.1845806451612903,1.6345396313364056,48.71388125960062,0.6401986175115206,0.4809748079877112,17.986888940092165,False,False,False,medium
Jalgaon,other oilseeds,Summer,2020,41.0,26.04,0.64,,0.2367948427594907,0.2747958327909232,0.1987938527280582,2,34.20725806451613,25.66531182795699,42.26745161290323,0.154268817204301,2.7225967741935486,25.89577956989248,0.5921451612903226,0.2018924731182795,26.041344086021503,False,False,False,low
Jalna,Arhar/Tur,Kharif,2020,53863.75,66346.67,1.23,,0.3811314871556619,0.5964614739474136,0.1517746066063216,5,25.47366021505376,22.22800860215054,29.50941075268817,7.544356989247312,2.4885118279569896,82.94974623655915,0.8543956989247311,0.864458064516129,16.70028387096774,True,False,True,medium
Jalna,Arhar/Tur,Kharif,2021,61715.52,69226.3,1.12,1.23,0.3811314871556619,0.5087972239322706,0.1517746066063216,5,25.614673118279576,21.934638709677422,30.33091182795699,5.809797849462366,2.876711827956989,79.03306451612903,0.7599849462365593,0.7792365591397848,16.508006451612903,False,False,False,medium
Jalna,Arhar/Tur,Kharif,2022,48935.0,56114.0,1.15,1.12,0.3811314871556619,0.5924114764286084,0.1517746066063216,5,25.309113978494626,21.74758064516129,29.74893548387096,5.987864516129032,3.0509892473118283,80.0451935483871,0.8163612903225808,0.8050795698924731,16.306206451612905,True,False,True,medium
Jalna,Bajra,Kharif,2020,15122.19,17402.16,1.15,,0.3811314871556619,0.5964614739474136,0.1517746066063216,5,25.47366021505376,22.22800860215054,29.50941075268817,7.544356989247312,2.4885118279569896,82.94974623655915,0.8543956989247311,0.864458064516129,16.70028387096774,True,False,True,medium
Jalna,Bajra,Kharif,2021,14817.92,9098.62,0.61,1.15,0.3811314871556619,0.5087972239322706,0.1517746066063216,5,25.614673118279576,21.934638709677422,30.33091182795699,5.809797849462366,2.876711827956989,79.03306451612903,0.7599849462365593,0.7792365591397848,16.508006451612903,False,False,False,medium
Jalna,Bajra,Kharif,2022,11588.0,9960.0,0.86,0.61,0.3811314871556619,0.5924114764286084,0.1517746066063216,5,25.309113978494626,21.74758064516129,29.74893548387096,5.987864516129032,3.0509892473118283,80.0451935483871,0.8163612903225808,0.8050795698924731,16.306206451612905,True,False,True,medium
Jalna,Bajra,Summer,2021,73.0,54.75,0.75,,0.1904135553735788,0.2090513610192205,0.1717757497279372,2,31.374333333333333,24.30338172043011,38.34197311827957,0.7231935483870968,2.721327956989247,34.750086021505375,0.5956451612903226,0.2723225806451613,22.74377419354839,False,False,False,low
Jalna,Bajra,Summer,2022,2605.0,2084.0,0.8,0.75,0.2233381592651802,0.2511918662926406,0.1954844522377199,2,32.90847849462366,24.723274193548384,40.95710752688172,0.0374354838709677,3.205387096774194,26.97506989247312,0.59,0.1355698924731183,24.541252688172044,False,False,False,low
Jalna,Cotton(lint),Kharif,2020,342500.0,785900.0,2.29,,0.3811314871556619,0.5964614739474136,0.1517746066063216,5,25.47366021505376,22.22800860215054,29.50941075268817,7.544356989247312,2.4885118279569896,82.94974623655915,0.8543956989247311,0.864458064516129,16.70028387096774,True,False,True,medium
Jalna,Cotton(lint),Kharif,2021,333880.0,610800.0,1.83,2.29,0.3811314871556619,0.5087972239322706,0.1517746066063216,5,25.614673118279576,21.934638709677422,30.33091182795699,5.809797849462366,2.876711827956989,79.03306451612903,0.7599849462365593,0.7792365591397848,16.508006451612903,False,False,False,medium
Jalna,Cotton(lint),Kharif,2022,303128.95,687786.4,2.27,1.83,0.3811314871556619,0.5924114764286084,0.1517746066063216,5,25.309113978494626,21.74758064516129,29.74893548387096,5.987864516129032,3.0509892473118283,80.0451935483871,0.8163612903225808,0.8050795698924731,16.306206451612905,True,False,True,medium
Jalna,Gram,Rabi,2020,38665.51,48275.35,1.25,,0.4099347440268515,0.5214882813348364,0.2680794774241131,5,22.64851044546851,15.790939784946236,30.515770814132104,0.1526136712749616,1.596316743471582,51.42913333333335,0.6687390168970814,0.5438850998463901,17.91690168970814,False,False,False,medium
Jalna,Gram,Rabi,2021,43046.97,56779.81,1.32,1.25,0.4057552995842742,0.4783299601592158,0.2956452911153421,5,22.196676344086026,15.510888479262672,30.02824946236559,0.1863311827956989,1.8301923195084484,53.76166912442396,0.6493843317972351,0.5070268817204302,17.077683102918588,False,False,False,medium
Jalna,Gram,Rabi,2022,105875.02,127700.1,1.21,1.32,0.4373194976640457,0.5041067894565348,0.3092629292342972,5,21.944201228878647,14.92241459293395,30.280729339477727,0.2715483870967742,1.6819179723502304,50.85180337941628,0.6553119815668202,0.5327018433179724,18.437297388632874,False,False,False,medium
Jalna,Groundnut,Kharif,2020,1228.4,1101.61,0.9,,0.3811314871556619,0.5964614739474136,0.1517746066063216,5,25.47366021505376,22.22800860215054,29.50941075268817,7.544356989247312,2.4885118279569896,82.94974623655915,0.8543956989247311,0.864458064516129,16.70028387096774,True,False,True,medium
Jalna,Groundnut,Kharif,2021,1560.09,1078.65,0.69,0.9,0.3811314871556619,0.5087972239322706,0.1517746066063216,5,25.614673118279576,21.934638709677422,30.33091182795699,5.809797849462366,2.876711827956989,79.03306451612903,0.7599849462365593,0.7792365591397848,16.508006451612903,False,False,False,medium
Jalna,Groundnut,Kharif,2022,1554.88,1467.34,0.94,0.69,0.3811314871556619,0.5924114764286084,0.1517746066063216,5,25.309113978494626,21.74758064516129,29.74893548387096,5.987864516129032,3.0509892473118283,80.0451935483871,0.8163612903225808,0.8050795698924731,16.306206451612905,True,False,True,medium
Jalna,Groundnut,Summer,2020,2019.0,2647.11,1.31,,0.2056693240421147,0.2377220295140032,0.1736166185702262,2,32.61831720430108,24.559639784946235,40.397236559139785,0.2143064516129032,2.743849462365591,28.243446236559137,0.5946129032258065,0.2506344086021505,25.480252688172044,False,False,False,low
Jalna,Groundnut,Summer,2021,2019.0,2446.02,1.21,1.31,0.1904135553735788,0.2090513610192205,0.1717757497279372,2,31.374333333333333,24.30338172043011,38.34197311827957,0.7231935483870968,2.721327956989247,34.750086021505375,0.5956451612903226,0.2723225806451613,22.74377419354839,False,False,False,low
Jalna,Groundnut,Summer,2022,808.0,1234.0,1.53,1.21,0.2233381592651802,0.2511918662926406,0.1954844522377199,2,32.90847849462366,24.723274193548384,40.95710752688172,0.0374354838709677,3.205387096774194,26.97506989247312,0.59,0.1355698924731183,24.541252688172044,False,False,False,low
Jalna,Jowar,Kharif,2020,456.51,1084.84,2.38,,0.3811314871556619,0.5964614739474136,0.1517746066063216,5,25.47366021505376,22.22800860215054,29.50941075268817,7.544356989247312,2.4885118279569896,82.94974623655915,0.8543956989247311,0.864458064516129,16.70028387096774,True,False,True,medium
Jalna,Jowar,Kharif,2021,268.96,143.76,0.53,2.38,0.3811314871556619,0.5087972239322706,0.1517746066063216,5,25.614673118279576,21.934638709677422,30.33091182795699,5.809797849462366,2.876711827956989,79.03306451612903,0.7599849462365593,0.7792365591397848,16.508006451612903,False,False,False,medium
Jalna,Jowar,Kharif,2022,331.65,315.8,0.95,0.53,0.3811314871556619,0.5924114764286084,0.1517746066063216,5,25.309113978494626,21.74758064516129,29.74893548387096,5.987864516129032,3.0509892473118283,80.0451935483871,0.8163612903225808,0.8050795698924731,16.306206451612905,True,False,True,medium
Jalna,Jowar,Rabi,2020,110673.98,120419.4,1.09,,0.4099347440268515,0.5214882813348364,0.2680794774241131,5,22.64851044546851,15.790939784946236,30.515770814132104,0.1526136712749616,1.596316743471582,51.42913333333335,0.6687390168970814,0.5438850998463901,17.91690168970814,False,False,False,medium
Jalna,Jowar,Rabi,2021,124345.8,136760.49,1.1,1.09,0.4057552995842742,0.4783299601592158,0.2956452911153421,5,22.196676344086026,15.510888479262672,30.02824946236559,0.1863311827956989,1.8301923195084484,53.76166912442396,0.6493843317972351,0.5070268817204302,17.077683102918588,False,False,False,medium
Jalna,Jowar,Rabi,2022,76663.0,92490.08,1.21,1.1,0.4373194976640457,0.5041067894565348,0.3092629292342972,5,21.944201228878647,14.92241459293395,30.280729339477727,0.2715483870967742,1.6819179723502304,50.85180337941628,0.6553119815668202,0.5327018433179724,18.437297388632874,False,False,False,medium
Jalna,Jowar,Summer,2022,9.0,7.2,0.8,,0.2233381592651802,0.2511918662926406,0.1954844522377199,2,32.90847849462366,24.723274193548384,40.95710752688172,0.0374354838709677,3.205387096774194,26.97506989247312,0.59,0.1355698924731183,24.541252688172044,False,False,False,low
Jalna,Linseed,Rabi,2020,34.0,20.4,0.6,,0.4099347440268515,0.5214882813348364,0.2680794774241131,5,22.64851044546851,15.790939784946236,30.515770814132104,0.1526136712749616,1.596316743471582,51.42913333333335,0.6687390168970814,0.5438850998463901,17.91690168970814,False,False,False,medium
Jalna,Maize,Kharif,2020,48772.45,190295.45,3.9,,0.3811314871556619,0.5964614739474136,0.1517746066063216,5,25.47366021505376,22.22800860215054,29.50941075268817,7.544356989247312,2.4885118279569896,82.94974623655915,0.8543956989247311,0.864458064516129,16.70028387096774,True,False,True,medium
Jalna,Maize,Kharif,2021,42238.6,117778.12,2.79,3.9,0.3811314871556619,0.5087972239322706,0.1517746066063216,5,25.614673118279576,21.934638709677422,30.33091182795699,5.809797849462366,2.876711827956989,79.03306451612903,0.7599849462365593,0.7792365591397848,16.508006451612903,False,False,False,medium
Jalna,Maize,Kharif,2022,46655.0,157168.0,3.37,2.79,0.3811314871556619,0.5924114764286084,0.1517746066063216,5,25.309113978494626,21.74758064516129,29.74893548387096,5.987864516129032,3.0509892473118283,80.0451935483871,0.8163612903225808,0.8050795698924731,16.306206451612905,True,False,True,medium
Jalna,Maize,Rabi,2020,13185.36,61725.89,4.68,,0.4099347440268515,0.5214882813348364,0.2680794774241131,5,22.64851044546851,15.790939784946236,30.515770814132104,0.1526136712749616,1.596316743471582,51.42913333333335,0.6687390168970814,0.5438850998463901,17.91690168970814,False,False,False,medium
Jalna,Maize,Rabi,2021,15215.25,93677.25,6.16,4.68,0.4057552995842742,0.4783299601592158,0.2956452911153421,5,22.196676344086026,15.510888479262672,30.02824946236559,0.1863311827956989,1.8301923195084484,53.76166912442396,0.6493843317972351,0.5070268817204302,17.077683102918588,False,False,False,medium
Jalna,Maize,Rabi,2022,19642.85,97734.96,4.98,6.16,0.4373194976640457,0.5041067894565348,0.3092629292342972,5,21.944201228878647,14.92241459293395,30.280729339477727,0.2715483870967742,1.6819179723502304,50.85180337941628,0.6553119815668202,0.5327018433179724,18.437297388632874,False,False,False,medium
Jalna,Maize,Summer,2020,6177.0,9265.5,1.5,,0.2056693240421147,0.2377220295140032,0.1736166185702262,2,32.61831720430108,24.559639784946235,40.397236559139785,0.2143064516129032,2.743849462365591,28.243446236559137,0.5946129032258065,0.2506344086021505,25.480252688172044,False,False,False,low
Jalna,Maize,Summer,2021,6177.0,9265.5,1.5,1.5,0.1904135553735788,0.2090513610192205,0.1717757497279372,2,31.374333333333333,24.30338172043011,38.34197311827957,0.7231935483870968,2.721327956989247,34.750086021505375,0.5956451612903226,0.2723225806451613,22.74377419354839,False,False,False,low
Jalna,Maize,Summer,2022,2779.65,4169.48,1.5,1.5,0.2233381592651802,0.2511918662926406,0.1954844522377199,2,32.90847849462366,24.723274193548384,40.95710752688172,0.0374354838709677,3.205387096774194,26.97506989247312,0.59,0.1355698924731183,24.541252688172044,False,False,False,low
Jalna,Moong(Green Gram),Kharif,2020,25766.44,15143.87,0.59,,0.3811314871556619,0.5964614739474136,0.1517746066063216,5,25.47366021505376,22.22800860215054,29.50941075268817,7.544356989247312,2.4885118279569896,82.94974623655915,0.8543956989247311,0.864458064516129,16.70028387096774,True,False,True,medium
Jalna,Moong(Green Gram),Kharif,2021,27961.21,12308.53,0.44,0.59,0.3811314871556619,0.5087972239322706,0.1517746066063216,5,25.614673118279576,21.934638709677422,30.33091182795699,5.809797849462366,2.876711827956989,79.03306451612903,0.7599849462365593,0.7792365591397848,16.508006451612903,False,False,False,medium
Jalna,Moong(Green Gram),Kharif,2022,18307.92,12709.36,0.69,0.44,0.3811314871556619,0.5924114764286084,0.1517746066063216,5,25.309113978494626,21.74758064516129,29.74893548387096,5.987864516129032,3.0509892473118283,80.0451935483871,0.8163612903225808,0.8050795698924731,16.306206451612905,True,False,True,medium
Jalna,Moong(Green Gram),Summer,2022,13.2,4.62,0.35,,0.2233381592651802,0.2511918662926406,0.1954844522377199,2,32.90847849462366,24.723274193548384,40.95710752688172,0.0374354838709677,3.205387096774194,26.97506989247312,0.59,0.1355698924731183,24.541252688172044,False,False,False,low
Jalna,Niger seed,Kharif,2020,104.0,3.83,0.04,,0.3811314871556619,0.5964614739474136,0.1517746066063216,5,25.47366021505376,22.22800860215054,29.50941075268817,7.544356989247312,2.4885118279569896,82.94974623655915,0.8543956989247311,0.864458064516129,16.70028387096774,True,False,True,medium
Jalna,Niger seed,Kharif,2021,70.4,8.34,0.12,0.04,0.3811314871556619,0.5087972239322706,0.1517746066063216,5,25.614673118279576,21.934638709677422,30.33091182795699,5.809797849462366,2.876711827956989,79.03306451612903,0.7599849462365593,0.7792365591397848,16.508006451612903,False,False,False,medium
Jalna,Niger seed,Kharif,2022,104.4,26.36,0.25,0.12,0.3811314871556619,0.5924114764286084,0.1517746066063216,5,25.309113978494626,21.74758064516129,29.74893548387096,5.987864516129032,3.0509892473118283,80.0451935483871,0.8163612903225808,0.8050795698924731,16.306206451612905,True,False,True,medium
Jalna,Other  Rabi pulses,Rabi,2020,343.0,171.5,0.5,,0.4099347440268515,0.5214882813348364,0.2680794774241131,5,22.64851044546851,15.790939784946236,30.515770814132104,0.1526136712749616,1.596316743471582,51.42913333333335,0.6687390168970814,0.5438850998463901,17.91690168970814,False,False,False,medium
Jalna,Other  Rabi pulses,Rabi,2021,166.0,66.4,0.4,0.5,0.4057552995842742,0.4783299601592158,0.2956452911153421,5,22.196676344086026,15.510888479262672,30.02824946236559,0.1863311827956989,1.8301923195084484,53.76166912442396,0.6493843317972351,0.5070268817204302,17.077683102918588,False,False,False,medium
Jalna,Other  Rabi pulses,Rabi,2022,320.0,128.0,0.4,0.4,0.4373194976640457,0.5041067894565348,0.3092629292342972,5,21.944201228878647,14.92241459293395,30.280729339477727,0.2715483870967742,1.6819179723502304,50.85180337941628,0.6553119815668202,0.5327018433179724,18.437297388632874,False,False,False,medium
Jalna,Other Cereals,Kharif,2020,290.0,232.0,0.8,,0.3811314871556619,0.5964614739474136,0.1517746066063216,5,25.47366021505376,22.22800860215054,29.50941075268817,7.544356989247312,2.4885118279569896,82.94974623655915,0.8543956989247311,0.864458064516129,16.70028387096774,True,False,True,medium
Jalna,Other Cereals,Kharif,2021,436.0,348.8,0.8,0.8,0.3811314871556619,0.5087972239322706,0.1517746066063216,5,25.614673118279576,21.934638709677422,30.33091182795699,5.809797849462366,2.876711827956989,79.03306451612903,0.7599849462365593,0.7792365591397848,16.508006451612903,False,False,False,medium
Jalna,Other Cereals,Kharif,2022,2008.0,1767.04,0.88,0.8,0.3811314871556619,0.5924114764286084,0.1517746066063216,5,25.309113978494626,21.74758064516129,29.74893548387096,5.987864516129032,3.0509892473118283,80.0451935483871,0.8163612903225808,0.8050795698924731,16.306206451612905,True,False,True,medium
Jalna,Other Cereals,Rabi,2020,1179.0,943.2,0.8,,0.4099347440268515,0.5214882813348364,0.2680794774241131,5,22.64851044546851,15.790939784946236,30.515770814132104,0.1526136712749616,1.596316743471582,51.42913333333335,0.6687390168970814,0.5438850998463901,17.91690168970814,False,False,False,medium
Jalna,Other Cereals,Rabi,2021,917.0,733.6,0.8,0.8,0.4057552995842742,0.4783299601592158,0.2956452911153421,5,22.196676344086026,15.510888479262672,30.02824946236559,0.1863311827956989,1.8301923195084484,53.76166912442396,0.6493843317972351,0.5070268817204302,17.077683102918588,False,False,False,medium
Jalna,Other Cereals,Rabi,2022,50.0,40.0,0.8,0.8,0.4373194976640457,0.5041067894565348,0.3092629292342972,5,21.944201228878647,14.92241459293395,30.280729339477727,0.2715483870967742,1.6819179723502304,50.85180337941628,0.6553119815668202,0.5327018433179724,18.437297388632874,False,False,False,medium
Jalna,Other Cereals,Summer,2020,2482.0,1489.2,0.6,,0.2056693240421147,0.2377220295140032,0.1736166185702262,2,32.61831720430108,24.559639784946235,40.397236559139785,0.2143064516129032,2.743849462365591,28.243446236559137,0.5946129032258065,0.2506344086021505,25.480252688172044,False,False,False,low
Jalna,Other Cereals,Summer,2021,2525.0,2020.0,0.8,0.6,0.1904135553735788,0.2090513610192205,0.1717757497279372,2,31.374333333333333,24.30338172043011,38.34197311827957,0.7231935483870968,2.721327956989247,34.750086021505375,0.5956451612903226,0.2723225806451613,22.74377419354839,False,False,False,low
Jalna,Other Cereals,Summer,2022,9.0,8.41,0.93,0.8,0.2233381592651802,0.2511918662926406,0.1954844522377199,2,32.90847849462366,24.723274193548384,40.95710752688172,0.0374354838709677,3.205387096774194,26.97506989247312,0.59,0.1355698924731183,24.541252688172044,False,False,False,low
Jalna,Other Kharif pulses,Kharif,2020,275.0,422.13,1.54,,0.3811314871556619,0.5964614739474136,0.1517746066063216,5,25.47366021505376,22.22800860215054,29.50941075268817,7.544356989247312,2.4885118279569896,82.94974623655915,0.8543956989247311,0.864458064516129,16.70028387096774,True,False,True,medium
Jalna,Other Kharif pulses,Kharif,2021,673.0,201.9,0.3,1.54,0.3811314871556619,0.5087972239322706,0.1517746066063216,5,25.614673118279576,21.934638709677422,30.33091182795699,5.809797849462366,2.876711827956989,79.03306451612903,0.7599849462365593,0.7792365591397848,16.508006451612903,False,False,False,medium
Jalna,Other Kharif pulses,Kharif,2022,792.0,435.6,0.55,0.3,0.3811314871556619,0.5924114764286084,0.1517746066063216,5,25.309113978494626,21.74758064516129,29.74893548387096,5.987864516129032,3.0509892473118283,80.0451935483871,0.8163612903225808,0.8050795698924731,16.306206451612905,True,False,True,medium
Jalna,Other Summer Pulses,Summer,2020,52.8,13.2,0.25,,0.2056693240421147,0.2377220295140032,0.1736166185702262,2,32.61831720430108,24.559639784946235,40.397236559139785,0.2143064516129032,2.743849462365591,28.243446236559137,0.5946129032258065,0.2506344086021505,25.480252688172044,False,False,False,low
Jalna,Other Summer Pulses,Summer,2021,189.6,66.36,0.35,0.25,0.1904135553735788,0.2090513610192205,0.1717757497279372,2,31.374333333333333,24.30338172043011,38.34197311827957,0.7231935483870968,2.721327956989247,34.750086021505375,0.5956451612903226,0.2723225806451613,22.74377419354839,False,False,False,low
Jalna,Other Summer Pulses,Summer,2022,53.0,37.67,0.71,0.35,0.2233381592651802,0.2511918662926406,0.1954844522377199,2,32.90847849462366,24.723274193548384,40.95710752688172,0.0374354838709677,3.205387096774194,26.97506989247312,0.59,0.1355698924731183,24.541252688172044,False,False,False,low
Jalna,Safflower,Rabi,2020,937.39,319.52,0.34,,0.4099347440268515,0.5214882813348364,0.2680794774241131,5,22.64851044546851,15.790939784946236,30.515770814132104,0.1526136712749616,1.596316743471582,51.42913333333335,0.6687390168970814,0.5438850998463901,17.91690168970814,False,False,False,medium
Jalna,Safflower,Rabi,2021,897.58,1097.29,1.22,0.34,0.4057552995842742,0.4783299601592158,0.2956452911153421,5,22.196676344086026,15.510888479262672,30.02824946236559,0.1863311827956989,1.8301923195084484,53.76166912442396,0.6493843317972351,0.5070268817204302,17.077683102918588,False,False,False,medium
Jalna,Safflower,Rabi,2022,345.82,112.39,0.33,1.22,0.4373194976640457,0.5041067894565348,0.3092629292342972,5,21.944201228878647,14.92241459293395,30.280729339477727,0.2715483870967742,1.6819179723502304,50.85180337941628,0.6553119815668202,0.5327018433179724,18.437297388632874,False,False,False,medium
Jalna,Sesamum,Kharif,2020,174.95,51.91,0.3,,0.3811314871556619,0.5964614739474136,0.1517746066063216,5,25.47366021505376,22.22800860215054,29.50941075268817,7.544356989247312,2.4885118279569896,82.94974623655915,0.8543956989247311,0.864458064516129,16.70028387096774,True,False,True,medium
Jalna,Sesamum,Kharif,2021,182.34,34.81,0.19,0.3,0.3811314871556619,0.5087972239322706,0.1517746066063216,5,25.614673118279576,21.934638709677422,30.33091182795699,5.809797849462366,2.876711827956989,79.03306451612903,0.7599849462365593,0.7792365591397848,16.508006451612903,False,False,False,medium
Jalna,Sesamum,Kharif,2022,133.13,33.75,0.25,0.19,0.3811314871556619,0.5924114764286084,0.1517746066063216,5,25.309113978494626,21.74758064516129,29.74893548387096,5.987864516129032,3.0509892473118283,80.0451935483871,0.8163612903225808,0.8050795698924731,16.306206451612905,True,False,True,medium
Jalna,Sesamum,Rabi,2020,84.0,2.19,0.03,,0.4099347440268515,0.5214882813348364,0.2680794774241131,5,22.64851044546851,15.790939784946236,30.515770814132104,0.1526136712749616,1.596316743471582,51.42913333333335,0.6687390168970814,0.5438850998463901,17.91690168970814,False,False,False,medium
Jalna,Sesamum,Rabi,2021,89.15,63.7,0.71,0.03,0.4057552995842742,0.4783299601592158,0.2956452911153421,5,22.196676344086026,15.510888479262672,30.02824946236559,0.1863311827956989,1.8301923195084484,53.76166912442396,0.6493843317972351,0.5070268817204302,17.077683102918588,False,False,False,medium
Jalna,Sesamum,Rabi,2022,66.02,22.12,0.34,0.71,0.4373194976640457,0.5041067894565348,0.3092629292342972,5,21.944201228878647,14.92241459293395,30.280729339477727,0.2715483870967742,1.6819179723502304,50.85180337941628,0.6553119815668202,0.5327018433179724,18.437297388632874,False,False,False,medium
Jalna,Sesamum,Summer,2020,15.0,2.25,0.15,,0.2056693240421147,0.2377220295140032,0.1736166185702262,2,32.61831720430108,24.559639784946235,40.397236559139785,0.2143064516129032,2.743849462365591,28.243446236559137,0.5946129032258065,0.2506344086021505,25.480252688172044,False,False,False,low
Jalna,Sesamum,Summer,2021,22.6,3.39,0.15,0.15,0.1904135553735788,0.2090513610192205,0.1717757497279372,2,31.374333333333333,24.30338172043011,38.34197311827957,0.7231935483870968,2.721327956989247,34.750086021505375,0.5956451612903226,0.2723225806451613,22.74377419354839,False,False,False,low
Jalna,Sesamum,Summer,2022,9.0,1.0,0.11,0.15,0.2233381592651802,0.2511918662926406,0.1954844522377199,2,32.90847849462366,24.723274193548384,40.95710752688172,0.0374354838709677,3.205387096774194,26.97506989247312,0.59,0.1355698924731183,24.541252688172044,False,False,False,low
Jalna,Soyabean,Kharif,2020,159698.65,319306.36,2.0,,0.3811314871556619,0.5964614739474136,0.1517746066063216,5,25.47366021505376,22.22800860215054,29.50941075268817,7.544356989247312,2.4885118279569896,82.94974623655915,0.8543956989247311,0.864458064516129,16.70028387096774,True,False,True,medium
Jalna,Soyabean,Kharif,2021,180552.44,241326.39,1.34,2.0,0.3811314871556619,0.5087972239322706,0.1517746066063216,5,25.614673118279576,21.934638709677422,30.33091182795699,5.809797849462366,2.876711827956989,79.03306451612903,0.7599849462365593,0.7792365591397848,16.508006451612903,False,False,False,medium
Jalna,Soyabean,Kharif,2022,205362.0,353593.0,1.72,1.34,0.3811314871556619,0.5924114764286084,0.1517746066063216,5,25.309113978494626,21.74758064516129,29.74893548387096,5.987864516129032,3.0509892473118283,80.0451935483871,0.8163612903225808,0.8050795698924731,16.306206451612905,True,False,True,medium
Jalna,Soyabean,Summer,2021,4601.0,4601.0,1.0,,0.1904135553735788,0.2090513610192205,0.1717757497279372,2,31.374333333333333,24.30338172043011,38.34197311827957,0.7231935483870968,2.721327956989247,34.750086021505375,0.5956451612903226,0.2723225806451613,22.74377419354839,False,False,False,low
Jalna,Soyabean,Summer,2022,2287.9,2287.9,1.0,1.0,0.2233381592651802,0.2511918662926406,0.1954844522377199,2,32.90847849462366,24.723274193548384,40.95710752688172,0.0374354838709677,3.205387096774194,26.97506989247312,0.59,0.1355698924731183,24.541252688172044,False,False,False,low
Jalna,Sugarcane,Whole Year,2020,39093.0,39886.66,76.99,,0.3547835590337312,0.5964614739474136,0.1517746066063216,12,25.10465606847114,19.594888332715364,31.39031983067606,3.2859324558151037,2.265626560375726,63.083353726362624,0.7349991966382401,0.6353179767643059,18.678340470893588,True,False,True,high
Jalna,Sugarcane,Whole Year,2021,34434.0,21481.13,58.13,76.99,0.3547835590337312,0.5087972239322706,0.1517746066063216,12,25.382532578084994,19.938214157706096,31.679165258576543,2.6473784562211984,2.3457843061955965,60.89425627240144,0.6876394649257552,0.5894091141833077,17.73066961085509,False,False,False,high
Jalna,Sugarcane,Whole Year,2022,47227.0,3778160.0,80.0,58.13,0.3547835590337312,0.5924114764286084,0.1517746066063216,12,25.23935259856631,19.475924859190982,31.840814516129026,2.562634408602151,2.516081925243216,59.36894278033794,0.7113241167434715,0.5717262544802867,18.446377816180235,True,False,True,high
Jalna,Sunflower,Kharif,2020,7.35,3.01,0.41,,0.3811314871556619,0.5964614739474136,0.1517746066063216,5,25.47366021505376,22.22800860215054,29.50941075268817,7.544356989247312,2.4885118279569896,82.94974623655915,0.8543956989247311,0.864458064516129,16.70028387096774,True,False,True,medium
Jalna,Sunflower,Kharif,2021,7.35,2.8,0.38,0.41,0.3811314871556619,0.5087972239322706,0.1517746066063216,5,25.614673118279576,21.934638709677422,30.33091182795699,5.809797849462366,2.876711827956989,79.03306451612903,0.7599849462365593,0.7792365591397848,16.508006451612903,False,False,False,medium
Jalna,Sunflower,Rabi,2020,155.29,92.99,0.6,,0.4099347440268515,0.5214882813348364,0.2680794774241131,5,22.64851044546851,15.790939784946236,30.515770814132104,0.1526136712749616,1.596316743471582,51.42913333333335,0.6687390168970814,0.5438850998463901,17.91690168970814,False,False,False,medium
Jalna,Sunflower,Rabi,2021,159.29,128.44,0.81,0.6,0.4057552995842742,0.4783299601592158,0.2956452911153421,5,22.196676344086026,15.510888479262672,30.02824946236559,0.1863311827956989,1.8301923195084484,53.76166912442396,0.6493843317972351,0.5070268817204302,17.077683102918588,False,False,False,medium
Jalna,Sunflower,Rabi,2022,155.29,63.48,0.41,0.81,0.4373194976640457,0.5041067894565348,0.3092629292342972,5,21.944201228878647,14.92241459293395,30.280729339477727,0.2715483870967742,1.6819179723502304,50.85180337941628,0.6553119815668202,0.5327018433179724,18.437297388632874,False,False,False,medium
Jalna,Sunflower,Summer,2021,282.0,222.02,0.79,,0.1904135553735788,0.2090513610192205,0.1717757497279372,2,31.374333333333333,24.30338172043011,38.34197311827957,0.7231935483870968,2.721327956989247,34.750086021505375,0.5956451612903226,0.2723225806451613,22.74377419354839,False,False,False,low
Jalna,Sunflower,Summer,2022,323.0,276.0,0.85,0.79,0.2233381592651802,0.2511918662926406,0.1954844522377199,2,32.90847849462366,24.723274193548384,40.95710752688172,0.0374354838709677,3.205387096774194,26.97506989247312,0.59,0.1355698924731183,24.541252688172044,False,False,False,low
Jalna,Urad,Kharif,2020,10990.97,8494.91,0.77,,0.3811314871556619,0.5964614739474136,0.1517746066063216,5,25.47366021505376,22.22800860215054,29.50941075268817,7.544356989247312,2.4885118279569896,82.94974623655915,0.8543956989247311,0.864458064516129,16.70028387096774,True,False,True,medium
Jalna,Urad,Kharif,2021,12640.97,5620.18,0.44,0.77,0.3811314871556619,0.5087972239322706,0.1517746066063216,5,25.614673118279576,21.934638709677422,30.33091182795699,5.809797849462366,2.876711827956989,79.03306451612903,0.7599849462365593,0.7792365591397848,16.508006451612903,False,False,False,medium
Jalna,Urad,Kharif,2022,10215.67,6253.01,0.61,0.44,0.3811314871556619,0.5924114764286084,0.1517746066063216,5,25.309113978494626,21.74758064516129,29.74893548387096,5.987864516129032,3.0509892473118283,80.0451935483871,0.8163612903225808,0.8050795698924731,16.306206451612905,True,False,True,medium
Jalna,Wheat,Rabi,2020,23879.33,41767.15,1.75,,0.4099347440268515,0.5214882813348364,0.2680794774241131,5,22.64851044546851,15.790939784946236,30.515770814132104,0.1526136712749616,1.596316743471582,51.42913333333335,0.6687390168970814,0.5438850998463901,17.91690168970814,False,False,False,medium
Jalna,Wheat,Rabi,2021,24166.43,44840.09,1.86,1.75,0.4057552995842742,0.4783299601592158,0.2956452911153421,5,22.196676344086026,15.510888479262672,30.02824946236559,0.1863311827956989,1.8301923195084484,53.76166912442396,0.6493843317972351,0.5070268817204302,17.077683102918588,False,False,False,medium
Jalna,Wheat,Rabi,2022,26697.9,54469.06,2.04,1.86,0.4373194976640457,0.5041067894565348,0.3092629292342972,5,21.944201228878647,14.92241459293395,30.280729339477727,0.2715483870967742,1.6819179723502304,50.85180337941628,0.6553119815668202,0.5327018433179724,18.437297388632874,False,False,False,medium
Jalna,other oilseeds,Kharif,2020,154.5,21.63,0.14,,0.3811314871556619,0.5964614739474136,0.1517746066063216,5,25.47366021505376,22.22800860215054,29.50941075268817,7.544356989247312,2.4885118279569896,82.94974623655915,0.8543956989247311,0.864458064516129,16.70028387096774,True,False,True,medium
Jalna,other oilseeds,Kharif,2021,100.0,20.0,0.2,0.14,0.3811314871556619,0.5087972239322706,0.1517746066063216,5,25.614673118279576,21.934638709677422,30.33091182795699,5.809797849462366,2.876711827956989,79.03306451612903,0.7599849462365593,0.7792365591397848,16.508006451612903,False,False,False,medium
Jalna,other oilseeds,Kharif,2022,406.0,133.98,0.33,0.2,0.3811314871556619,0.5924114764286084,0.1517746066063216,5,25.309113978494626,21.74758064516129,29.74893548387096,5.987864516129032,3.0509892473118283,80.0451935483871,0.8163612903225808,0.8050795698924731,16.306206451612905,True,False,True,medium
Jalna,other oilseeds,Rabi,2020,816.9,163.38,0.2,,0.4099347440268515,0.5214882813348364,0.2680794774241131,5,22.64851044546851,15.790939784946236,30.515770814132104,0.1526136712749616,1.596316743471582,51.42913333333335,0.6687390168970814,0.5438850998463901,17.91690168970814,False,False,False,medium
Jalna,other oilseeds,Rabi,2021,5696.9,2848.45,0.5,0.2,0.4057552995842742,0.4783299601592158,0.2956452911153421,5,22.196676344086026,15.510888479262672,30.02824946236559,0.1863311827956989,1.8301923195084484,53.76166912442396,0.6493843317972351,0.5070268817204302,17.077683102918588,False,False,False,medium
Jalna,other oilseeds,Rabi,2022,475.0,237.5,0.5,0.5,0.4373194976640457,0.5041067894565348,0.3092629292342972,5,21.944201228878647,14.92241459293395,30.280729339477727,0.2715483870967742,1.6819179723502304,50.85180337941628,0.6553119815668202,0.5327018433179724,18.437297388632874,False,False,False,medium
Jalna,other oilseeds,Summer,2020,468.2,468.2,1.0,,0.2056693240421147,0.2377220295140032,0.1736166185702262,2,32.61831720430108,24.559639784946235,40.397236559139785,0.2143064516129032,2.743849462365591,28.243446236559137,0.5946129032258065,0.2506344086021505,25.480252688172044,False,False,False,low
Jalna,other oilseeds,Summer,2021,5541.5,1108.3,0.2,1.0,0.1904135553735788,0.2090513610192205,0.1717757497279372,2,31.374333333333333,24.30338172043011,38.34197311827957,0.7231935483870968,2.721327956989247,34.750086021505375,0.5956451612903226,0.2723225806451613,22.74377419354839,False,False,False,low
Kolhapur,Arhar/Tur,Kharif,2020,695.57,418.25,0.6,,0.4114655664617643,0.6434001565886951,0.241067837336053,5,23.872197849462367,21.467840860215052,27.30944516129032,12.05586451612903,3.4163870967741934,88.85910967741935,0.8887806451612903,0.8835204301075269,15.190163440860218,True,False,True,medium
Kolhapur,Arhar/Tur,Kharif,2021,888.16,1284.19,1.45,0.6,0.4114655664617643,0.5483773187699976,0.241067837336053,5,23.738827956989248,21.19980215053764,27.32177419354839,10.212184946236558,3.4637806451612905,88.20599569892474,0.8680279569892473,0.8643247311827956,15.845443010752687,True,False,True,medium
Kolhapur,Arhar/Tur,Kharif,2022,881.0,1045.0,1.19,1.45,0.4114655664617643,0.661741558090028,0.241067837336053,5,23.606806451612904,20.969524731182798,27.4147935483871,9.493640860215054,3.438047311827957,86.9066064516129,0.8472881720430108,0.8417827956989248,15.576062365591396,True,False,True,medium
Kolhapur,Gram,Rabi,2020,4864.89,4518.9,0.93,,0.4595138721491857,0.574277495466913,0.3797420662101014,5,23.801196466973884,17.53574792626728,31.447988940092166,0.1244992319508448,2.0128356374807987,61.21956820276497,0.6221427035330261,0.5242841781874039,18.979354070660523,False,False,False,medium
Kolhapur,Gram,Rabi,2021,4817.59,4850.01,1.01,0.93,0.4557974863368457,0.5119678577623085,0.3976618619102602,5,23.363485560675883,17.133245622119816,31.1106049155146,0.9147827956989248,1.936516129032258,63.395582027649766,0.6145276497695852,0.526574039938556,17.992391397849463,False,False,False,medium
Kolhapur,Gram,Rabi,2022,4913.73,5430.02,1.11,1.01,0.4510222727006468,0.5422698173053029,0.3828595051709136,5,23.562159293394775,16.54765852534562,32.00422949308756,0.025221505376344,2.170890322580645,52.84725499231951,0.593084178187404,0.446521505376344,19.55629984639017,False,False,False,medium
Kolhapur,Groundnut,Kharif,2020,39561.16,55553.11,1.4,,0.4009920640763048,0.6434001565886951,0.2429167809553046,5,23.872197849462367,21.467840860215052,27.30944516129032,12.05586451612903,3.4163870967741934,88.85910967741935,0.8887806451612903,0.8835204301075269,15.190163440860218,True,False,True,medium
Kolhapur,Groundnut,Kharif,2021,42143.39,71597.41,1.7,1.4,0.4009920640763048,0.5483773187699976,0.2429167809553046,5,23.738827956989248,21.19980215053764,27.32177419354839,10.212184946236558,3.4637806451612905,88.20599569892474,0.8680279569892473,0.8643247311827956,15.845443010752687,True,False,True,medium
Kolhapur,Groundnut,Kharif,2022,35995.56,51754.42,1.44,1.7,0.4009920640763048,0.661741558090028,0.2429167809553046,5,23.606806451612904,20.969524731182798,27.4147935483871,9.493640860215054,3.438047311827957,86.9066064516129,0.8472881720430108,0.8417827956989248,15.576062365591396,True,False,True,medium
Kolhapur,Groundnut,Summer,2020,1124.12,2622.08,2.33,,0.4437919177107529,0.4713189566047375,0.4162648788167684,2,30.101612903225806,23.42118817204301,38.70425806451613,1.3008172043010753,2.602274193548386,51.7747311827957,0.5139354838709678,0.3417956989247311,23.92078494623656,False,False,False,low
Kolhapur,Groundnut,Summer,2021,1240.41,2212.06,1.78,2.33,0.4364802819224876,0.445551621878789,0.4274089419661863,2,28.317516129032256,22.6755376344086,35.37402688172043,3.694913978494624,2.558822580645161,60.21739247311828,0.5474516129032259,0.445,21.85367741935484,False,False,False,low
Kolhapur,Groundnut,Summer,2022,992.0,1707.0,1.72,1.78,0.4621081638522341,0.467574620749738,0.4566417069547301,2,28.655397849462368,22.871682795698923,36.39914516129032,1.8619516129032256,2.7808333333333337,58.66409677419355,0.5256021505376345,0.3989677419354839,21.360913978494622,False,False,False,low
Kolhapur,Jowar,Kharif,2020,3114.86,4844.41,1.56,,0.4114655664617643,0.6434001565886951,0.241067837336053,5,23.872197849462367,21.467840860215052,27.30944516129032,12.05586451612903,3.4163870967741934,88.85910967741935,0.8887806451612903,0.8835204301075269,15.190163440860218,True,False,True,medium
Kolhapur,Jowar,Kharif,2021,2362.87,4292.86,1.82,1.56,0.4114655664617643,0.5483773187699976,0.241067837336053,5,23.738827956989248,21.19980215053764,27.32177419354839,10.212184946236558,3.4637806451612905,88.20599569892474,0.8680279569892473,0.8643247311827956,15.845443010752687,True,False,True,medium
Kolhapur,Jowar,Kharif,2022,1186.47,2041.92,1.72,1.82,0.4114655664617643,0.661741558090028,0.241067837336053,5,23.606806451612904,20.969524731182798,27.4147935483871,9.493640860215054,3.438047311827957,86.9066064516129,0.8472881720430108,0.8417827956989248,15.576062365591396,True,False,True,medium
Kolhapur,Jowar,Rabi,2020,10500.39,18159.11,1.73,,0.4595138721491857,0.574277495466913,0.3797420662101014,5,23.801196466973884,17.53574792626728,31.447988940092166,0.1244992319508448,2.0128356374807987,61.21956820276497,0.6221427035330261,0.5242841781874039,18.979354070660523,False,False,False,medium
Kolhapur,Jowar,Rabi,2021,12143.68,20780.02,1.71,1.73,0.4557974863368457,0.5119678577623085,0.3976618619102602,5,23.363485560675883,17.133245622119816,31.1106049155146,0.9147827956989248,1.936516129032258,63.395582027649766,0.6145276497695852,0.526574039938556,17.992391397849463,False,False,False,medium
Kolhapur,Jowar,Rabi,2022,13042.25,25820.0,1.98,1.71,0.4510222727006468,0.5422698173053029,0.3828595051709136,5,23.562159293394775,16.54765852534562,32.00422949308756,0.025221505376344,2.170890322580645,52.84725499231951,0.593084178187404,0.446521505376344,19.55629984639017,False,False,False,medium
Kolhapur,Maize,Kharif,2020,1036.0,3584.04,3.46,,0.4033555229369874,0.6434001565886951,0.2163513167840456,5,23.872197849462367,21.467840860215052,27.30944516129032,12.05586451612903,3.4163870967741934,88.85910967741935,0.8887806451612903,0.8835204301075269,15.190163440860218,True,False,True,medium
Kolhapur,Maize,Kharif,2021,1044.3,3203.19,3.07,3.46,0.4033555229369874,0.5483773187699976,0.2163513167840456,5,23.738827956989248,21.19980215053764,27.32177419354839,10.212184946236558,3.4637806451612905,88.20599569892474,0.8680279569892473,0.8643247311827956,15.845443010752687,True,False,True,medium
Kolhapur,Maize,Kharif,2022,1070.0,3134.0,2.93,3.07,0.4033555229369874,0.661741558090028,0.2163513167840456,5,23.606806451612904,20.969524731182798,27.4147935483871,9.493640860215054,3.438047311827957,86.9066064516129,0.8472881720430108,0.8417827956989248,15.576062365591396,True,False,True,medium
Kolhapur,Maize,Rabi,2020,2948.52,8559.14,2.9,,0.4595138721491857,0.574277495466913,0.3797420662101014,5,23.801196466973884,17.53574792626728,31.447988940092166,0.1244992319508448,2.0128356374807987,61.21956820276497,0.6221427035330261,0.5242841781874039,18.979354070660523,False,False,False,medium
Kolhapur,Maize,Rabi,2021,2181.4,4341.64,1.99,2.9,0.4557974863368457,0.5119678577623085,0.3976618619102602,5,23.363485560675883,17.133245622119816,31.1106049155146,0.9147827956989248,1.936516129032258,63.395582027649766,0.6145276497695852,0.526574039938556,17.992391397849463,False,False,False,medium
Kolhapur,Maize,Rabi,2022,2568.43,11034.23,4.3,1.99,0.4510222727006468,0.5422698173053029,0.3828595051709136,5,23.562159293394775,16.54765852534562,32.00422949308756,0.025221505376344,2.170890322580645,52.84725499231951,0.593084178187404,0.446521505376344,19.55629984639017,False,False,False,medium
Kolhapur,Maize,Summer,2020,1076.67,2745.5,2.55,,0.4437919177107529,0.4713189566047375,0.4162648788167684,2,30.101612903225806,23.42118817204301,38.70425806451613,1.3008172043010753,2.602274193548386,51.7747311827957,0.5139354838709678,0.3417956989247311,23.92078494623656,False,False,False,low
Kolhapur,Maize,Summer,2021,1250.83,3127.08,2.5,2.55,0.4364802819224876,0.445551621878789,0.4274089419661863,2,28.317516129032256,22.6755376344086,35.37402688172043,3.694913978494624,2.558822580645161,60.21739247311828,0.5474516129032259,0.445,21.85367741935484,False,False,False,low
Kolhapur,Maize,Summer,2022,750.5,1913.78,2.55,2.5,0.4621081638522341,0.467574620749738,0.4566417069547301,2,28.655397849462368,22.871682795698923,36.39914516129032,1.8619516129032256,2.7808333333333337,58.66409677419355,0.5256021505376345,0.3989677419354839,21.360913978494622,False,False,False,low
Kolhapur,Moong(Green Gram),Kharif,2020,1036.27,1111.54,1.07,,0.4114655664617643,0.6434001565886951,0.241067837336053,5,23.872197849462367,21.467840860215052,27.30944516129032,12.05586451612903,3.4163870967741934,88.85910967741935,0.8887806451612903,0.8835204301075269,15.190163440860218,True,False,True,medium
Kolhapur,Moong(Green Gram),Kharif,2021,966.84,789.43,0.82,1.07,0.4114655664617643,0.5483773187699976,0.241067837336053,5,23.738827956989248,21.19980215053764,27.32177419354839,10.212184946236558,3.4637806451612905,88.20599569892474,0.8680279569892473,0.8643247311827956,15.845443010752687,True,False,True,medium
Kolhapur,Moong(Green Gram),Kharif,2022,866.0,481.24,0.56,0.82,0.4114655664617643,0.661741558090028,0.241067837336053,5,23.606806451612904,20.969524731182798,27.4147935483871,9.493640860215054,3.438047311827957,86.9066064516129,0.8472881720430108,0.8417827956989248,15.576062365591396,True,False,True,medium
Kolhapur,Moong(Green Gram),Summer,2021,715.0,339.63,0.48,,0.4364802819224876,0.445551621878789,0.4274089419661863,2,28.317516129032256,22.6755376344086,35.37402688172043,3.694913978494624,2.558822580645161,60.21739247311828,0.5474516129032259,0.445,21.85367741935484,False,False,False,low
Kolhapur,Moong(Green Gram),Summer,2022,142.0,71.0,0.5,0.48,0.4621081638522341,0.467574620749738,0.4566417069547301,2,28.655397849462368,22.871682795698923,36.39914516129032,1.8619516129032256,2.7808333333333337,58.66409677419355,0.5256021505376345,0.3989677419354839,21.360913978494622,False,False,False,low
Kolhapur,Niger seed,Kharif,2020,574.0,243.89,0.42,,0.4009920640763048,0.6434001565886951,0.2723615137428504,5,23.872197849462367,21.467840860215052,27.30944516129032,12.05586451612903,3.4163870967741934,88.85910967741935,0.8887806451612903,0.8835204301075269,15.190163440860218,True,False,True,medium
Kolhapur,Niger seed,Kharif,2021,409.09,70.0,0.17,0.42,0.4009920640763048,0.5483773187699976,0.2723615137428504,5,23.738827956989248,21.19980215053764,27.32177419354839,10.212184946236558,3.4637806451612905,88.20599569892474,0.8680279569892473,0.8643247311827956,15.845443010752687,True,False,True,medium
Kolhapur,Niger seed,Kharif,2022,388.64,177.22,0.46,0.17,0.4009920640763048,0.661741558090028,0.2723615137428504,5,23.606806451612904,20.969524731182798,27.4147935483871,9.493640860215054,3.438047311827957,86.9066064516129,0.8472881720430108,0.8417827956989248,15.576062365591396,True,False,True,medium
Kolhapur,Other  Rabi pulses,Rabi,2020,639.0,284.36,0.45,,0.4595138721491857,0.574277495466913,0.3797420662101014,5,23.801196466973884,17.53574792626728,31.447988940092166,0.1244992319508448,2.0128356374807987,61.21956820276497,0.6221427035330261,0.5242841781874039,18.979354070660523,False,False,False,medium
Kolhapur,Other  Rabi pulses,Rabi,2021,995.0,422.88,0.43,0.45,0.4557974863368457,0.5119678577623085,0.3976618619102602,5,23.363485560675883,17.133245622119816,31.1106049155146,0.9147827956989248,1.936516129032258,63.395582027649766,0.6145276497695852,0.526574039938556,17.992391397849463,False,False,False,medium
Kolhapur,Other  Rabi pulses,Rabi,2022,1284.0,545.7,0.43,0.43,0.4510222727006468,0.5422698173053029,0.3828595051709136,5,23.562159293394775,16.54765852534562,32.00422949308756,0.025221505376344,2.170890322580645,52.84725499231951,0.593084178187404,0.446521505376344,19.55629984639017,False,False,False,medium
Kolhapur,Other Cereals,Kharif,2020,888.0,426.24,0.48,,0.4009920640763048,0.6434001565886951,0.2537155251933066,5,23.872197849462367,21.467840860215052,27.30944516129032,12.05586451612903,3.4163870967741934,88.85910967741935,0.8887806451612903,0.8835204301075269,15.190163440860218,True,False,True,medium
Kolhapur,Other Cereals,Kharif,2021,611.0,274.95,0.45,0.48,0.4009920640763048,0.5483773187699976,0.2537155251933066,5,23.738827956989248,21.19980215053764,27.32177419354839,10.212184946236558,3.4637806451612905,88.20599569892474,0.8680279569892473,0.8643247311827956,15.845443010752687,True,False,True,medium
Kolhapur,Other Cereals,Kharif,2022,362.0,162.9,0.45,0.45,0.4009920640763048,0.661741558090028,0.2537155251933066,5,23.606806451612904,20.969524731182798,27.4147935483871,9.493640860215054,3.438047311827957,86.9066064516129,0.8472881720430108,0.8417827956989248,15.576062365591396,True,False,True,medium
Kolhapur,Other Cereals,Rabi,2020,135.0,49.95,0.37,,0.4595138721491857,0.574277495466913,0.3797420662101014,5,23.801196466973884,17.53574792626728,31.447988940092166,0.1244992319508448,2.0128356374807987,61.21956820276497,0.6221427035330261,0.5242841781874039,18.979354070660523,False,False,False,medium
Kolhapur,Other Cereals,Rabi,2021,230.0,83.58,0.36,0.37,0.4557974863368457,0.5119678577623085,0.3976618619102602,5,23.363485560675883,17.133245622119816,31.1106049155146,0.9147827956989248,1.936516129032258,63.395582027649766,0.6145276497695852,0.526574039938556,17.992391397849463,False,False,False,medium
Kolhapur,Other Cereals,Rabi,2022,224.0,83.63,0.37,0.36,0.4510222727006468,0.5422698173053029,0.3828595051709136,5,23.562159293394775,16.54765852534562,32.00422949308756,0.025221505376344,2.170890322580645,52.84725499231951,0.593084178187404,0.446521505376344,19.55629984639017,False,False,False,medium
Kolhapur,Other Cereals,Summer,2020,32.0,31.9,1.0,,0.4437919177107529,0.4713189566047375,0.4162648788167684,2,30.101612903225806,23.42118817204301,38.70425806451613,1.3008172043010753,2.602274193548386,51.7747311827957,0.5139354838709678,0.3417956989247311,23.92078494623656,False,False,False,low
Kolhapur,Other Cereals,Summer,2021,48.0,52.25,1.09,1.0,0.4364802819224876,0.445551621878789,0.4274089419661863,2,28.317516129032256,22.6755376344086,35.37402688172043,3.694913978494624,2.558822580645161,60.21739247311828,0.5474516129032259,0.445,21.85367741935484,False,False,False,low
Kolhapur,Other Cereals,Summer,2022,21.0,20.94,1.0,1.09,0.4621081638522341,0.467574620749738,0.4566417069547301,2,28.655397849462368,22.871682795698923,36.39914516129032,1.8619516129032256,2.7808333333333337,58.66409677419355,0.5256021505376345,0.3989677419354839,21.360913978494622,False,False,False,low
Kolhapur,Other Kharif pulses,Kharif,2020,1536.0,1244.16,0.81,,0.4009920640763048,0.6434001565886951,0.2537155251933066,5,23.872197849462367,21.467840860215052,27.30944516129032,12.05586451612903,3.4163870967741934,88.85910967741935,0.8887806451612903,0.8835204301075269,15.190163440860218,True,False,True,medium
Kolhapur,Other Kharif pulses,Kharif,2021,1313.0,695.89,0.53,0.81,0.4009920640763048,0.5483773187699976,0.2537155251933066,5,23.738827956989248,21.19980215053764,27.32177419354839,10.212184946236558,3.4637806451612905,88.20599569892474,0.8680279569892473,0.8643247311827956,15.845443010752687,True,False,True,medium
Kolhapur,Other Kharif pulses,Kharif,2022,1449.0,767.97,0.53,0.53,0.4009920640763048,0.661741558090028,0.2537155251933066,5,23.606806451612904,20.969524731182798,27.4147935483871,9.493640860215054,3.438047311827957,86.9066064516129,0.8472881720430108,0.8417827956989248,15.576062365591396,True,False,True,medium
Kolhapur,Other Summer Pulses,Summer,2020,110.0,61.6,0.56,,0.4437919177107529,0.4713189566047375,0.4162648788167684,2,30.101612903225806,23.42118817204301,38.70425806451613,1.3008172043010753,2.602274193548386,51.7747311827957,0.5139354838709678,0.3417956989247311,23.92078494623656,False,False,False,low
Kolhapur,Other Summer Pulses,Summer,2021,89.0,42.2,0.47,0.56,0.4364802819224876,0.445551621878789,0.4274089419661863,2,28.317516129032256,22.6755376344086,35.37402688172043,3.694913978494624,2.558822580645161,60.21739247311828,0.5474516129032259,0.445,21.85367741935484,False,False,False,low
Kolhapur,Other Summer Pulses,Summer,2022,7.0,4.12,0.59,0.47,0.4621081638522341,0.467574620749738,0.4566417069547301,2,28.655397849462368,22.871682795698923,36.39914516129032,1.8619516129032256,2.7808333333333337,58.66409677419355,0.5256021505376345,0.3989677419354839,21.360913978494622,False,False,False,low
Kolhapur,Ragi,Kharif,2020,19560.11,36208.93,1.85,,0.366957985075254,0.6434001565886951,0.2878671519862098,5,23.872197849462367,21.467840860215052,27.30944516129032,12.05586451612903,3.4163870967741934,88.85910967741935,0.8887806451612903,0.8835204301075269,15.190163440860218,True,False,True,medium
Kolhapur,Ragi,Kharif,2021,19128.22,37694.07,1.97,1.85,0.366957985075254,0.5483773187699976,0.2878671519862098,5,23.738827956989248,21.19980215053764,27.32177419354839,10.212184946236558,3.4637806451612905,88.20599569892474,0.8680279569892473,0.8643247311827956,15.845443010752687,True,False,True,medium
Kolhapur,Ragi,Kharif,2022,17429.0,41267.0,2.37,1.97,0.366957985075254,0.661741558090028,0.2878671519862098,5,23.606806451612904,20.969524731182798,27.4147935483871,9.493640860215054,3.438047311827957,86.9066064516129,0.8472881720430108,0.8417827956989248,15.576062365591396,True,False,True,medium
Kolhapur,Rice,Kharif,2020,101775.35,341243.79,3.35,,0.42158207299695205,0.6434001565886951,0.2723615137428504,5,23.872197849462367,21.467840860215052,27.30944516129032,12.05586451612903,3.4163870967741934,88.85910967741935,0.8887806451612903,0.8835204301075269,15.190163440860218,True,False,True,medium
Kolhapur,Rice,Kharif,2021,95182.0,319462.31,3.36,3.35,0.42158207299695205,0.5483773187699976,0.2723615137428504,5,23.738827956989248,21.19980215053764,27.32177419354839,10.212184946236558,3.4637806451612905,88.20599569892474,0.8680279569892473,0.8643247311827956,15.845443010752687,True,False,True,medium
Kolhapur,Rice,Kharif,2022,94433.27,290546.82,3.08,3.36,0.42158207299695205,0.661741558090028,0.2723615137428504,5,23.606806451612904,20.969524731182798,27.4147935483871,9.493640860215054,3.438047311827957,86.9066064516129,0.8472881720430108,0.8417827956989248,15.576062365591396,True,False,True,medium
Kolhapur,Rice,Summer,2020,484.24,1274.33,2.63,,0.4437919177107529,0.4713189566047375,0.4162648788167684,2,30.101612903225806,23.42118817204301,38.70425806451613,1.3008172043010753,2.602274193548386,51.7747311827957,0.5139354838709678,0.3417956989247311,23.92078494623656,False,False,False,low
Kolhapur,Rice,Summer,2021,423.71,1318.99,3.11,2.63,0.4364802819224876,0.445551621878789,0.4274089419661863,2,28.317516129032256,22.6755376344086,35.37402688172043,3.694913978494624,2.558822580645161,60.21739247311828,0.5474516129032259,0.445,21.85367741935484,False,False,False,low
Kolhapur,Rice,Summer,2022,296.6,1173.06,3.96,3.11,0.4621081638522341,0.467574620749738,0.4566417069547301,2,28.655397849462368,22.871682795698923,36.39914516129032,1.8619516129032256,2.7808333333333337,58.66409677419355,0.5256021505376345,0.3989677419354839,21.360913978494622,False,False,False,low
Kolhapur,Soyabean,Kharif,2020,45217.65,105950.03,2.34,,0.4114655664617643,0.6434001565886951,0.241067837336053,5,23.872197849462367,21.467840860215052,27.30944516129032,12.05586451612903,3.4163870967741934,88.85910967741935,0.8887806451612903,0.8835204301075269,15.190163440860218,True,False,True,medium
Kolhapur,Soyabean,Kharif,2021,41711.31,93324.89,2.24,2.34,0.4114655664617643,0.5483773187699976,0.241067837336053,5,23.738827956989248,21.19980215053764,27.32177419354839,10.212184946236558,3.4637806451612905,88.20599569892474,0.8680279569892473,0.8643247311827956,15.845443010752687,True,False,True,medium
Kolhapur,Soyabean,Kharif,2022,43601.0,92957.0,2.13,2.24,0.4114655664617643,0.661741558090028,0.241067837336053,5,23.606806451612904,20.969524731182798,27.4147935483871,9.493640860215054,3.438047311827957,86.9066064516129,0.8472881720430108,0.8417827956989248,15.576062365591396,True,False,True,medium
Kolhapur,Soyabean,Summer,2021,1961.0,3725.9,1.9,,0.4364802819224876,0.445551621878789,0.4274089419661863,2,28.317516129032256,22.6755376344086,35.37402688172043,3.694913978494624,2.558822580645161,60.21739247311828,0.5474516129032259,0.445,21.85367741935484,False,False,False,low
Kolhapur,Soyabean,Summer,2022,414.0,683.1,1.65,1.9,0.4621081638522341,0.467574620749738,0.4566417069547301,2,28.655397849462368,22.871682795698923,36.39914516129032,1.8619516129032256,2.7808333333333337,58.66409677419355,0.5256021505376345,0.3989677419354839,21.360913978494622,False,False,False,low
Kolhapur,Sugarcane,Whole Year,2020,157752.0,14699900.74,93.18,,0.3730108423266771,0.6434001565886951,0.20171800959583375,12,24.665137714744777,19.896474230626623,30.835592139414164,5.274527128908663,2.758683938944506,71.93734822642442,0.7170156346557905,0.6509060684711409,18.348898251143247,True,False,True,high
Kolhapur,Sugarcane,Whole Year,2021,178091.0,17146726.25,96.28,93.18,0.3730108423266771,0.5483773187699976,0.20171800959583375,12,24.6431114311316,20.12303385816692,30.40605184331797,5.269140809011776,2.6448813364055304,72.58918209165385,0.7072126856118791,0.6498262928827444,17.74849609575013,True,False,True,high
Kolhapur,Sugarcane,Whole Year,2022,175560.0,15817956.0,90.1,96.28,0.3730108423266771,0.661741558090028,0.20171800959583375,12,24.288825076804912,19.474819188428057,30.548261904761905,4.3054426523297495,2.735206989247312,71.5209351638505,0.6937798899129545,0.6311029825908857,17.848241039426522,True,False,True,high
Kolhapur,Sunflower,Rabi,2020,163.11,63.67,0.39,,0.4595138721491857,0.574277495466913,0.3797420662101014,5,23.801196466973884,17.53574792626728,31.447988940092166,0.1244992319508448,2.0128356374807987,61.21956820276497,0.6221427035330261,0.5242841781874039,18.979354070660523,False,False,False,medium
Kolhapur,Sunflower,Rabi,2021,15.0,19.78,1.32,0.39,0.4557974863368457,0.5119678577623085,0.3976618619102602,5,23.363485560675883,17.133245622119816,31.1106049155146,0.9147827956989248,1.936516129032258,63.395582027649766,0.6145276497695852,0.526574039938556,17.992391397849463,False,False,False,medium
Kolhapur,Sunflower,Rabi,2022,24.0,28.08,1.17,1.32,0.4510222727006468,0.5422698173053029,0.3828595051709136,5,23.562159293394775,16.54765852534562,32.00422949308756,0.025221505376344,2.170890322580645,52.84725499231951,0.593084178187404,0.446521505376344,19.55629984639017,False,False,False,medium
Kolhapur,Sunflower,Summer,2020,140.4,41.18,0.29,,0.4437919177107529,0.4713189566047375,0.4162648788167684,2,30.101612903225806,23.42118817204301,38.70425806451613,1.3008172043010753,2.602274193548386,51.7747311827957,0.5139354838709678,0.3417956989247311,23.92078494623656,False,False,False,low
Kolhapur,Sunflower,Summer,2021,181.69,241.08,1.33,0.29,0.4364802819224876,0.445551621878789,0.4274089419661863,2,28.317516129032256,22.6755376344086,35.37402688172043,3.694913978494624,2.558822580645161,60.21739247311828,0.5474516129032259,0.445,21.85367741935484,False,False,False,low
Kolhapur,Sunflower,Summer,2022,267.0,228.0,0.85,1.33,0.4621081638522341,0.467574620749738,0.4566417069547301,2,28.655397849462368,22.871682795698923,36.39914516129032,1.8619516129032256,2.7808333333333337,58.66409677419355,0.5256021505376345,0.3989677419354839,21.360913978494622,False,False,False,low
Kolhapur,Tobacco,Whole Year,2020,591.0,1190.76,2.01,,0.3730108423266771,0.6434001565886951,0.20171800959583375,12,24.665137714744777,19.896474230626623,30.835592139414164,5.274527128908663,2.758683938944506,71.93734822642442,0.7170156346557905,0.6509060684711409,18.348898251143247,True,False,True,high
Kolhapur,Tobacco,Whole Year,2021,527.0,792.87,1.5,2.01,0.3730108423266771,0.5483773187699976,0.20171800959583375,12,24.6431114311316,20.12303385816692,30.40605184331797,5.269140809011776,2.6448813364055304,72.58918209165385,0.7072126856118791,0.6498262928827444,17.74849609575013,True,False,True,high
Kolhapur,Tobacco,Whole Year,2022,848.0,2236.0,2.64,1.5,0.3730108423266771,0.661741558090028,0.20171800959583375,12,24.288825076804912,19.474819188428057,30.548261904761905,4.3054426523297495,2.735206989247312,71.5209351638505,0.6937798899129545,0.6311029825908857,17.848241039426522,True,False,True,high
Kolhapur,Urad,Kharif,2020,1299.01,797.72,0.61,,0.4114655664617643,0.6434001565886951,0.241067837336053,5,23.872197849462367,21.467840860215052,27.30944516129032,12.05586451612903,3.4163870967741934,88.85910967741935,0.8887806451612903,0.8835204301075269,15.190163440860218,True,False,True,medium
Kolhapur,Urad,Kharif,2021,955.72,365.85,0.38,0.61,0.4114655664617643,0.5483773187699976,0.241067837336053,5,23.738827956989248,21.19980215053764,27.32177419354839,10.212184946236558,3.4637806451612905,88.20599569892474,0.8680279569892473,0.8643247311827956,15.845443010752687,True,False,True,medium
Kolhapur,Urad,Kharif,2022,1070.53,954.16,0.89,0.38,0.4114655664617643,0.661741558090028,0.241067837336053,5,23.606806451612904,20.969524731182798,27.4147935483871,9.493640860215054,3.438047311827957,86.9066064516129,0.8472881720430108,0.8417827956989248,15.576062365591396,True,False,True,medium
Kolhapur,Urad,Summer,2022,75.0,33.75,0.45,,0.4621081638522341,0.467574620749738,0.4566417069547301,2,28.655397849462368,22.871682795698923,36.39914516129032,1.8619516129032256,2.7808333333333337,58.66409677419355,0.5256021505376345,0.3989677419354839,21.360913978494622,False,False,False,low
Kolhapur,Wheat,Rabi,2020,1581.35,3667.14,2.32,,0.4595138721491857,0.574277495466913,0.3797420662101014,5,23.801196466973884,17.53574792626728,31.447988940092166,0.1244992319508448,2.0128356374807987,61.21956820276497,0.6221427035330261,0.5242841781874039,18.979354070660523,False,False,False,medium
Kolhapur,Wheat,Rabi,2021,1531.41,4000.0,2.61,2.32,0.4557974863368457,0.5119678577623085,0.3976618619102602,5,23.363485560675883,17.133245622119816,31.1106049155146,0.9147827956989248,1.936516129032258,63.395582027649766,0.6145276497695852,0.526574039938556,17.992391397849463,False,False,False,medium
Kolhapur,Wheat,Rabi,2022,1801.8,5249.36,2.91,2.61,0.4510222727006468,0.5422698173053029,0.3828595051709136,5,23.562159293394775,16.54765852534562,32.00422949308756,0.025221505376344,2.170890322580645,52.84725499231951,0.593084178187404,0.446521505376344,19.55629984639017,False,False,False,medium
Kolhapur,other oilseeds,Kharif,2020,43.0,10.11,0.24,,0.4009920640763048,0.6434001565886951,0.2492406248839314,5,23.872197849462367,21.467840860215052,27.30944516129032,12.05586451612903,3.4163870967741934,88.85910967741935,0.8887806451612903,0.8835204301075269,15.190163440860218,True,False,True,medium
Kolhapur,other oilseeds,Kharif,2021,8.0,2.0,0.25,0.24,0.4009920640763048,0.5483773187699976,0.2492406248839314,5,23.738827956989248,21.19980215053764,27.32177419354839,10.212184946236558,3.4637806451612905,88.20599569892474,0.8680279569892473,0.8643247311827956,15.845443010752687,True,False,True,medium
Kolhapur,other oilseeds,Rabi,2021,21.0,3.68,0.18,,0.4557974863368457,0.5119678577623085,0.3976618619102602,5,23.363485560675883,17.133245622119816,31.1106049155146,0.9147827956989248,1.936516129032258,63.395582027649766,0.6145276497695852,0.526574039938556,17.992391397849463,False,False,False,medium
Kolhapur,other oilseeds,Rabi,2022,2.0,0.35,0.18,0.18,0.4510222727006468,0.5422698173053029,0.3828595051709136,5,23.562159293394775,16.54765852534562,32.00422949308756,0.025221505376344,2.170890322580645,52.84725499231951,0.593084178187404,0.446521505376344,19.55629984639017,False,False,False,medium
Kolhapur,other oilseeds,Summer,2020,64.7,32.74,0.51,,0.4437919177107529,0.4713189566047375,0.4162648788167684,2,30.101612903225806,23.42118817204301,38.70425806451613,1.3008172043010753,2.602274193548386,51.7747311827957,0.5139354838709678,0.3417956989247311,23.92078494623656,False,False,False,low
Latur,Arhar/Tur,Kharif,2020,111326.31,164494.09,1.48,,0.4009920640763048,0.4609092801307773,0.2723615137428504,5,25.3423376344086,21.977658064516127,29.60874193548387,6.09807311827957,2.8884967741935483,81.25297849462365,0.7983956989247312,0.8178258064516128,16.52556989247312,True,False,True,medium
Latur,Arhar/Tur,Kharif,2021,115458.26,73916.38,0.64,1.48,0.4009920640763048,0.540047119764479,0.2723615137428504,5,25.10891612903226,21.5947376344086,29.599051612903224,6.154148387096774,3.047939784946237,80.09614838709676,0.7927118279569892,0.8111870967741937,16.692079569892474,False,False,False,medium
Latur,Arhar/Tur,Kharif,2022,68615.0,23521.0,0.34,0.64,0.4009920640763048,0.5334703506411143,0.2723615137428504,5,25.03595053763441,21.42664301075269,29.566686021505383,6.165877419354839,3.1685075268817204,79.46749462365592,0.8181032258064516,0.8119419354838711,16.455208602150538,True,False,True,medium
Latur,Bajra,Kharif,2020,1661.58,468.59,0.28,,0.4009920640763048,0.4609092801307773,0.2723615137428504,5,25.3423376344086,21.977658064516127,29.60874193548387,6.09807311827957,2.8884967741935483,81.25297849462365,0.7983956989247312,0.8178258064516128,16.52556989247312,True,False,True,medium
Latur,Bajra,Kharif,2021,918.36,115.08,0.13,0.28,0.4009920640763048,0.540047119764479,0.2723615137428504,5,25.10891612903226,21.5947376344086,29.599051612903224,6.154148387096774,3.047939784946237,80.09614838709676,0.7927118279569892,0.8111870967741937,16.692079569892474,False,False,False,medium
Latur,Bajra,Summer,2022,40.6,35.57,0.88,,0.2184592794892356,0.2336874783643183,0.203231080614153,2,32.55802688172043,25.279698924731186,39.66260215053764,0.6196182795698925,2.7056720430107526,31.5938870967742,0.59552688172043,0.258752688172043,22.46781720430108,False,False,False,low
Latur,Cotton(lint),Kharif,2020,7900.0,19800.0,2.51,,0.4009920640763048,0.4609092801307773,0.2723615137428504,5,25.3423376344086,21.977658064516127,29.60874193548387,6.09807311827957,2.8884967741935483,81.25297849462365,0.7983956989247312,0.8178258064516128,16.52556989247312,True,False,True,medium
Latur,Cotton(lint),Kharif,2021,7900.0,12600.0,1.59,2.51,0.4009920640763048,0.540047119764479,0.2723615137428504,5,25.10891612903226,21.5947376344086,29.599051612903224,6.154148387096774,3.047939784946237,80.09614838709676,0.7927118279569892,0.8111870967741937,16.692079569892474,False,False,False,medium
Latur,Cotton(lint),Kharif,2022,7283.88,27221.14,3.74,1.59,0.4009920640763048,0.5334703506411143,0.2723615137428504,5,25.03595053763441,21.42664301075269,29.566686021505383,6.165877419354839,3.1685075268817204,79.46749462365592,0.8181032258064516,0.8119419354838711,16.455208602150538,True,False,True,medium
Latur,Gram,Rabi,2020,212429.22,216574.7,1.02,,0.3761245909308034,0.4532120370251879,0.2512692081774509,5,23.336716436251923,16.406739170506913,31.25973164362519,0.0578216589861751,1.8487081413210449,50.98044884792628,0.6495376344086021,0.4863010752688172,18.370932411674342,False,False,False,medium
Latur,Gram,Rabi,2021,233114.31,235270.62,1.01,1.02,0.3802614514968563,0.4905888973562302,0.2552101965671185,5,22.855194470046083,16.265775422427033,30.394632565284184,0.1837596006144393,1.921027803379416,54.88172319508449,0.6619313364055299,0.5241926267281106,17.36185468509985,False,False,False,medium
Latur,Gram,Rabi,2022,314408.71,269429.4,0.86,1.01,0.3860459219326695,0.4621728354652473,0.2685190136574137,5,22.63282411674347,15.528816589861751,30.909186943164364,0.1116774193548387,1.834820583717358,50.04928294930876,0.6513509984639018,0.4976092165898617,18.81919370199693,False,False,False,medium
Latur,Groundnut,Kharif,2020,1052.83,825.04,0.78,,0.4009920640763048,0.4609092801307773,0.2723615137428504,5,25.3423376344086,21.977658064516127,29.60874193548387,6.09807311827957,2.8884967741935483,81.25297849462365,0.7983956989247312,0.8178258064516128,16.52556989247312,True,False,True,medium
Latur,Groundnut,Kharif,2021,1214.8,271.75,0.22,0.78,0.4009920640763048,0.540047119764479,0.2723615137428504,5,25.10891612903226,21.5947376344086,29.599051612903224,6.154148387096774,3.047939784946237,80.09614838709676,0.7927118279569892,0.8111870967741937,16.692079569892474,False,False,False,medium
Latur,Groundnut,Kharif,2022,406.99,242.49,0.6,0.22,0.4009920640763048,0.5334703506411143,0.2723615137428504,5,25.03595053763441,21.42664301075269,29.566686021505383,6.165877419354839,3.1685075268817204,79.46749462365592,0.8181032258064516,0.8119419354838711,16.455208602150538,True,False,True,medium
Latur,Groundnut,Summer,2020,1977.65,2349.12,1.19,,0.1789265955373232,0.2019297590910569,0.1559234319835895,2,33.23722043010753,26.0267311827957,40.27125806451613,0.2856559139784946,2.5246935483870967,28.43700537634409,0.5939193548387096,0.2419193548387097,24.00440860215054,False,False,False,low
Latur,Groundnut,Summer,2021,2105.95,2618.71,1.24,1.19,0.2288454837284945,0.2330791701305055,0.2246117973264835,2,30.86378494623656,24.418252688172043,37.40362903225807,1.1697795698924731,2.529048387096774,39.66516129032259,0.601241935483871,0.3568494623655914,21.633258064516127,False,False,False,low
Latur,Groundnut,Summer,2022,1685.0,2194.0,1.3,1.24,0.2184592794892356,0.2336874783643183,0.203231080614153,2,32.55802688172043,25.279698924731186,39.66260215053764,0.6196182795698925,2.7056720430107526,31.5938870967742,0.59552688172043,0.258752688172043,22.46781720430108,False,False,False,low
Latur,Jowar,Kharif,2020,56343.09,47244.73,0.84,,0.4009920640763048,0.4609092801307773,0.2723615137428504,5,25.3423376344086,21.977658064516127,29.60874193548387,6.09807311827957,2.8884967741935483,81.25297849462365,0.7983956989247312,0.8178258064516128,16.52556989247312,True,False,True,medium
Latur,Jowar,Kharif,2021,57358.52,32952.47,0.57,0.84,0.4009920640763048,0.540047119764479,0.2723615137428504,5,25.10891612903226,21.5947376344086,29.599051612903224,6.154148387096774,3.047939784946237,80.09614838709676,0.7927118279569892,0.8111870967741937,16.692079569892474,False,False,False,medium
Latur,Jowar,Kharif,2022,7068.54,2090.17,0.3,0.57,0.4009920640763048,0.5334703506411143,0.2723615137428504,5,25.03595053763441,21.42664301075269,29.566686021505383,6.165877419354839,3.1685075268817204,79.46749462365592,0.8181032258064516,0.8119419354838711,16.455208602150538,True,False,True,medium
Latur,Jowar,Rabi,2020,37764.35,50727.77,1.34,,0.3761245909308034,0.4532120370251879,0.2512692081774509,5,23.336716436251923,16.406739170506913,31.25973164362519,0.0578216589861751,1.8487081413210449,50.98044884792628,0.6495376344086021,0.4863010752688172,18.370932411674342,False,False,False,medium
Latur,Jowar,Rabi,2021,40790.24,49780.0,1.22,1.34,0.3802614514968563,0.4905888973562302,0.2552101965671185,5,22.855194470046083,16.265775422427033,30.394632565284184,0.1837596006144393,1.921027803379416,54.88172319508449,0.6619313364055299,0.5241926267281106,17.36185468509985,False,False,False,medium
Latur,Jowar,Rabi,2022,31944.62,30949.87,0.97,1.22,0.3860459219326695,0.4621728354652473,0.2685190136574137,5,22.63282411674347,15.528816589861751,30.909186943164364,0.1116774193548387,1.834820583717358,50.04928294930876,0.6513509984639018,0.4976092165898617,18.81919370199693,False,False,False,medium
Latur,Jowar,Summer,2022,230.0,191.23,0.83,,0.2184592794892356,0.2336874783643183,0.203231080614153,2,32.55802688172043,25.279698924731186,39.66260215053764,0.6196182795698925,2.7056720430107526,31.5938870967742,0.59552688172043,0.258752688172043,22.46781720430108,False,False,False,low
Latur,Linseed,Rabi,2020,303.92,182.35,0.6,,0.3761245909308034,0.4532120370251879,0.2512692081774509,5,23.336716436251923,16.406739170506913,31.25973164362519,0.0578216589861751,1.8487081413210449,50.98044884792628,0.6495376344086021,0.4863010752688172,18.370932411674342,False,False,False,medium
Latur,Linseed,Rabi,2021,325.16,222.08,0.68,0.6,0.3802614514968563,0.4905888973562302,0.2552101965671185,5,22.855194470046083,16.265775422427033,30.394632565284184,0.1837596006144393,1.921027803379416,54.88172319508449,0.6619313364055299,0.5241926267281106,17.36185468509985,False,False,False,medium
Latur,Linseed,Rabi,2022,271.36,126.59,0.47,0.68,0.3860459219326695,0.4621728354652473,0.2685190136574137,5,22.63282411674347,15.528816589861751,30.909186943164364,0.1116774193548387,1.834820583717358,50.04928294930876,0.6513509984639018,0.4976092165898617,18.81919370199693,False,False,False,medium
Latur,Maize,Kharif,2020,6591.01,5108.03,0.77,,0.4009920640763048,0.4609092801307773,0.2723615137428504,5,25.3423376344086,21.977658064516127,29.60874193548387,6.09807311827957,2.8884967741935483,81.25297849462365,0.7983956989247312,0.8178258064516128,16.52556989247312,True,False,True,medium
Latur,Maize,Kharif,2021,6086.26,5215.93,0.86,0.77,0.4009920640763048,0.540047119764479,0.2723615137428504,5,25.10891612903226,21.5947376344086,29.599051612903224,6.154148387096774,3.047939784946237,80.09614838709676,0.7927118279569892,0.8111870967741937,16.692079569892474,False,False,False,medium
Latur,Maize,Kharif,2022,6000.0,5919.0,0.99,0.86,0.4009920640763048,0.5334703506411143,0.2723615137428504,5,25.03595053763441,21.42664301075269,29.566686021505383,6.165877419354839,3.1685075268817204,79.46749462365592,0.8181032258064516,0.8119419354838711,16.455208602150538,True,False,True,medium
Latur,Maize,Rabi,2020,3950.15,2636.05,0.67,,0.3761245909308034,0.4532120370251879,0.2512692081774509,5,23.336716436251923,16.406739170506913,31.25973164362519,0.0578216589861751,1.8487081413210449,50.98044884792628,0.6495376344086021,0.4863010752688172,18.370932411674342,False,False,False,medium
Latur,Maize,Rabi,2021,5222.47,11366.71,2.18,0.67,0.3802614514968563,0.4905888973562302,0.2552101965671185,5,22.855194470046083,16.265775422427033,30.394632565284184,0.1837596006144393,1.921027803379416,54.88172319508449,0.6619313364055299,0.5241926267281106,17.36185468509985,False,False,False,medium
Latur,Maize,Rabi,2022,5315.65,10804.06,2.03,2.18,0.3860459219326695,0.4621728354652473,0.2685190136574137,5,22.63282411674347,15.528816589861751,30.909186943164364,0.1116774193548387,1.834820583717358,50.04928294930876,0.6513509984639018,0.4976092165898617,18.81919370199693,False,False,False,medium
Latur,Maize,Summer,2021,327.0,257.1,0.79,,0.2288454837284945,0.2330791701305055,0.2246117973264835,2,30.86378494623656,24.418252688172043,37.40362903225807,1.1697795698924731,2.529048387096774,39.66516129032259,0.601241935483871,0.3568494623655914,21.633258064516127,False,False,False,low
Latur,Maize,Summer,2022,366.39,469.71,1.28,0.79,0.2184592794892356,0.2336874783643183,0.203231080614153,2,32.55802688172043,25.279698924731186,39.66260215053764,0.6196182795698925,2.7056720430107526,31.5938870967742,0.59552688172043,0.258752688172043,22.46781720430108,False,False,False,low
Latur,Moong(Green Gram),Kharif,2020,11275.88,8140.58,0.72,,0.4009920640763048,0.4609092801307773,0.2723615137428504,5,25.3423376344086,21.977658064516127,29.60874193548387,6.09807311827957,2.8884967741935483,81.25297849462365,0.7983956989247312,0.8178258064516128,16.52556989247312,True,False,True,medium
Latur,Moong(Green Gram),Kharif,2021,12086.59,8268.44,0.68,0.72,0.4009920640763048,0.540047119764479,0.2723615137428504,5,25.10891612903226,21.5947376344086,29.599051612903224,6.154148387096774,3.047939784946237,80.09614838709676,0.7927118279569892,0.8111870967741937,16.692079569892474,False,False,False,medium
Latur,Moong(Green Gram),Kharif,2022,7170.07,4058.98,0.57,0.68,0.4009920640763048,0.5334703506411143,0.2723615137428504,5,25.03595053763441,21.42664301075269,29.566686021505383,6.165877419354839,3.1685075268817204,79.46749462365592,0.8181032258064516,0.8119419354838711,16.455208602150538,True,False,True,medium
Latur,Moong(Green Gram),Summer,2022,55.0,10.13,0.18,,0.2184592794892356,0.2336874783643183,0.203231080614153,2,32.55802688172043,25.279698924731186,39.66260215053764,0.6196182795698925,2.7056720430107526,31.5938870967742,0.59552688172043,0.258752688172043,22.46781720430108,False,False,False,low
Latur,Niger seed,Kharif,2020,687.04,25.27,0.04,,0.4009920640763048,0.4609092801307773,0.2723615137428504,5,25.3423376344086,21.977658064516127,29.60874193548387,6.09807311827957,2.8884967741935483,81.25297849462365,0.7983956989247312,0.8178258064516128,16.52556989247312,True,False,True,medium
Latur,Niger seed,Kharif,2021,567.46,67.19,0.12,0.04,0.4009920640763048,0.540047119764479,0.2723615137428504,5,25.10891612903226,21.5947376344086,29.599051612903224,6.154148387096774,3.047939784946237,80.09614838709676,0.7927118279569892,0.8111870967741937,16.692079569892474,False,False,False,medium
Latur,Niger seed,Kharif,2022,220.85,55.77,0.25,0.12,0.4009920640763048,0.5334703506411143,0.2723615137428504,5,25.03595053763441,21.42664301075269,29.566686021505383,6.165877419354839,3.1685075268817204,79.46749462365592,0.8181032258064516,0.8119419354838711,16.455208602150538,True,False,True,medium
Latur,Other  Rabi pulses,Rabi,2020,59.0,49.8,0.84,,0.3761245909308034,0.4532120370251879,0.2512692081774509,5,23.336716436251923,16.406739170506913,31.25973164362519,0.0578216589861751,1.8487081413210449,50.98044884792628,0.6495376344086021,0.4863010752688172,18.370932411674342,False,False,False,medium
Latur,Other  Rabi pulses,Rabi,2021,31.0,6.77,0.22,0.84,0.3802614514968563,0.4905888973562302,0.2552101965671185,5,22.855194470046083,16.265775422427033,30.394632565284184,0.1837596006144393,1.921027803379416,54.88172319508449,0.6619313364055299,0.5241926267281106,17.36185468509985,False,False,False,medium
Latur,Other  Rabi pulses,Rabi,2022,359.2,166.86,0.46,0.22,0.3860459219326695,0.4621728354652473,0.2685190136574137,5,22.63282411674347,15.528816589861751,30.909186943164364,0.1116774193548387,1.834820583717358,50.04928294930876,0.6513509984639018,0.4976092165898617,18.81919370199693,False,False,False,medium
Latur,Other Cereals,Kharif,2020,381.0,88.39,0.23,,0.4009920640763048,0.4609092801307773,0.2723615137428504,5,25.3423376344086,21.977658064516127,29.60874193548387,6.09807311827957,2.8884967741935483,81.25297849462365,0.7983956989247312,0.8178258064516128,16.52556989247312,True,False,True,medium
Latur,Other Cereals,Kharif,2021,136.0,31.69,0.23,0.23,0.4009920640763048,0.540047119764479,0.2723615137428504,5,25.10891612903226,21.5947376344086,29.599051612903224,6.154148387096774,3.047939784946237,80.09614838709676,0.7927118279569892,0.8111870967741937,16.692079569892474,False,False,False,medium
Latur,Other Cereals,Kharif,2022,830.0,216.46,0.26,0.23,0.4009920640763048,0.5334703506411143,0.2723615137428504,5,25.03595053763441,21.42664301075269,29.566686021505383,6.165877419354839,3.1685075268817204,79.46749462365592,0.8181032258064516,0.8119419354838711,16.455208602150538,True,False,True,medium
Latur,Other Cereals,Rabi,2020,86.0,19.45,0.23,,0.3761245909308034,0.4532120370251879,0.2512692081774509,5,23.336716436251923,16.406739170506913,31.25973164362519,0.0578216589861751,1.8487081413210449,50.98044884792628,0.6495376344086021,0.4863010752688172,18.370932411674342,False,False,False,medium
Latur,Other Cereals,Rabi,2021,86.0,15.11,0.18,0.23,0.3802614514968563,0.4905888973562302,0.2552101965671185,5,22.855194470046083,16.265775422427033,30.394632565284184,0.1837596006144393,1.921027803379416,54.88172319508449,0.6619313364055299,0.5241926267281106,17.36185468509985,False,False,False,medium
Latur,Other Cereals,Rabi,2022,177.0,40.65,0.23,0.18,0.3860459219326695,0.4621728354652473,0.2685190136574137,5,22.63282411674347,15.528816589861751,30.909186943164364,0.1116774193548387,1.834820583717358,50.04928294930876,0.6513509984639018,0.4976092165898617,18.81919370199693,False,False,False,medium
Latur,Other Cereals,Summer,2020,82.0,68.35,0.83,,0.1789265955373232,0.2019297590910569,0.1559234319835895,2,33.23722043010753,26.0267311827957,40.27125806451613,0.2856559139784946,2.5246935483870967,28.43700537634409,0.5939193548387096,0.2419193548387097,24.00440860215054,False,False,False,low
Latur,Other Kharif pulses,Kharif,2020,53.0,51.68,0.98,,0.4009920640763048,0.4609092801307773,0.2723615137428504,5,25.3423376344086,21.977658064516127,29.60874193548387,6.09807311827957,2.8884967741935483,81.25297849462365,0.7983956989247312,0.8178258064516128,16.52556989247312,True,False,True,medium
Latur,Other Kharif pulses,Kharif,2021,19.0,5.15,0.27,0.98,0.4009920640763048,0.540047119764479,0.2723615137428504,5,25.10891612903226,21.5947376344086,29.599051612903224,6.154148387096774,3.047939784946237,80.09614838709676,0.7927118279569892,0.8111870967741937,16.692079569892474,False,False,False,medium
Latur,Other Kharif pulses,Kharif,2022,54.0,25.38,0.47,0.27,0.4009920640763048,0.5334703506411143,0.2723615137428504,5,25.03595053763441,21.42664301075269,29.566686021505383,6.165877419354839,3.1685075268817204,79.46749462365592,0.8181032258064516,0.8119419354838711,16.455208602150538,True,False,True,medium
Latur,Other Summer Pulses,Summer,2020,36.9,2.4,0.07,,0.1789265955373232,0.2019297590910569,0.1559234319835895,2,33.23722043010753,26.0267311827957,40.27125806451613,0.2856559139784946,2.5246935483870967,28.43700537634409,0.5939193548387096,0.2419193548387097,24.00440860215054,False,False,False,low
Latur,Other Summer Pulses,Summer,2022,22.0,6.61,0.3,0.07,0.2184592794892356,0.2336874783643183,0.203231080614153,2,32.55802688172043,25.279698924731186,39.66260215053764,0.6196182795698925,2.7056720430107526,31.5938870967742,0.59552688172043,0.258752688172043,22.46781720430108,False,False,False,low
Latur,Rice,Kharif,2020,907.55,595.63,0.66,,0.4009920640763048,0.4609092801307773,0.2723615137428504,5,25.3423376344086,21.977658064516127,29.60874193548387,6.09807311827957,2.8884967741935483,81.25297849462365,0.7983956989247312,0.8178258064516128,16.52556989247312,True,False,True,medium
Latur,Rice,Kharif,2021,611.36,209.99,0.34,0.66,0.4009920640763048,0.540047119764479,0.2723615137428504,5,25.10891612903226,21.5947376344086,29.599051612903224,6.154148387096774,3.047939784946237,80.09614838709676,0.7927118279569892,0.8111870967741937,16.692079569892474,False,False,False,medium
Latur,Rice,Kharif,2022,350.61,136.7,0.39,0.34,0.4009920640763048,0.5334703506411143,0.2723615137428504,5,25.03595053763441,21.42664301075269,29.566686021505383,6.165877419354839,3.1685075268817204,79.46749462365592,0.8181032258064516,0.8119419354838711,16.455208602150538,True,False,True,medium
Latur,Safflower,Rabi,2020,6913.97,3298.25,0.48,,0.3761245909308034,0.4532120370251879,0.2512692081774509,5,23.336716436251923,16.406739170506913,31.25973164362519,0.0578216589861751,1.8487081413210449,50.98044884792628,0.6495376344086021,0.4863010752688172,18.370932411674342,False,False,False,medium
Latur,Safflower,Rabi,2021,7749.16,4496.84,0.58,0.48,0.3802614514968563,0.4905888973562302,0.2552101965671185,5,22.855194470046083,16.265775422427033,30.394632565284184,0.1837596006144393,1.921027803379416,54.88172319508449,0.6619313364055299,0.5241926267281106,17.36185468509985,False,False,False,medium
Latur,Safflower,Rabi,2022,11844.04,8797.75,0.74,0.58,0.3860459219326695,0.4621728354652473,0.2685190136574137,5,22.63282411674347,15.528816589861751,30.909186943164364,0.1116774193548387,1.834820583717358,50.04928294930876,0.6513509984639018,0.4976092165898617,18.81919370199693,False,False,False,medium
Latur,Sesamum,Kharif,2020,2443.04,636.44,0.26,,0.4009920640763048,0.4609092801307773,0.2723615137428504,5,25.3423376344086,21.977658064516127,29.60874193548387,6.09807311827957,2.8884967741935483,81.25297849462365,0.7983956989247312,0.8178258064516128,16.52556989247312,True,False,True,medium
Latur,Sesamum,Kharif,2021,2308.18,434.17,0.19,0.26,0.4009920640763048,0.540047119764479,0.2723615137428504,5,25.10891612903226,21.5947376344086,29.599051612903224,6.154148387096774,3.047939784946237,80.09614838709676,0.7927118279569892,0.8111870967741937,16.692079569892474,False,False,False,medium
Latur,Sesamum,Kharif,2022,358.9,90.98,0.25,0.19,0.4009920640763048,0.5334703506411143,0.2723615137428504,5,25.03595053763441,21.42664301075269,29.566686021505383,6.165877419354839,3.1685075268817204,79.46749462365592,0.8181032258064516,0.8119419354838711,16.455208602150538,True,False,True,medium
Latur,Sesamum,Rabi,2021,24.0,17.15,0.71,,0.3802614514968563,0.4905888973562302,0.2552101965671185,5,22.855194470046083,16.265775422427033,30.394632565284184,0.1837596006144393,1.921027803379416,54.88172319508449,0.6619313364055299,0.5241926267281106,17.36185468509985,False,False,False,medium
Latur,Sesamum,Rabi,2022,23.36,7.83,0.34,0.71,0.3860459219326695,0.4621728354652473,0.2685190136574137,5,22.63282411674347,15.528816589861751,30.909186943164364,0.1116774193548387,1.834820583717358,50.04928294930876,0.6513509984639018,0.4976092165898617,18.81919370199693,False,False,False,medium
Latur,Sesamum,Summer,2020,2.2,0.42,0.19,,0.1789265955373232,0.2019297590910569,0.1559234319835895,2,33.23722043010753,26.0267311827957,40.27125806451613,0.2856559139784946,2.5246935483870967,28.43700537634409,0.5939193548387096,0.2419193548387097,24.00440860215054,False,False,False,low
Latur,Sesamum,Summer,2022,34.0,7.0,0.21,0.19,0.2184592794892356,0.2336874783643183,0.203231080614153,2,32.55802688172043,25.279698924731186,39.66260215053764,0.6196182795698925,2.7056720430107526,31.5938870967742,0.59552688172043,0.258752688172043,22.46781720430108,False,False,False,low
Latur,Soyabean,Kharif,2020,442391.19,774232.16,1.75,,0.4009920640763048,0.4609092801307773,0.2723615137428504,5,25.3423376344086,21.977658064516127,29.60874193548387,6.09807311827957,2.8884967741935483,81.25297849462365,0.7983956989247312,0.8178258064516128,16.52556989247312,True,False,True,medium
Latur,Soyabean,Kharif,2021,475381.11,583720.46,1.23,1.75,0.4009920640763048,0.540047119764479,0.2723615137428504,5,25.10891612903226,21.5947376344086,29.599051612903224,6.154148387096774,3.047939784946237,80.09614838709676,0.7927118279569892,0.8111870967741937,16.692079569892474,False,False,False,medium
Latur,Soyabean,Kharif,2022,486702.0,534398.0,1.1,1.23,0.4009920640763048,0.5334703506411143,0.2723615137428504,5,25.03595053763441,21.42664301075269,29.566686021505383,6.165877419354839,3.1685075268817204,79.46749462365592,0.8181032258064516,0.8119419354838711,16.455208602150538,True,False,True,medium
Latur,Soyabean,Summer,2021,2349.7,1221.8,0.52,,0.2288454837284945,0.2330791701305055,0.2246117973264835,2,30.86378494623656,24.418252688172043,37.40362903225807,1.1697795698924731,2.529048387096774,39.66516129032259,0.601241935483871,0.3568494623655914,21.633258064516127,False,False,False,low
Latur,Soyabean,Summer,2022,174.6,90.79,0.52,0.52,0.2184592794892356,0.2336874783643183,0.203231080614153,2,32.55802688172043,25.279698924731186,39.66260215053764,0.6196182795698925,2.7056720430107526,31.5938870967742,0.59552688172043,0.258752688172043,22.46781720430108,False,False,False,low
Latur,Sugarcane,Whole Year,2020,30100.0,2275681.57,75.6,,0.3614322522474777,0.4609092801307773,0.2246117973264835,12,25.727823013224576,20.298339327648005,31.915291033246817,2.656681127178346,2.4739069954270176,61.50828494623656,0.7027129526634531,0.59096508466197,18.46012158571252,True,False,True,high
Latur,Sugarcane,Whole Year,2021,71218.0,6304898.62,88.53,75.6,0.3614322522474777,0.540047119764479,0.2246117973264835,12,25.347595110087045,20.087988991295443,31.404425819252435,2.848068164362519,2.476580005120328,62.22230440348184,0.7049767025089606,0.6055797491039426,17.82816538658474,False,False,False,high
Latur,Sugarcane,Whole Year,2022,63158.0,5585798.78,88.44,88.53,0.3614322522474777,0.5334703506411143,0.2246117973264835,12,25.325480670762925,19.71770660522273,31.72985944700461,2.691958077316949,2.5346352406554016,60.34539004096263,0.7130842933947773,0.5958858166922681,18.18741615463389,True,False,True,high
Latur,Sunflower,Kharif,2020,5479.94,2244.04,0.41,,0.4009920640763048,0.4609092801307773,0.2723615137428504,5,25.3423376344086,21.977658064516127,29.60874193548387,6.09807311827957,2.8884967741935483,81.25297849462365,0.7983956989247312,0.8178258064516128,16.52556989247312,True,False,True,medium
Latur,Sunflower,Kharif,2021,305.68,116.37,0.38,0.41,0.4009920640763048,0.540047119764479,0.2723615137428504,5,25.10891612903226,21.5947376344086,29.599051612903224,6.154148387096774,3.047939784946237,80.09614838709676,0.7927118279569892,0.8111870967741937,16.692079569892474,False,False,False,medium
Latur,Sunflower,Kharif,2022,258.0,96.0,0.37,0.38,0.4009920640763048,0.5334703506411143,0.2723615137428504,5,25.03595053763441,21.42664301075269,29.566686021505383,6.165877419354839,3.1685075268817204,79.46749462365592,0.8181032258064516,0.8119419354838711,16.455208602150538,True,False,True,medium
Latur,Sunflower,Rabi,2020,711.0,425.71,0.6,,0.3761245909308034,0.4532120370251879,0.2512692081774509,5,23.336716436251923,16.406739170506913,31.25973164362519,0.0578216589861751,1.8487081413210449,50.98044884792628,0.6495376344086021,0.4863010752688172,18.370932411674342,False,False,False,medium
Latur,Sunflower,Rabi,2021,407.02,304.25,0.75,0.6,0.3802614514968563,0.4905888973562302,0.2552101965671185,5,22.855194470046083,16.265775422427033,30.394632565284184,0.1837596006144393,1.921027803379416,54.88172319508449,0.6619313364055299,0.5241926267281106,17.36185468509985,False,False,False,medium
Latur,Sunflower,Rabi,2022,491.67,228.14,0.46,0.75,0.3860459219326695,0.4621728354652473,0.2685190136574137,5,22.63282411674347,15.528816589861751,30.909186943164364,0.1116774193548387,1.834820583717358,50.04928294930876,0.6513509984639018,0.4976092165898617,18.81919370199693,False,False,False,medium
Latur,Sunflower,Summer,2020,16.0,9.58,0.6,,0.1789265955373232,0.2019297590910569,0.1559234319835895,2,33.23722043010753,26.0267311827957,40.27125806451613,0.2856559139784946,2.5246935483870967,28.43700537634409,0.5939193548387096,0.2419193548387097,24.00440860215054,False,False,False,low
Latur,Sunflower,Summer,2021,19.33,15.22,0.79,0.6,0.2288454837284945,0.2330791701305055,0.2246117973264835,2,30.86378494623656,24.418252688172043,37.40362903225807,1.1697795698924731,2.529048387096774,39.66516129032259,0.601241935483871,0.3568494623655914,21.633258064516127,False,False,False,low
Latur,Sunflower,Summer,2022,20.0,17.0,0.85,0.79,0.2184592794892356,0.2336874783643183,0.203231080614153,2,32.55802688172043,25.279698924731186,39.66260215053764,0.6196182795698925,2.7056720430107526,31.5938870967742,0.59552688172043,0.258752688172043,22.46781720430108,False,False,False,low
Latur,Urad,Kharif,2020,7483.01,6911.86,0.92,,0.4009920640763048,0.4609092801307773,0.2723615137428504,5,25.3423376344086,21.977658064516127,29.60874193548387,6.09807311827957,2.8884967741935483,81.25297849462365,0.7983956989247312,0.8178258064516128,16.52556989247312,True,False,True,medium
Latur,Urad,Kharif,2021,6702.98,4564.73,0.68,0.92,0.4009920640763048,0.540047119764479,0.2723615137428504,5,25.10891612903226,21.5947376344086,29.599051612903224,6.154148387096774,3.047939784946237,80.09614838709676,0.7927118279569892,0.8111870967741937,16.692079569892474,False,False,False,medium
Latur,Urad,Kharif,2022,5378.42,3490.06,0.65,0.68,0.4009920640763048,0.5334703506411143,0.2723615137428504,5,25.03595053763441,21.42664301075269,29.566686021505383,6.165877419354839,3.1685075268817204,79.46749462365592,0.8181032258064516,0.8119419354838711,16.455208602150538,True,False,True,medium
Latur,Wheat,Rabi,2020,11992.15,18826.36,1.57,,0.3761245909308034,0.4532120370251879,0.2512692081774509,5,23.336716436251923,16.406739170506913,31.25973164362519,0.0578216589861751,1.8487081413210449,50.98044884792628,0.6495376344086021,0.4863010752688172,18.370932411674342,False,False,False,medium
Latur,Wheat,Rabi,2021,14749.25,17939.96,1.22,1.57,0.3802614514968563,0.4905888973562302,0.2552101965671185,5,22.855194470046083,16.265775422427033,30.394632565284184,0.1837596006144393,1.921027803379416,54.88172319508449,0.6619313364055299,0.5241926267281106,17.36185468509985,False,False,False,medium
Latur,Wheat,Rabi,2022,15985.84,21695.98,1.36,1.22,0.3860459219326695,0.4621728354652473,0.2685190136574137,5,22.63282411674347,15.528816589861751,30.909186943164364,0.1116774193548387,1.834820583717358,50.04928294930876,0.6513509984639018,0.4976092165898617,18.81919370199693,False,False,False,medium
Latur,other oilseeds,Kharif,2020,81.0,16.52,0.2,,0.4009920640763048,0.4609092801307773,0.2723615137428504,5,25.3423376344086,21.977658064516127,29.60874193548387,6.09807311827957,2.8884967741935483,81.25297849462365,0.7983956989247312,0.8178258064516128,16.52556989247312,True,False,True,medium
Latur,other oilseeds,Kharif,2021,55.0,11.0,0.2,0.2,0.4009920640763048,0.540047119764479,0.2723615137428504,5,25.10891612903226,21.5947376344086,29.599051612903224,6.154148387096774,3.047939784946237,80.09614838709676,0.7927118279569892,0.8111870967741937,16.692079569892474,False,False,False,medium
Latur,other oilseeds,Kharif,2022,372.0,92.85,0.25,0.2,0.4009920640763048,0.5334703506411143,0.2723615137428504,5,25.03595053763441,21.42664301075269,29.566686021505383,6.165877419354839,3.1685075268817204,79.46749462365592,0.8181032258064516,0.8119419354838711,16.455208602150538,True,False,True,medium
Latur,other oilseeds,Rabi,2020,569.0,189.53,0.33,,0.3761245909308034,0.4532120370251879,0.2512692081774509,5,23.336716436251923,16.406739170506913,31.25973164362519,0.0578216589861751,1.8487081413210449,50.98044884792628,0.6495376344086021,0.4863010752688172,18.370932411674342,False,False,False,medium
Latur,other oilseeds,Rabi,2021,965.0,179.48,0.19,0.33,0.3802614514968563,0.4905888973562302,0.2552101965671185,5,22.855194470046083,16.265775422427033,30.394632565284184,0.1837596006144393,1.921027803379416,54.88172319508449,0.6619313364055299,0.5241926267281106,17.36185468509985,False,False,False,medium
Latur,other oilseeds,Rabi,2022,1249.4,368.37,0.29,0.19,0.3860459219326695,0.4621728354652473,0.2685190136574137,5,22.63282411674347,15.528816589861751,30.909186943164364,0.1116774193548387,1.834820583717358,50.04928294930876,0.6513509984639018,0.4976092165898617,18.81919370199693,False,False,False,medium
Latur,other oilseeds,Summer,2020,136.3,59.43,0.44,,0.1789265955373232,0.2019297590910569,0.1559234319835895,2,33.23722043010753,26.0267311827957,40.27125806451613,0.2856559139784946,2.5246935483870967,28.43700537634409,0.5939193548387096,0.2419193548387097,24.00440860215054,False,False,False,low
Latur,other oilseeds,Summer,2021,165.2,33.04,0.2,0.44,0.2288454837284945,0.2330791701305055,0.2246117973264835,2,30.86378494623656,24.418252688172043,37.40362903225807,1.1697795698924731,2.529048387096774,39.66516129032259,0.601241935483871,0.3568494623655914,21.633258064516127,False,False,False,low
Latur,other oilseeds,Summer,2022,141.0,61.48,0.44,0.2,0.2184592794892356,0.2336874783643183,0.203231080614153,2,32.55802688172043,25.279698924731186,39.66260215053764,0.6196182795698925,2.7056720430107526,31.5938870967742,0.59552688172043,0.258752688172043,22.46781720430108,False,False,False,low
Nagpur,Arhar/Tur,Kharif,2020,67757.56,102809.48,1.52,,0.4646753137459797,0.5621554646825129,0.2537155251933066,5,27.16621075268817,23.74511827956989,31.16511827956989,7.841187096774194,1.9635440860215057,81.66738064516129,0.8516150537634408,0.8593139784946237,15.853447311827958,False,False,False,medium
Nagpur,Arhar/Tur,Kharif,2021,78135.08,98426.76,1.26,1.52,0.4646753137459797,0.589787211205136,0.2537155251933066,5,27.163165591397853,23.65940215053764,31.217595698924733,7.067008602150537,2.1876537634408604,80.4102,0.817410752688172,0.828367741935484,16.20815053763441,True,False,True,medium
Nagpur,Arhar/Tur,Kharif,2022,57804.0,70151.0,1.21,1.26,0.4646753137459797,0.628707049031564,0.2537155251933066,5,27.30598494623656,23.94476559139785,31.19806021505376,10.530967741935484,2.218090322580645,79.90830322580646,0.872741935483871,0.8356903225806451,15.656941935483868,True,False,True,medium
Nagpur,Cotton(lint),Kharif,2020,158900.0,508200.0,3.2,,0.4646753137459797,0.5621554646825129,0.2537155251933066,5,27.16621075268817,23.74511827956989,31.16511827956989,7.841187096774194,1.9635440860215057,81.66738064516129,0.8516150537634408,0.8593139784946237,15.853447311827958,False,False,False,medium
Nagpur,Cotton(lint),Kharif,2021,158900.0,451800.0,2.84,3.2,0.4646753137459797,0.589787211205136,0.2537155251933066,5,27.163165591397853,23.65940215053764,31.217595698924733,7.067008602150537,2.1876537634408604,80.4102,0.817410752688172,0.828367741935484,16.20815053763441,True,False,True,medium
Nagpur,Cotton(lint),Kharif,2022,214085.24,586809.06,2.74,2.84,0.4646753137459797,0.628707049031564,0.2537155251933066,5,27.30598494623656,23.94476559139785,31.19806021505376,10.530967741935484,2.218090322580645,79.90830322580646,0.872741935483871,0.8356903225806451,15.656941935483868,True,False,True,medium
Nagpur,Gram,Rabi,2020,65535.05,92843.44,1.42,,0.4178117981026292,0.5141867148706782,0.2795215982148515,5,22.700755453149,15.139716589861752,31.05314930875576,0.2476490015360983,1.507908141321045,49.5439287250384,0.636958064516129,0.4945617511520737,17.51022043010753,False,False,False,medium
Nagpur,Gram,Rabi,2021,67699.91,119549.92,1.77,1.42,0.4270942973596039,0.5056985188447106,0.3225827877421482,5,22.224986635944703,15.074620122887865,30.138377726574497,0.6433353302611367,1.5685903225806452,56.58033625192013,0.6432815668202765,0.5535466973886329,17.02805852534562,False,False,False,medium
Nagpur,Gram,Rabi,2022,90673.69,119630.33,1.32,1.77,0.4277463944891485,0.5318981006762684,0.2864934089399792,5,22.57317741935484,14.86080414746544,30.81884285714285,0.1350322580645161,1.4929552995391702,50.90292980030722,0.6473029185867897,0.5023121351766513,17.83127112135177,False,False,False,medium
Nagpur,Groundnut,Kharif,2020,908.59,789.84,0.87,,0.4646753137459797,0.5621554646825129,0.2537155251933066,5,27.16621075268817,23.74511827956989,31.16511827956989,7.841187096774194,1.9635440860215057,81.66738064516129,0.8516150537634408,0.8593139784946237,15.853447311827958,False,False,False,medium
Nagpur,Groundnut,Kharif,2021,1105.2,1140.12,1.03,0.87,0.4646753137459797,0.589787211205136,0.2537155251933066,5,27.163165591397853,23.65940215053764,31.217595698924733,7.067008602150537,2.1876537634408604,80.4102,0.817410752688172,0.828367741935484,16.20815053763441,True,False,True,medium
Nagpur,Groundnut,Kharif,2022,1027.18,735.67,0.72,1.03,0.4646753137459797,0.628707049031564,0.2537155251933066,5,27.30598494623656,23.94476559139785,31.19806021505376,10.530967741935484,2.218090322580645,79.90830322580646,0.872741935483871,0.8356903225806451,15.656941935483868,True,False,True,medium
Nagpur,Groundnut,Summer,2020,688.39,963.66,1.4,,0.2486902990423346,0.2710503665287839,0.2263302315558854,2,34.22730107526882,26.23267204301075,41.92929032258065,0.9553924731182796,1.8516129032258064,29.20212365591398,0.5940537634408602,0.3226989247311828,24.758924731182795,False,False,False,low
Nagpur,Groundnut,Summer,2021,886.73,1428.93,1.61,1.4,0.2171273437239588,0.2275899582451149,0.2066647292028028,2,33.525543010752685,26.19340322580645,40.790263440860215,0.7124838709677419,2.0528763440860214,29.798413978494622,0.5912473118279569,0.2818440860215053,22.33161827956989,False,False,False,low
Nagpur,Groundnut,Summer,2022,887.0,1116.0,1.26,1.61,0.2295683599117799,0.232249999524401,0.2268867202991588,2,36.12238709677419,28.4994623655914,43.745935483870966,0.141747311827957,2.25063440860215,22.38115053763441,0.5812903225806452,0.1477311827956989,23.25401612903226,False,False,False,low
Nagpur,Jowar,Kharif,2020,1719.97,1180.86,0.69,,0.4646753137459797,0.5621554646825129,0.2537155251933066,5,27.16621075268817,23.74511827956989,31.16511827956989,7.841187096774194,1.9635440860215057,81.66738064516129,0.8516150537634408,0.8593139784946237,15.853447311827958,False,False,False,medium
Nagpur,Jowar,Kharif,2021,1719.97,1280.86,0.74,0.69,0.4646753137459797,0.589787211205136,0.2537155251933066,5,27.163165591397853,23.65940215053764,31.217595698924733,7.067008602150537,2.1876537634408604,80.4102,0.817410752688172,0.828367741935484,16.20815053763441,True,False,True,medium
Nagpur,Jowar,Kharif,2022,1115.02,545.81,0.49,0.74,0.4646753137459797,0.628707049031564,0.2537155251933066,5,27.30598494623656,23.94476559139785,31.19806021505376,10.530967741935484,2.218090322580645,79.90830322580646,0.872741935483871,0.8356903225806451,15.656941935483868,True,False,True,medium
Nagpur,Jowar,Rabi,2020,43.42,26.48,0.61,,0.4178117981026292,0.5141867148706782,0.2795215982148515,5,22.700755453149,15.139716589861752,31.05314930875576,0.2476490015360983,1.507908141321045,49.5439287250384,0.636958064516129,0.4945617511520737,17.51022043010753,False,False,False,medium
Nagpur,Jowar,Rabi,2021,35.98,31.28,0.87,0.61,0.4270942973596039,0.5056985188447106,0.3225827877421482,5,22.224986635944703,15.074620122887865,30.138377726574497,0.6433353302611367,1.5685903225806452,56.58033625192013,0.6432815668202765,0.5535466973886329,17.02805852534562,False,False,False,medium
Nagpur,Jowar,Rabi,2022,14.39,12.06,0.84,0.87,0.4277463944891485,0.5318981006762684,0.2864934089399792,5,22.57317741935484,14.86080414746544,30.81884285714285,0.1350322580645161,1.4929552995391702,50.90292980030722,0.6473029185867897,0.5023121351766513,17.83127112135177,False,False,False,medium
Nagpur,Jowar,Summer,2022,14.0,11.9,0.85,,0.2295683599117799,0.232249999524401,0.2268867202991588,2,36.12238709677419,28.4994623655914,43.745935483870966,0.141747311827957,2.25063440860215,22.38115053763441,0.5812903225806452,0.1477311827956989,23.25401612903226,False,False,False,low
Nagpur,Linseed,Rabi,2020,8.84,3.32,0.38,,0.4178117981026292,0.5141867148706782,0.2795215982148515,5,22.700755453149,15.139716589861752,31.05314930875576,0.2476490015360983,1.507908141321045,49.5439287250384,0.636958064516129,0.4945617511520737,17.51022043010753,False,False,False,medium
Nagpur,Linseed,Rabi,2021,8.84,4.42,0.5,0.38,0.4270942973596039,0.5056985188447106,0.3225827877421482,5,22.224986635944703,15.074620122887865,30.138377726574497,0.6433353302611367,1.5685903225806452,56.58033625192013,0.6432815668202765,0.5535466973886329,17.02805852534562,False,False,False,medium
Nagpur,Linseed,Rabi,2022,120.0,74.11,0.62,0.5,0.4277463944891485,0.5318981006762684,0.2864934089399792,5,22.57317741935484,14.86080414746544,30.81884285714285,0.1350322580645161,1.4929552995391702,50.90292980030722,0.6473029185867897,0.5023121351766513,17.83127112135177,False,False,False,medium
Nagpur,Maize,Kharif,2020,421.32,1438.97,3.42,,0.4646753137459797,0.5621554646825129,0.2537155251933066,5,27.16621075268817,23.74511827956989,31.16511827956989,7.841187096774194,1.9635440860215057,81.66738064516129,0.8516150537634408,0.8593139784946237,15.853447311827958,False,False,False,medium
Nagpur,Maize,Kharif,2021,421.32,1243.52,2.95,3.42,0.4646753137459797,0.589787211205136,0.2537155251933066,5,27.163165591397853,23.65940215053764,31.217595698924733,7.067008602150537,2.1876537634408604,80.4102,0.817410752688172,0.828367741935484,16.20815053763441,True,False,True,medium
Nagpur,Maize,Kharif,2022,312.0,931.0,2.98,2.95,0.4646753137459797,0.628707049031564,0.2537155251933066,5,27.30598494623656,23.94476559139785,31.19806021505376,10.530967741935484,2.218090322580645,79.90830322580646,0.872741935483871,0.8356903225806451,15.656941935483868,True,False,True,medium
Nagpur,Maize,Rabi,2020,266.67,343.98,1.29,,0.4178117981026292,0.5141867148706782,0.2795215982148515,5,22.700755453149,15.139716589861752,31.05314930875576,0.2476490015360983,1.507908141321045,49.5439287250384,0.636958064516129,0.4945617511520737,17.51022043010753,False,False,False,medium
Nagpur,Maize,Rabi,2021,228.74,497.85,2.18,1.29,0.4270942973596039,0.5056985188447106,0.3225827877421482,5,22.224986635944703,15.074620122887865,30.138377726574497,0.6433353302611367,1.5685903225806452,56.58033625192013,0.6432815668202765,0.5535466973886329,17.02805852534562,False,False,False,medium
Nagpur,Maize,Rabi,2022,154.78,305.99,1.98,2.18,0.4277463944891485,0.5318981006762684,0.2864934089399792,5,22.57317741935484,14.86080414746544,30.81884285714285,0.1350322580645161,1.4929552995391702,50.90292980030722,0.6473029185867897,0.5023121351766513,17.83127112135177,False,False,False,medium
Nagpur,Maize,Summer,2021,152.0,130.69,0.86,,0.2171273437239588,0.2275899582451149,0.2066647292028028,2,33.525543010752685,26.19340322580645,40.790263440860215,0.7124838709677419,2.0528763440860214,29.798413978494622,0.5912473118279569,0.2818440860215053,22.33161827956989,False,False,False,low
Nagpur,Maize,Summer,2022,167.2,143.88,0.86,0.86,0.2295683599117799,0.232249999524401,0.2268867202991588,2,36.12238709677419,28.4994623655914,43.745935483870966,0.141747311827957,2.25063440860215,22.38115053763441,0.5812903225806452,0.1477311827956989,23.25401612903226,False,False,False,low
Nagpur,Moong(Green Gram),Kharif,2020,1370.5,465.29,0.34,,0.4646753137459797,0.5621554646825129,0.2537155251933066,5,27.16621075268817,23.74511827956989,31.16511827956989,7.841187096774194,1.9635440860215057,81.66738064516129,0.8516150537634408,0.8593139784946237,15.853447311827958,False,False,False,medium
Nagpur,Moong(Green Gram),Kharif,2021,1370.5,677.44,0.49,0.34,0.4646753137459797,0.589787211205136,0.2537155251933066,5,27.163165591397853,23.65940215053764,31.217595698924733,7.067008602150537,2.1876537634408604,80.4102,0.817410752688172,0.828367741935484,16.20815053763441,True,False,True,medium
Nagpur,Moong(Green Gram),Kharif,2022,1268.83,480.25,0.38,0.49,0.4646753137459797,0.628707049031564,0.2537155251933066,5,27.30598494623656,23.94476559139785,31.19806021505376,10.530967741935484,2.218090322580645,79.90830322580646,0.872741935483871,0.8356903225806451,15.656941935483868,True,False,True,medium
Nagpur,Moong(Green Gram),Summer,2021,197.5,36.38,0.18,,0.2171273437239588,0.2275899582451149,0.2066647292028028,2,33.525543010752685,26.19340322580645,40.790263440860215,0.7124838709677419,2.0528763440860214,29.798413978494622,0.5912473118279569,0.2818440860215053,22.33161827956989,False,False,False,low
Nagpur,Moong(Green Gram),Summer,2022,51.9,9.56,0.18,0.18,0.2295683599117799,0.232249999524401,0.2268867202991588,2,36.12238709677419,28.4994623655914,43.745935483870966,0.141747311827957,2.25063440860215,22.38115053763441,0.5812903225806452,0.1477311827956989,23.25401612903226,False,False,False,low
Nagpur,Other  Rabi pulses,Rabi,2020,616.4,453.67,0.74,,0.4178117981026292,0.5141867148706782,0.2795215982148515,5,22.700755453149,15.139716589861752,31.05314930875576,0.2476490015360983,1.507908141321045,49.5439287250384,0.636958064516129,0.4945617511520737,17.51022043010753,False,False,False,medium
Nagpur,Other  Rabi pulses,Rabi,2021,390.9,161.65,0.41,0.74,0.4270942973596039,0.5056985188447106,0.3225827877421482,5,22.224986635944703,15.074620122887865,30.138377726574497,0.6433353302611367,1.5685903225806452,56.58033625192013,0.6432815668202765,0.5535466973886329,17.02805852534562,False,False,False,medium
Nagpur,Other  Rabi pulses,Rabi,2022,460.5,246.03,0.53,0.41,0.4277463944891485,0.5318981006762684,0.2864934089399792,5,22.57317741935484,14.86080414746544,30.81884285714285,0.1350322580645161,1.4929552995391702,50.90292980030722,0.6473029185867897,0.5023121351766513,17.83127112135177,False,False,False,medium
Nagpur,Other Cereals,Kharif,2020,10.0,3.97,0.4,,0.4646753137459797,0.5621554646825129,0.2537155251933066,5,27.16621075268817,23.74511827956989,31.16511827956989,7.841187096774194,1.9635440860215057,81.66738064516129,0.8516150537634408,0.8593139784946237,15.853447311827958,False,False,False,medium
Nagpur,Other Cereals,Kharif,2021,255.9,80.86,0.32,0.4,0.4646753137459797,0.589787211205136,0.2537155251933066,5,27.163165591397853,23.65940215053764,31.217595698924733,7.067008602150537,2.1876537634408604,80.4102,0.817410752688172,0.828367741935484,16.20815053763441,True,False,True,medium
Nagpur,Other Cereals,Rabi,2021,176.0,36.09,0.21,,0.4270942973596039,0.5056985188447106,0.3225827877421482,5,22.224986635944703,15.074620122887865,30.138377726574497,0.6433353302611367,1.5685903225806452,56.58033625192013,0.6432815668202765,0.5535466973886329,17.02805852534562,False,False,False,medium
Nagpur,Other Kharif pulses,Kharif,2020,227.0,268.54,1.18,,0.4646753137459797,0.5621554646825129,0.2537155251933066,5,27.16621075268817,23.74511827956989,31.16511827956989,7.841187096774194,1.9635440860215057,81.66738064516129,0.8516150537634408,0.8593139784946237,15.853447311827958,False,False,False,medium
Nagpur,Other Kharif pulses,Kharif,2021,113.5,40.29,0.36,1.18,0.4646753137459797,0.589787211205136,0.2537155251933066,5,27.163165591397853,23.65940215053764,31.217595698924733,7.067008602150537,2.1876537634408604,80.4102,0.817410752688172,0.828367741935484,16.20815053763441,True,False,True,medium
Nagpur,Other Kharif pulses,Kharif,2022,86.4,48.52,0.56,0.36,0.4646753137459797,0.628707049031564,0.2537155251933066,5,27.30598494623656,23.94476559139785,31.19806021505376,10.530967741935484,2.218090322580645,79.90830322580646,0.872741935483871,0.8356903225806451,15.656941935483868,True,False,True,medium
Nagpur,Other Summer Pulses,Summer,2020,127.4,61.28,0.48,,0.2486902990423346,0.2710503665287839,0.2263302315558854,2,34.22730107526882,26.23267204301075,41.92929032258065,0.9553924731182796,1.8516129032258064,29.20212365591398,0.5940537634408602,0.3226989247311828,24.758924731182795,False,False,False,low
Nagpur,Other Summer Pulses,Summer,2022,4.2,1.12,0.27,0.48,0.2295683599117799,0.232249999524401,0.2268867202991588,2,36.12238709677419,28.4994623655914,43.745935483870966,0.141747311827957,2.25063440860215,22.38115053763441,0.5812903225806452,0.1477311827956989,23.25401612903226,False,False,False,low
Nagpur,Rice,Kharif,2020,98040.08,213591.45,2.18,,0.4646753137459797,0.5621554646825129,0.2537155251933066,5,27.16621075268817,23.74511827956989,31.16511827956989,7.841187096774194,1.9635440860215057,81.66738064516129,0.8516150537634408,0.8593139784946237,15.853447311827958,False,False,False,medium
Nagpur,Rice,Kharif,2021,98433.3,221412.3,2.25,2.18,0.4646753137459797,0.589787211205136,0.2537155251933066,5,27.163165591397853,23.65940215053764,31.217595698924733,7.067008602150537,2.1876537634408604,80.4102,0.817410752688172,0.828367741935484,16.20815053763441,True,False,True,medium
Nagpur,Rice,Kharif,2022,99422.87,199559.8,2.01,2.25,0.4646753137459797,0.628707049031564,0.2537155251933066,5,27.30598494623656,23.94476559139785,31.19806021505376,10.530967741935484,2.218090322580645,79.90830322580646,0.872741935483871,0.8356903225806451,15.656941935483868,True,False,True,medium
Nagpur,Rice,Summer,2020,56.0,169.72,3.03,,0.2486902990423346,0.2710503665287839,0.2263302315558854,2,34.22730107526882,26.23267204301075,41.92929032258065,0.9553924731182796,1.8516129032258064,29.20212365591398,0.5940537634408602,0.3226989247311828,24.758924731182795,False,False,False,low
Nagpur,Rice,Summer,2021,69.55,206.59,2.97,3.03,0.2171273437239588,0.2275899582451149,0.2066647292028028,2,33.525543010752685,26.19340322580645,40.790263440860215,0.7124838709677419,2.0528763440860214,29.798413978494622,0.5912473118279569,0.2818440860215053,22.33161827956989,False,False,False,low
Nagpur,Rice,Summer,2022,354.71,994.47,2.8,2.97,0.2295683599117799,0.232249999524401,0.2268867202991588,2,36.12238709677419,28.4994623655914,43.745935483870966,0.141747311827957,2.25063440860215,22.38115053763441,0.5812903225806452,0.1477311827956989,23.25401612903226,False,False,False,low
Nagpur,Safflower,Rabi,2021,123.4,101.41,0.82,,0.4270942973596039,0.5056985188447106,0.3225827877421482,5,22.224986635944703,15.074620122887865,30.138377726574497,0.6433353302611367,1.5685903225806452,56.58033625192013,0.6432815668202765,0.5535466973886329,17.02805852534562,False,False,False,medium
Nagpur,Sesamum,Kharif,2020,26.0,5.16,0.2,,0.4646753137459797,0.5621554646825129,0.2537155251933066,5,27.16621075268817,23.74511827956989,31.16511827956989,7.841187096774194,1.9635440860215057,81.66738064516129,0.8516150537634408,0.8593139784946237,15.853447311827958,False,False,False,medium
Nagpur,Sesamum,Kharif,2021,26.0,3.55,0.14,0.2,0.4646753137459797,0.589787211205136,0.2537155251933066,5,27.163165591397853,23.65940215053764,31.217595698924733,7.067008602150537,2.1876537634408604,80.4102,0.817410752688172,0.828367741935484,16.20815053763441,True,False,True,medium
Nagpur,Sesamum,Kharif,2022,24.32,5.41,0.22,0.14,0.4646753137459797,0.628707049031564,0.2537155251933066,5,27.30598494623656,23.94476559139785,31.19806021505376,10.530967741935484,2.218090322580645,79.90830322580646,0.872741935483871,0.8356903225806451,15.656941935483868,True,False,True,medium
Nagpur,Soyabean,Kharif,2020,155650.43,62589.84,0.4,,0.4646753137459797,0.5621554646825129,0.2537155251933066,5,27.16621075268817,23.74511827956989,31.16511827956989,7.841187096774194,1.9635440860215057,81.66738064516129,0.8516150537634408,0.8593139784946237,15.853447311827958,False,False,False,medium
Nagpur,Soyabean,Kharif,2021,145228.46,110881.93,0.76,0.4,0.4646753137459797,0.589787211205136,0.2537155251933066,5,27.163165591397853,23.65940215053764,31.217595698924733,7.067008602150537,2.1876537634408604,80.4102,0.817410752688172,0.828367741935484,16.20815053763441,True,False,True,medium
Nagpur,Soyabean,Kharif,2022,83212.0,100054.0,1.2,0.76,0.4646753137459797,0.628707049031564,0.2537155251933066,5,27.30598494623656,23.94476559139785,31.19806021505376,10.530967741935484,2.218090322580645,79.90830322580646,0.872741935483871,0.8356903225806451,15.656941935483868,True,False,True,medium
Nagpur,Soyabean,Summer,2021,703.1,421.86,0.6,,0.2171273437239588,0.2275899582451149,0.2066647292028028,2,33.525543010752685,26.19340322580645,40.790263440860215,0.7124838709677419,2.0528763440860214,29.798413978494622,0.5912473118279569,0.2818440860215053,22.33161827956989,False,False,False,low
Nagpur,Soyabean,Summer,2022,451.7,271.02,0.6,0.6,0.2295683599117799,0.232249999524401,0.2268867202991588,2,36.12238709677419,28.4994623655914,43.745935483870966,0.141747311827957,2.25063440860215,22.38115053763441,0.5812903225806452,0.1477311827956989,23.25401612903226,False,False,False,low
Nagpur,Sugarcane,Whole Year,2020,3227.0,182536.87,56.57,,0.4209644403312986,0.5621554646825129,0.2263302315558854,12,25.76837356321839,20.092665554319613,31.98973115189717,3.734134223210976,1.81702088740576,65.32175747744408,0.73000160672352,0.675006303299963,17.827841645037697,False,False,False,high
Nagpur,Sugarcane,Whole Year,2021,3526.0,348897.65,98.95,56.57,0.4209644403312986,0.589787211205136,0.2263302315558854,12,26.48192140296979,20.79037295186892,32.73270468509985,3.210380632360471,1.8996507936507945,59.56964324116743,0.7020497311827957,0.5954329877112134,17.483075716845878,True,False,True,high
Nagpur,Sugarcane,Whole Year,2022,3242.0,171210.02,52.81,98.95,0.4209644403312986,0.628707049031564,0.2263302315558854,12,26.561195148489503,20.76454870711726,32.830891257040456,4.621956925243215,1.9128705197132616,60.35758723758321,0.7347911546338964,0.6106587941628264,17.787803059395806,True,False,True,high
Nagpur,Urad,Kharif,2020,957.57,279.58,0.29,,0.4646753137459797,0.5621554646825129,0.2537155251933066,5,27.16621075268817,23.74511827956989,31.16511827956989,7.841187096774194,1.9635440860215057,81.66738064516129,0.8516150537634408,0.8593139784946237,15.853447311827958,False,False,False,medium
Nagpur,Urad,Kharif,2021,1071.43,424.61,0.4,0.29,0.4646753137459797,0.589787211205136,0.2537155251933066,5,27.163165591397853,23.65940215053764,31.217595698924733,7.067008602150537,2.1876537634408604,80.4102,0.817410752688172,0.828367741935484,16.20815053763441,True,False,True,medium
Nagpur,Urad,Kharif,2022,1026.97,473.48,0.46,0.4,0.4646753137459797,0.628707049031564,0.2537155251933066,5,27.30598494623656,23.94476559139785,31.19806021505376,10.530967741935484,2.218090322580645,79.90830322580646,0.872741935483871,0.8356903225806451,15.656941935483868,True,False,True,medium
Nagpur,Wheat,Rabi,2020,115402.64,245743.16,2.13,,0.4178117981026292,0.5141867148706782,0.2795215982148515,5,22.700755453149,15.139716589861752,31.05314930875576,0.2476490015360983,1.507908141321045,49.5439287250384,0.636958064516129,0.4945617511520737,17.51022043010753,False,False,False,medium
Nagpur,Wheat,Rabi,2021,116990.8,290409.77,2.48,2.13,0.4270942973596039,0.5056985188447106,0.3225827877421482,5,22.224986635944703,15.074620122887865,30.138377726574497,0.6433353302611367,1.5685903225806452,56.58033625192013,0.6432815668202765,0.5535466973886329,17.02805852534562,False,False,False,medium
Nagpur,Wheat,Rabi,2022,117548.73,224306.49,1.91,2.48,0.4277463944891485,0.5318981006762684,0.2864934089399792,5,22.57317741935484,14.86080414746544,30.81884285714285,0.1350322580645161,1.4929552995391702,50.90292980030722,0.6473029185867897,0.5023121351766513,17.83127112135177,False,False,False,medium
Nagpur,other oilseeds,Kharif,2020,80.0,26.4,0.33,,0.4646753137459797,0.5621554646825129,0.2537155251933066,5,27.16621075268817,23.74511827956989,31.16511827956989,7.841187096774194,1.9635440860215057,81.66738064516129,0.8516150537634408,0.8593139784946237,15.853447311827958,False,False,False,medium
Nagpur,other oilseeds,Kharif,2021,57.0,27.0,0.47,0.33,0.4646753137459797,0.589787211205136,0.2537155251933066,5,27.163165591397853,23.65940215053764,31.217595698924733,7.067008602150537,2.1876537634408604,80.4102,0.817410752688172,0.828367741935484,16.20815053763441,True,False,True,medium
Nagpur,other oilseeds,Kharif,2022,14.0,6.72,0.48,0.47,0.4646753137459797,0.628707049031564,0.2537155251933066,5,27.30598494623656,23.94476559139785,31.19806021505376,10.530967741935484,2.218090322580645,79.90830322580646,0.872741935483871,0.8356903225806451,15.656941935483868,True,False,True,medium
Nagpur,other oilseeds,Rabi,2020,472.6,154.03,0.33,,0.4178117981026292,0.5141867148706782,0.2795215982148515,5,22.700755453149,15.139716589861752,31.05314930875576,0.2476490015360983,1.507908141321045,49.5439287250384,0.636958064516129,0.4945617511520737,17.51022043010753,False,False,False,medium
Nagpur,other oilseeds,Rabi,2021,1102.6,335.69,0.3,0.33,0.4270942973596039,0.5056985188447106,0.3225827877421482,5,22.224986635944703,15.074620122887865,30.138377726574497,0.6433353302611367,1.5685903225806452,56.58033625192013,0.6432815668202765,0.5535466973886329,17.02805852534562,False,False,False,medium
Nagpur,other oilseeds,Rabi,2022,1875.9,743.55,0.4,0.3,0.4277463944891485,0.5318981006762684,0.2864934089399792,5,22.57317741935484,14.86080414746544,30.81884285714285,0.1350322580645161,1.4929552995391702,50.90292980030722,0.6473029185867897,0.5023121351766513,17.83127112135177,False,False,False,medium
Nagpur,other oilseeds,Summer,2020,375.2,272.77,0.73,,0.2486902990423346,0.2710503665287839,0.2263302315558854,2,34.22730107526882,26.23267204301075,41.92929032258065,0.9553924731182796,1.8516129032258064,29.20212365591398,0.5940537634408602,0.3226989247311828,24.758924731182795,False,False,False,low
Nanded,Arhar/Tur,Kharif,2020,80193.14,85722.64,1.07,,0.4691713465947981,0.550036722997278,0.2373699500975498,5,26.66147311827957,23.18437849462365,30.91497634408602,5.247980645161291,2.392810752688172,79.99776344086021,0.7323763440860216,0.7592946236559139,16.584686021505377,False,False,False,medium
Nanded,Arhar/Tur,Kharif,2021,90900.79,59667.28,0.66,1.07,0.4057189817976701,0.5417105502425542,0.2447657245745562,5,26.17836989247312,22.72661935483871,30.304215053763443,7.1209870967741935,2.5268494623655915,81.30025806451613,0.8089505376344087,0.8278881720430107,16.703124731182793,False,False,False,medium
Nanded,Arhar/Tur,Kharif,2022,64133.0,58278.0,0.91,0.66,0.4374451641962341,0.6084611607637097,0.241067837336053,5,26.213141935483872,22.75874193548388,30.32109032258065,8.185868817204302,2.6772860215053766,80.43130322580645,0.8379139784946237,0.8268731182795698,17.002524731182795,True,False,True,medium
Nanded,Bajra,Kharif,2020,142.0,67.04,0.47,,0.4691713465947981,0.550036722997278,0.2373699500975498,5,26.66147311827957,23.18437849462365,30.91497634408602,5.247980645161291,2.392810752688172,79.99776344086021,0.7323763440860216,0.7592946236559139,16.584686021505377,False,False,False,medium
Nanded,Bajra,Kharif,2021,93.9,33.99,0.36,0.47,0.4057189817976701,0.5417105502425542,0.2447657245745562,5,26.17836989247312,22.72661935483871,30.304215053763443,7.1209870967741935,2.5268494623655915,81.30025806451613,0.8089505376344087,0.8278881720430107,16.703124731182793,False,False,False,medium
Nanded,Bajra,Kharif,2022,3462.0,1244.0,0.36,0.36,0.4374451641962341,0.6084611607637097,0.241067837336053,5,26.213141935483872,22.75874193548388,30.32109032258065,8.185868817204302,2.6772860215053766,80.43130322580645,0.8379139784946237,0.8268731182795698,17.002524731182795,True,False,True,medium
Nanded,Cotton(lint),Kharif,2020,244700.0,412100.0,1.68,,0.4691713465947981,0.550036722997278,0.2373699500975498,5,26.66147311827957,23.18437849462365,30.91497634408602,5.247980645161291,2.392810752688172,79.99776344086021,0.7323763440860216,0.7592946236559139,16.584686021505377,False,False,False,medium
Nanded,Cotton(lint),Kharif,2021,234600.0,307300.0,1.31,1.68,0.4057189817976701,0.5417105502425542,0.2447657245745562,5,26.17836989247312,22.72661935483871,30.304215053763443,7.1209870967741935,2.5268494623655915,81.30025806451613,0.8089505376344087,0.8278881720430107,16.703124731182793,False,False,False,medium
Nanded,Cotton(lint),Kharif,2022,197291.42,333033.72,1.69,1.31,0.4374451641962341,0.6084611607637097,0.241067837336053,5,26.213141935483872,22.75874193548388,30.32109032258065,8.185868817204302,2.6772860215053766,80.43130322580645,0.8379139784946237,0.8268731182795698,17.002524731182795,True,False,True,medium
Nanded,Gram,Rabi,2020,148350.16,161880.39,1.09,,0.4060365593361973,0.5211115293967586,0.2753911884828998,5,24.42740046082949,17.161603225806452,33.000474193548385,0.0263006144393241,1.8173,46.69336298003072,0.5856344086021505,0.3513709677419355,18.470033947772656,False,False,False,medium
Nanded,Gram,Rabi,2021,158843.64,145940.77,0.92,1.09,0.4106138053566669,0.5012231125578295,0.2836602194523558,5,23.43179032258065,16.788776344086024,31.225442549923194,0.2390301075268817,1.826399231950845,55.226311520737326,0.6226738863287251,0.4885745007680492,17.418278341013824,False,False,False,medium
Nanded,Gram,Rabi,2022,275754.59,290490.92,1.05,0.92,0.4082789654545442,0.4887373118182814,0.2777636107249294,5,23.56446589861751,16.327020583717356,32.014813056835635,0.1324516129032258,1.6250913978494623,49.05224024577573,0.611669124423963,0.4405339477726574,18.759713978494624,False,False,False,medium
Nanded,Groundnut,Kharif,2020,98.08,44.37,0.45,,0.4691713465947981,0.550036722997278,0.2373699500975498,5,26.66147311827957,23.18437849462365,30.91497634408602,5.247980645161291,2.392810752688172,79.99776344086021,0.7323763440860216,0.7592946236559139,16.584686021505377,False,False,False,medium
Nanded,Groundnut,Kharif,2021,101.94,74.99,0.74,0.45,0.4057189817976701,0.5417105502425542,0.2447657245745562,5,26.17836989247312,22.72661935483871,30.304215053763443,7.1209870967741935,2.5268494623655915,81.30025806451613,0.8089505376344087,0.8278881720430107,16.703124731182793,False,False,False,medium
Nanded,Groundnut,Kharif,2022,91.21,65.44,0.72,0.74,0.4374451641962341,0.6084611607637097,0.241067837336053,5,26.213141935483872,22.75874193548388,30.32109032258065,8.185868817204302,2.6772860215053766,80.43130322580645,0.8379139784946237,0.8268731182795698,17.002524731182795,True,False,True,medium
Nanded,Groundnut,Summer,2020,12518.81,16413.41,1.31,,0.2205818846711842,0.2519896944843842,0.1891740748579844,2,34.78477419354839,27.38165591397849,42.07201612903226,0.3868387096774193,2.308822580645161,26.759661290322583,0.5645913978494624,0.2438817204301075,23.89632258064516,False,False,False,low
Nanded,Groundnut,Summer,2021,9518.77,11294.97,1.19,1.31,0.2320603186691105,0.249858693004538,0.2142619443336831,2,32.879155913978494,26.12472043010753,39.67421505376344,0.838994623655914,2.469456989247312,34.3775,0.5677741935483871,0.2930322580645161,21.66308064516129,False,False,False,low
Nanded,Groundnut,Summer,2022,10283.0,17008.0,1.65,1.19,0.231745888014051,0.2545105885179676,0.2089811875101344,2,34.7556935483871,27.526467741935484,41.8603064516129,0.441747311827957,2.429543010752688,27.755193548387098,0.5633870967741936,0.2010591397849462,22.385935483870966,False,False,False,low
Nanded,Jowar,Kharif,2020,35702.0,23192.96,0.65,,0.4691713465947981,0.550036722997278,0.2373699500975498,5,26.66147311827957,23.18437849462365,30.91497634408602,5.247980645161291,2.392810752688172,79.99776344086021,0.7323763440860216,0.7592946236559139,16.584686021505377,False,False,False,medium
Nanded,Jowar,Kharif,2021,32444.49,14700.6,0.45,0.65,0.4057189817976701,0.5417105502425542,0.2447657245745562,5,26.17836989247312,22.72661935483871,30.304215053763443,7.1209870967741935,2.5268494623655915,81.30025806451613,0.8089505376344087,0.8278881720430107,16.703124731182793,False,False,False,medium
Nanded,Jowar,Kharif,2022,19395.07,8694.81,0.45,0.45,0.4374451641962341,0.6084611607637097,0.241067837336053,5,26.213141935483872,22.75874193548388,30.32109032258065,8.185868817204302,2.6772860215053766,80.43130322580645,0.8379139784946237,0.8268731182795698,17.002524731182795,True,False,True,medium
Nanded,Jowar,Rabi,2020,26726.54,30481.35,1.14,,0.4060365593361973,0.5211115293967586,0.2753911884828998,5,24.42740046082949,17.161603225806452,33.000474193548385,0.0263006144393241,1.8173,46.69336298003072,0.5856344086021505,0.3513709677419355,18.470033947772656,False,False,False,medium
Nanded,Jowar,Rabi,2021,28148.69,26909.87,0.96,1.14,0.4106138053566669,0.5012231125578295,0.2836602194523558,5,23.43179032258065,16.788776344086024,31.225442549923194,0.2390301075268817,1.826399231950845,55.226311520737326,0.6226738863287251,0.4885745007680492,17.418278341013824,False,False,False,medium
Nanded,Jowar,Rabi,2022,26844.45,27119.87,1.01,0.96,0.4082789654545442,0.4887373118182814,0.2777636107249294,5,23.56446589861751,16.327020583717356,32.014813056835635,0.1324516129032258,1.6250913978494623,49.05224024577573,0.611669124423963,0.4405339477726574,18.759713978494624,False,False,False,medium
Nanded,Jowar,Summer,2021,6391.0,5313.61,0.83,,0.2320603186691105,0.249858693004538,0.2142619443336831,2,32.879155913978494,26.12472043010753,39.67421505376344,0.838994623655914,2.469456989247312,34.3775,0.5677741935483871,0.2930322580645161,21.66308064516129,False,False,False,low
Nanded,Jowar,Summer,2022,9762.0,8116.32,0.83,0.83,0.231745888014051,0.2545105885179676,0.2089811875101344,2,34.7556935483871,27.526467741935484,41.8603064516129,0.441747311827957,2.429543010752688,27.755193548387098,0.5633870967741936,0.2010591397849462,22.385935483870966,False,False,False,low
Nanded,Maize,Kharif,2020,415.95,443.24,1.07,,0.4691713465947981,0.550036722997278,0.2373699500975498,5,26.66147311827957,23.18437849462365,30.91497634408602,5.247980645161291,2.392810752688172,79.99776344086021,0.7323763440860216,0.7592946236559139,16.584686021505377,False,False,False,medium
Nanded,Maize,Kharif,2021,697.0,597.33,0.86,1.07,0.4057189817976701,0.5417105502425542,0.2447657245745562,5,26.17836989247312,22.72661935483871,30.304215053763443,7.1209870967741935,2.5268494623655915,81.30025806451613,0.8089505376344087,0.8278881720430107,16.703124731182793,False,False,False,medium
Nanded,Maize,Kharif,2022,555.0,548.0,0.99,0.86,0.4374451641962341,0.6084611607637097,0.241067837336053,5,26.213141935483872,22.75874193548388,30.32109032258065,8.185868817204302,2.6772860215053766,80.43130322580645,0.8379139784946237,0.8268731182795698,17.002524731182795,True,False,True,medium
Nanded,Maize,Rabi,2020,4090.6,5276.43,1.29,,0.4060365593361973,0.5211115293967586,0.2753911884828998,5,24.42740046082949,17.161603225806452,33.000474193548385,0.0263006144393241,1.8173,46.69336298003072,0.5856344086021505,0.3513709677419355,18.470033947772656,False,False,False,medium
Nanded,Maize,Rabi,2021,3812.81,17914.49,4.7,1.29,0.4106138053566669,0.5012231125578295,0.2836602194523558,5,23.43179032258065,16.788776344086024,31.225442549923194,0.2390301075268817,1.826399231950845,55.226311520737326,0.6226738863287251,0.4885745007680492,17.418278341013824,False,False,False,medium
Nanded,Maize,Rabi,2022,5586.87,17050.57,3.05,4.7,0.4082789654545442,0.4887373118182814,0.2777636107249294,5,23.56446589861751,16.327020583717356,32.014813056835635,0.1324516129032258,1.6250913978494623,49.05224024577573,0.611669124423963,0.4405339477726574,18.759713978494624,False,False,False,medium
Nanded,Maize,Summer,2020,3448.26,3993.09,1.16,,0.2205818846711842,0.2519896944843842,0.1891740748579844,2,34.78477419354839,27.38165591397849,42.07201612903226,0.3868387096774193,2.308822580645161,26.759661290322583,0.5645913978494624,0.2438817204301075,23.89632258064516,False,False,False,low
Nanded,Maize,Summer,2021,3741.29,4332.41,1.16,1.16,0.2320603186691105,0.249858693004538,0.2142619443336831,2,32.879155913978494,26.12472043010753,39.67421505376344,0.838994623655914,2.469456989247312,34.3775,0.5677741935483871,0.2930322580645161,21.66308064516129,False,False,False,low
Nanded,Maize,Summer,2022,3367.16,3975.94,1.18,1.16,0.231745888014051,0.2545105885179676,0.2089811875101344,2,34.7556935483871,27.526467741935484,41.8603064516129,0.441747311827957,2.429543010752688,27.755193548387098,0.5633870967741936,0.2010591397849462,22.385935483870966,False,False,False,low
Nanded,Moong(Green Gram),Kharif,2020,23139.0,10384.52,0.45,,0.4691713465947981,0.550036722997278,0.2373699500975498,5,26.66147311827957,23.18437849462365,30.91497634408602,5.247980645161291,2.392810752688172,79.99776344086021,0.7323763440860216,0.7592946236559139,16.584686021505377,False,False,False,medium
Nanded,Moong(Green Gram),Kharif,2021,31024.7,16027.36,0.52,0.45,0.4057189817976701,0.5417105502425542,0.2447657245745562,5,26.17836989247312,22.72661935483871,30.304215053763443,7.1209870967741935,2.5268494623655915,81.30025806451613,0.8089505376344087,0.8278881720430107,16.703124731182793,False,False,False,medium
Nanded,Moong(Green Gram),Kharif,2022,23658.24,10726.65,0.45,0.52,0.4374451641962341,0.6084611607637097,0.241067837336053,5,26.213141935483872,22.75874193548388,30.32109032258065,8.185868817204302,2.6772860215053766,80.43130322580645,0.8379139784946237,0.8268731182795698,17.002524731182795,True,False,True,medium
Nanded,Moong(Green Gram),Summer,2022,171.0,31.5,0.18,,0.231745888014051,0.2545105885179676,0.2089811875101344,2,34.7556935483871,27.526467741935484,41.8603064516129,0.441747311827957,2.429543010752688,27.755193548387098,0.5633870967741936,0.2010591397849462,22.385935483870966,False,False,False,low
Nanded,Niger seed,Kharif,2020,166.64,6.13,0.04,,0.4691713465947981,0.550036722997278,0.2373699500975498,5,26.66147311827957,23.18437849462365,30.91497634408602,5.247980645161291,2.392810752688172,79.99776344086021,0.7323763440860216,0.7592946236559139,16.584686021505377,False,False,False,medium
Nanded,Niger seed,Kharif,2021,447.0,52.93,0.12,0.04,0.4057189817976701,0.5417105502425542,0.2447657245745562,5,26.17836989247312,22.72661935483871,30.304215053763443,7.1209870967741935,2.5268494623655915,81.30025806451613,0.8089505376344087,0.8278881720430107,16.703124731182793,False,False,False,medium
Nanded,Niger seed,Kharif,2022,163.32,41.24,0.25,0.12,0.4374451641962341,0.6084611607637097,0.241067837336053,5,26.213141935483872,22.75874193548388,30.32109032258065,8.185868817204302,2.6772860215053766,80.43130322580645,0.8379139784946237,0.8268731182795698,17.002524731182795,True,False,True,medium
Nanded,Other  Rabi pulses,Rabi,2020,1.0,1.02,1.02,,0.4060365593361973,0.5211115293967586,0.2753911884828998,5,24.42740046082949,17.161603225806452,33.000474193548385,0.0263006144393241,1.8173,46.69336298003072,0.5856344086021505,0.3513709677419355,18.470033947772656,False,False,False,medium
Nanded,Other  Rabi pulses,Rabi,2021,2.0,0.46,0.23,1.02,0.4106138053566669,0.5012231125578295,0.2836602194523558,5,23.43179032258065,16.788776344086024,31.225442549923194,0.2390301075268817,1.826399231950845,55.226311520737326,0.6226738863287251,0.4885745007680492,17.418278341013824,False,False,False,medium
Nanded,Other  Rabi pulses,Rabi,2022,163.0,86.58,0.53,0.23,0.4082789654545442,0.4887373118182814,0.2777636107249294,5,23.56446589861751,16.327020583717356,32.014813056835635,0.1324516129032258,1.6250913978494623,49.05224024577573,0.611669124423963,0.4405339477726574,18.759713978494624,False,False,False,medium
Nanded,Other Cereals,Kharif,2021,434.0,120.65,0.28,,0.4057189817976701,0.5417105502425542,0.2447657245745562,5,26.17836989247312,22.72661935483871,30.304215053763443,7.1209870967741935,2.5268494623655915,81.30025806451613,0.8089505376344087,0.8278881720430107,16.703124731182793,False,False,False,medium
Nanded,Other Cereals,Kharif,2022,380.0,102.03,0.27,0.28,0.4057189817976701,0.6084611607637097,0.2447657245745562,5,26.213141935483872,22.75874193548388,30.32109032258065,8.185868817204302,2.6772860215053766,80.43130322580645,0.8379139784946237,0.8268731182795698,17.002524731182795,True,False,True,medium
Nanded,Other Cereals,Rabi,2020,3102.0,695.88,0.22,,0.4060365593361973,0.5211115293967586,0.2753911884828998,5,24.42740046082949,17.161603225806452,33.000474193548385,0.0263006144393241,1.8173,46.69336298003072,0.5856344086021505,0.3513709677419355,18.470033947772656,False,False,False,medium
Nanded,Other Cereals,Rabi,2021,383.0,95.49,0.25,0.22,0.4106138053566669,0.5012231125578295,0.2836602194523558,5,23.43179032258065,16.788776344086024,31.225442549923194,0.2390301075268817,1.826399231950845,55.226311520737326,0.6226738863287251,0.4885745007680492,17.418278341013824,False,False,False,medium
Nanded,Other Cereals,Rabi,2022,1527.0,478.76,0.31,0.25,0.4082789654545442,0.4887373118182814,0.2777636107249294,5,23.56446589861751,16.327020583717356,32.014813056835635,0.1324516129032258,1.6250913978494623,49.05224024577573,0.611669124423963,0.4405339477726574,18.759713978494624,False,False,False,medium
Nanded,Other Cereals,Summer,2020,7602.0,6318.48,0.83,,0.2205818846711842,0.2519896944843842,0.1891740748579844,2,34.78477419354839,27.38165591397849,42.07201612903226,0.3868387096774193,2.308822580645161,26.759661290322583,0.5645913978494624,0.2438817204301075,23.89632258064516,False,False,False,low
Nanded,Other Kharif pulses,Kharif,2020,320.0,249.28,0.78,,0.4691713465947981,0.550036722997278,0.2373699500975498,5,26.66147311827957,23.18437849462365,30.91497634408602,5.247980645161291,2.392810752688172,79.99776344086021,0.7323763440860216,0.7592946236559139,16.584686021505377,False,False,False,medium
Nanded,Other Kharif pulses,Kharif,2021,7.0,2.02,0.29,0.78,0.4057189817976701,0.5417105502425542,0.2447657245745562,5,26.17836989247312,22.72661935483871,30.304215053763443,7.1209870967741935,2.5268494623655915,81.30025806451613,0.8089505376344087,0.8278881720430107,16.703124731182793,False,False,False,medium
Nanded,Other Kharif pulses,Kharif,2022,66.0,31.48,0.48,0.29,0.4374451641962341,0.6084611607637097,0.241067837336053,5,26.213141935483872,22.75874193548388,30.32109032258065,8.185868817204302,2.6772860215053766,80.43130322580645,0.8379139784946237,0.8268731182795698,17.002524731182795,True,False,True,medium
Nanded,Rice,Kharif,2020,582.13,1561.63,2.68,,0.4691713465947981,0.550036722997278,0.2373699500975498,5,26.66147311827957,23.18437849462365,30.91497634408602,5.247980645161291,2.392810752688172,79.99776344086021,0.7323763440860216,0.7592946236559139,16.584686021505377,False,False,False,medium
Nanded,Rice,Kharif,2021,595.93,1342.47,2.25,2.68,0.4057189817976701,0.5417105502425542,0.2447657245745562,5,26.17836989247312,22.72661935483871,30.304215053763443,7.1209870967741935,2.5268494623655915,81.30025806451613,0.8089505376344087,0.8278881720430107,16.703124731182793,False,False,False,medium
Nanded,Rice,Kharif,2022,924.0,1831.05,1.98,2.25,0.4374451641962341,0.6084611607637097,0.241067837336053,5,26.213141935483872,22.75874193548388,30.32109032258065,8.185868817204302,2.6772860215053766,80.43130322580645,0.8379139784946237,0.8268731182795698,17.002524731182795,True,False,True,medium
Nanded,Rice,Summer,2020,309.64,938.45,3.03,,0.2205818846711842,0.2519896944843842,0.1891740748579844,2,34.78477419354839,27.38165591397849,42.07201612903226,0.3868387096774193,2.308822580645161,26.759661290322583,0.5645913978494624,0.2438817204301075,23.89632258064516,False,False,False,low
Nanded,Rice,Summer,2021,319.54,994.72,3.11,3.03,0.2320603186691105,0.249858693004538,0.2142619443336831,2,32.879155913978494,26.12472043010753,39.67421505376344,0.838994623655914,2.469456989247312,34.3775,0.5677741935483871,0.2930322580645161,21.66308064516129,False,False,False,low
Nanded,Rice,Summer,2022,369.99,1463.31,3.96,3.11,0.231745888014051,0.2545105885179676,0.2089811875101344,2,34.7556935483871,27.526467741935484,41.8603064516129,0.441747311827957,2.429543010752688,27.755193548387098,0.5633870967741936,0.2010591397849462,22.385935483870966,False,False,False,low
Nanded,Safflower,Rabi,2020,1338.75,791.34,0.59,,0.4060365593361973,0.5211115293967586,0.2753911884828998,5,24.42740046082949,17.161603225806452,33.000474193548385,0.0263006144393241,1.8173,46.69336298003072,0.5856344086021505,0.3513709677419355,18.470033947772656,False,False,False,medium
Nanded,Safflower,Rabi,2021,1322.4,797.94,0.6,0.59,0.4106138053566669,0.5012231125578295,0.2836602194523558,5,23.43179032258065,16.788776344086024,31.225442549923194,0.2390301075268817,1.826399231950845,55.226311520737326,0.6226738863287251,0.4885745007680492,17.418278341013824,False,False,False,medium
Nanded,Safflower,Rabi,2022,4103.06,3214.34,0.78,0.6,0.4082789654545442,0.4887373118182814,0.2777636107249294,5,23.56446589861751,16.327020583717356,32.014813056835635,0.1324516129032258,1.6250913978494623,49.05224024577573,0.611669124423963,0.4405339477726574,18.759713978494624,False,False,False,medium
Nanded,Sesamum,Kharif,2020,385.63,76.51,0.2,,0.4691713465947981,0.550036722997278,0.2373699500975498,5,26.66147311827957,23.18437849462365,30.91497634408602,5.247980645161291,2.392810752688172,79.99776344086021,0.7323763440860216,0.7592946236559139,16.584686021505377,False,False,False,medium
Nanded,Sesamum,Kharif,2021,215.41,23.16,0.11,0.2,0.4057189817976701,0.5417105502425542,0.2447657245745562,5,26.17836989247312,22.72661935483871,30.304215053763443,7.1209870967741935,2.5268494623655915,81.30025806451613,0.8089505376344087,0.8278881720430107,16.703124731182793,False,False,False,medium
Nanded,Sesamum,Kharif,2022,136.45,34.59,0.25,0.11,0.4374451641962341,0.6084611607637097,0.241067837336053,5,26.213141935483872,22.75874193548388,30.32109032258065,8.185868817204302,2.6772860215053766,80.43130322580645,0.8379139784946237,0.8268731182795698,17.002524731182795,True,False,True,medium
Nanded,Sesamum,Rabi,2020,61.14,16.85,0.28,,0.4060365593361973,0.5211115293967586,0.2753911884828998,5,24.42740046082949,17.161603225806452,33.000474193548385,0.0263006144393241,1.8173,46.69336298003072,0.5856344086021505,0.3513709677419355,18.470033947772656,False,False,False,medium
Nanded,Sesamum,Rabi,2021,44.0,31.44,0.71,0.28,0.4106138053566669,0.5012231125578295,0.2836602194523558,5,23.43179032258065,16.788776344086024,31.225442549923194,0.2390301075268817,1.826399231950845,55.226311520737326,0.6226738863287251,0.4885745007680492,17.418278341013824,False,False,False,medium
Nanded,Sesamum,Rabi,2022,73.0,24.46,0.34,0.71,0.4082789654545442,0.4887373118182814,0.2777636107249294,5,23.56446589861751,16.327020583717356,32.014813056835635,0.1324516129032258,1.6250913978494623,49.05224024577573,0.611669124423963,0.4405339477726574,18.759713978494624,False,False,False,medium
Nanded,Sesamum,Summer,2020,2473.0,484.71,0.2,,0.2205818846711842,0.2519896944843842,0.1891740748579844,2,34.78477419354839,27.38165591397849,42.07201612903226,0.3868387096774193,2.308822580645161,26.759661290322583,0.5645913978494624,0.2438817204301075,23.89632258064516,False,False,False,low
Nanded,Sesamum,Summer,2021,3304.0,647.58,0.2,0.2,0.2320603186691105,0.249858693004538,0.2142619443336831,2,32.879155913978494,26.12472043010753,39.67421505376344,0.838994623655914,2.469456989247312,34.3775,0.5677741935483871,0.2930322580645161,21.66308064516129,False,False,False,low
Nanded,Sesamum,Summer,2022,3753.0,739.0,0.2,0.2,0.231745888014051,0.2545105885179676,0.2089811875101344,2,34.7556935483871,27.526467741935484,41.8603064516129,0.441747311827957,2.429543010752688,27.755193548387098,0.5633870967741936,0.2010591397849462,22.385935483870966,False,False,False,low
Nanded,Soyabean,Kharif,2020,383707.18,527781.3,1.38,,0.4691713465947981,0.550036722997278,0.2373699500975498,5,26.66147311827957,23.18437849462365,30.91497634408602,5.247980645161291,2.392810752688172,79.99776344086021,0.7323763440860216,0.7592946236559139,16.584686021505377,False,False,False,medium
Nanded,Soyabean,Kharif,2021,416826.63,337796.3,0.81,1.38,0.4057189817976701,0.5417105502425542,0.2447657245745562,5,26.17836989247312,22.72661935483871,30.304215053763443,7.1209870967741935,2.5268494623655915,81.30025806451613,0.8089505376344087,0.8278881720430107,16.703124731182793,False,False,False,medium
Nanded,Soyabean,Kharif,2022,426825.0,528324.0,1.24,0.81,0.4374451641962341,0.6084611607637097,0.241067837336053,5,26.213141935483872,22.75874193548388,30.32109032258065,8.185868817204302,2.6772860215053766,80.43130322580645,0.8379139784946237,0.8268731182795698,17.002524731182795,True,False,True,medium
Nanded,Soyabean,Summer,2021,7908.0,4112.0,0.52,,0.2320603186691105,0.249858693004538,0.2142619443336831,2,32.879155913978494,26.12472043010753,39.67421505376344,0.838994623655914,2.469456989247312,34.3775,0.5677741935483871,0.2930322580645161,21.66308064516129,False,False,False,low
Nanded,Soyabean,Summer,2022,3550.0,1845.93,0.52,0.52,0.231745888014051,0.2545105885179676,0.2089811875101344,2,34.7556935483871,27.526467741935484,41.8603064516129,0.441747311827957,2.429543010752688,27.755193548387098,0.5633870967741936,0.2010591397849462,22.385935483870966,False,False,False,low
Nanded,Sugarcane,Whole Year,2020,21900.0,1836294.46,83.85,,0.4159019739732446,0.550036722997278,0.1891740748579844,12,26.908212798170805,21.339423680632805,33.30399635397355,2.3483510690891114,2.2173292856260045,59.78658697935978,0.6448334878259794,0.5284671548634284,18.43669821406501,False,False,False,high
Nanded,Sugarcane,Whole Year,2021,38052.0,3221788.46,84.67,83.85,0.3730108423266771,0.5417105502425542,0.2142619443336831,12,26.501602342549926,21.12883467741936,32.605690412186384,3.141772209421403,2.2141778673835124,60.74343529185868,0.6867526881720428,0.5600443548387097,17.89490661802355,False,False,False,high
Nanded,Sugarcane,Whole Year,2022,35943.0,1797150.0,50.0,84.67,0.39445640814996086,0.6084611607637097,0.20171800959583375,12,26.44638844086021,20.878121863799283,32.777211277521765,3.565182795698925,2.23840290578597,60.374628904249874,0.7002861623143882,0.5783415258576549,18.39251920122888,True,False,True,high
Nanded,Sunflower,Kharif,2020,72.5,29.69,0.41,,0.4691713465947981,0.550036722997278,0.2373699500975498,5,26.66147311827957,23.18437849462365,30.91497634408602,5.247980645161291,2.392810752688172,79.99776344086021,0.7323763440860216,0.7592946236559139,16.584686021505377,False,False,False,medium
Nanded,Sunflower,Kharif,2021,72.5,27.6,0.38,0.41,0.4057189817976701,0.5417105502425542,0.2447657245745562,5,26.17836989247312,22.72661935483871,30.304215053763443,7.1209870967741935,2.5268494623655915,81.30025806451613,0.8089505376344087,0.8278881720430107,16.703124731182793,False,False,False,medium
Nanded,Sunflower,Kharif,2022,10.0,4.0,0.4,0.38,0.4374451641962341,0.6084611607637097,0.241067837336053,5,26.213141935483872,22.75874193548388,30.32109032258065,8.185868817204302,2.6772860215053766,80.43130322580645,0.8379139784946237,0.8268731182795698,17.002524731182795,True,False,True,medium
Nanded,Sunflower,Rabi,2020,178.96,107.15,0.6,,0.4060365593361973,0.5211115293967586,0.2753911884828998,5,24.42740046082949,17.161603225806452,33.000474193548385,0.0263006144393241,1.8173,46.69336298003072,0.5856344086021505,0.3513709677419355,18.470033947772656,False,False,False,medium
Nanded,Sunflower,Rabi,2021,197.57,147.68,0.75,0.6,0.4106138053566669,0.5012231125578295,0.2836602194523558,5,23.43179032258065,16.788776344086024,31.225442549923194,0.2390301075268817,1.826399231950845,55.226311520737326,0.6226738863287251,0.4885745007680492,17.418278341013824,False,False,False,medium
Nanded,Sunflower,Summer,2020,68.89,41.25,0.6,,0.2205818846711842,0.2519896944843842,0.1891740748579844,2,34.78477419354839,27.38165591397849,42.07201612903226,0.3868387096774193,2.308822580645161,26.759661290322583,0.5645913978494624,0.2438817204301075,23.89632258064516,False,False,False,low
Nanded,Sunflower,Summer,2021,4.0,3.15,0.79,0.6,0.2320603186691105,0.249858693004538,0.2142619443336831,2,32.879155913978494,26.12472043010753,39.67421505376344,0.838994623655914,2.469456989247312,34.3775,0.5677741935483871,0.2930322580645161,21.66308064516129,False,False,False,low
Nanded,Sunflower,Summer,2022,69.0,59.0,0.86,0.79,0.231745888014051,0.2545105885179676,0.2089811875101344,2,34.7556935483871,27.526467741935484,41.8603064516129,0.441747311827957,2.429543010752688,27.755193548387098,0.5633870967741936,0.2010591397849462,22.385935483870966,False,False,False,low
Nanded,Urad,Kharif,2020,22983.0,16738.64,0.73,,0.4691713465947981,0.550036722997278,0.2373699500975498,5,26.66147311827957,23.18437849462365,30.91497634408602,5.247980645161291,2.392810752688172,79.99776344086021,0.7323763440860216,0.7592946236559139,16.584686021505377,False,False,False,medium
Nanded,Urad,Kharif,2021,23595.07,10438.46,0.44,0.73,0.4057189817976701,0.5417105502425542,0.2447657245745562,5,26.17836989247312,22.72661935483871,30.304215053763443,7.1209870967741935,2.5268494623655915,81.30025806451613,0.8089505376344087,0.8278881720430107,16.703124731182793,False,False,False,medium
Nanded,Urad,Kharif,2022,19404.5,11017.88,0.57,0.44,0.4374451641962341,0.6084611607637097,0.241067837336053,5,26.213141935483872,22.75874193548388,30.32109032258065,8.185868817204302,2.6772860215053766,80.43130322580645,0.8379139784946237,0.8268731182795698,17.002524731182795,True,False,True,medium
Nanded,Wheat,Rabi,2020,25548.79,38396.93,1.5,,0.4060365593361973,0.5211115293967586,0.2753911884828998,5,24.42740046082949,17.161603225806452,33.000474193548385,0.0263006144393241,1.8173,46.69336298003072,0.5856344086021505,0.3513709677419355,18.470033947772656,False,False,False,medium
Nanded,Wheat,Rabi,2021,24431.54,33759.99,1.38,1.5,0.4106138053566669,0.5012231125578295,0.2836602194523558,5,23.43179032258065,16.788776344086024,31.225442549923194,0.2390301075268817,1.826399231950845,55.226311520737326,0.6226738863287251,0.4885745007680492,17.418278341013824,False,False,False,medium
Nanded,Wheat,Rabi,2022,26961.59,37862.16,1.4,1.38,0.4082789654545442,0.4887373118182814,0.2777636107249294,5,23.56446589861751,16.327020583717356,32.014813056835635,0.1324516129032258,1.6250913978494623,49.05224024577573,0.611669124423963,0.4405339477726574,18.759713978494624,False,False,False,medium
Nanded,other oilseeds,Kharif,2020,74.0,20.42,0.28,,0.4691713465947981,0.550036722997278,0.2373699500975498,5,26.66147311827957,23.18437849462365,30.91497634408602,5.247980645161291,2.392810752688172,79.99776344086021,0.7323763440860216,0.7592946236559139,16.584686021505377,False,False,False,medium
Nanded,other oilseeds,Kharif,2021,80.0,18.0,0.23,0.28,0.4057189817976701,0.5417105502425542,0.2447657245745562,5,26.17836989247312,22.72661935483871,30.304215053763443,7.1209870967741935,2.5268494623655915,81.30025806451613,0.8089505376344087,0.8278881720430107,16.703124731182793,False,False,False,medium
Nanded,other oilseeds,Kharif,2022,20.0,5.39,0.27,0.23,0.4374451641962341,0.6084611607637097,0.241067837336053,5,26.213141935483872,22.75874193548388,30.32109032258065,8.185868817204302,2.6772860215053766,80.43130322580645,0.8379139784946237,0.8268731182795698,17.002524731182795,True,False,True,medium
Nanded,other oilseeds,Rabi,2020,129.0,28.48,0.22,,0.4060365593361973,0.5211115293967586,0.2753911884828998,5,24.42740046082949,17.161603225806452,33.000474193548385,0.0263006144393241,1.8173,46.69336298003072,0.5856344086021505,0.3513709677419355,18.470033947772656,False,False,False,medium
Nanded,other oilseeds,Rabi,2021,541.0,115.81,0.21,0.22,0.4106138053566669,0.5012231125578295,0.2836602194523558,5,23.43179032258065,16.788776344086024,31.225442549923194,0.2390301075268817,1.826399231950845,55.226311520737326,0.6226738863287251,0.4885745007680492,17.418278341013824,False,False,False,medium
Nanded,other oilseeds,Rabi,2022,7148.0,1590.5,0.22,0.21,0.4082789654545442,0.4887373118182814,0.2777636107249294,5,23.56446589861751,16.327020583717356,32.014813056835635,0.1324516129032258,1.6250913978494623,49.05224024577573,0.611669124423963,0.4405339477726574,18.759713978494624,False,False,False,medium
Nanded,other oilseeds,Summer,2020,2022.0,881.59,0.44,,0.2205818846711842,0.2519896944843842,0.1891740748579844,2,34.78477419354839,27.38165591397849,42.07201612903226,0.3868387096774193,2.308822580645161,26.759661290322583,0.5645913978494624,0.2438817204301075,23.89632258064516,False,False,False,low
Nandurbar,Arhar/Tur,Kharif,2020,24864.6,12098.13,0.49,,0.4114655664617643,0.6012119726290388,0.241067837336053,5,26.83383440860215,23.578159139784947,31.021853763440863,6.3396688172043,2.5233526881720434,81.55917419354839,0.8133784946236557,0.8111139784946235,16.42652688172043,True,False,True,medium
Nandurbar,Arhar/Tur,Kharif,2021,22471.21,7819.98,0.35,0.49,0.4114655664617643,0.59097243212533,0.241067837336053,5,26.606989247311827,23.194488172043016,31.204772043010752,4.941967741935484,3.183793548387097,80.08044301075269,0.7434279569892472,0.750447311827957,15.585789247311828,True,False,True,medium
Nandurbar,Arhar/Tur,Kharif,2022,12760.0,6165.0,0.48,0.35,0.4114655664617643,0.6044973603531638,0.241067837336053,5,26.268436559139783,22.88895483870968,30.55306451612903,6.995969892473118,3.015898924731183,81.2285935483871,0.8412795698924731,0.8012602150537635,16.222619354838706,True,False,True,medium
Nandurbar,Bajra,Kharif,2020,7039.0,9025.06,1.28,,0.3910617756159833,0.6012119726290388,0.21228181914333283,5,26.83383440860215,23.578159139784947,31.021853763440863,6.3396688172043,2.5233526881720434,81.55917419354839,0.8133784946236557,0.8111139784946235,16.42652688172043,True,False,True,medium
Nandurbar,Bajra,Kharif,2021,6857.85,4522.6,0.66,1.28,0.3910617756159833,0.59097243212533,0.21228181914333283,5,26.606989247311827,23.194488172043016,31.204772043010752,4.941967741935484,3.183793548387097,80.08044301075269,0.7434279569892472,0.750447311827957,15.585789247311828,True,False,True,medium
Nandurbar,Bajra,Kharif,2022,6327.0,7348.0,1.16,0.66,0.3910617756159833,0.6044973603531638,0.21228181914333283,5,26.268436559139783,22.88895483870968,30.55306451612903,6.995969892473118,3.015898924731183,81.2285935483871,0.8412795698924731,0.8012602150537635,16.222619354838706,True,False,True,medium
Nandurbar,Bajra,Summer,2021,615.4,560.01,0.91,,0.2242141444170161,0.2451526075494458,0.2032756812845865,2,31.640043010752688,24.264989247311824,39.54589247311828,0.9464301075268816,3.265677419354839,41.45770430107527,0.5991935483870967,0.2768655913978495,23.45778494623656,False,False,False,low
Nandurbar,Bajra,Summer,2022,606.0,551.46,0.91,0.91,0.2286639575420841,0.2468396316284898,0.2104882834556786,2,32.99284946236559,24.677795698924733,41.93536021505376,0.0019354838709677,3.954483870967742,35.477935483870965,0.5831666666666666,0.1101344086021505,25.50308602150537,False,False,False,low
Nandurbar,Cotton(lint),Kharif,2020,121300.0,307700.0,2.54,,0.4114655664617643,0.6012119726290388,0.241067837336053,5,26.83383440860215,23.578159139784947,31.021853763440863,6.3396688172043,2.5233526881720434,81.55917419354839,0.8133784946236557,0.8111139784946235,16.42652688172043,True,False,True,medium
Nandurbar,Cotton(lint),Kharif,2021,125900.0,172600.0,1.37,2.54,0.4114655664617643,0.59097243212533,0.241067837336053,5,26.606989247311827,23.194488172043016,31.204772043010752,4.941967741935484,3.183793548387097,80.08044301075269,0.7434279569892472,0.750447311827957,15.585789247311828,True,False,True,medium
Nandurbar,Cotton(lint),Kharif,2022,129061.0,212362.09,1.65,1.37,0.4114655664617643,0.6044973603531638,0.241067837336053,5,26.268436559139783,22.88895483870968,30.55306451612903,6.995969892473118,3.015898924731183,81.2285935483871,0.8412795698924731,0.8012602150537635,16.222619354838706,True,False,True,medium
Nandurbar,Gram,Rabi,2020,33559.6,32938.19,0.98,,0.3752646454027523,0.4433905997015097,0.2653556910609152,5,24.08433087557604,16.524146390168973,33.037596774193545,0.1082064516129032,1.717942857142857,42.005638863287245,0.611032258064516,0.3493044546850998,17.488206758832565,False,False,False,medium
Nandurbar,Gram,Rabi,2021,31046.67,38319.97,1.23,0.98,0.3662470779950244,0.454151208815824,0.2906963430238516,5,22.964648387096776,15.702081720430106,31.642653149001536,0.2502881720430107,1.8881958525345623,48.70460829493088,0.6228795698924731,0.4033838709677419,17.110937019969278,False,False,False,medium
Nandurbar,Gram,Rabi,2022,21761.83,24319.93,1.12,1.23,0.3802281101210074,0.4911584640163872,0.2877808646259707,5,22.729909062980028,15.05058341013825,31.76039170506913,0.1520645161290322,1.8226844854070656,45.97745284178187,0.6202451612903226,0.4010394777265745,17.85714731182796,False,False,False,medium
Nandurbar,Groundnut,Kharif,2020,2066.03,1356.78,0.66,,0.4009920640763048,0.6012119726290388,0.2429167809553046,5,26.83383440860215,23.578159139784947,31.021853763440863,6.3396688172043,2.5233526881720434,81.55917419354839,0.8133784946236557,0.8111139784946235,16.42652688172043,True,False,True,medium
Nandurbar,Groundnut,Kharif,2021,1808.01,1182.26,0.65,0.66,0.4009920640763048,0.59097243212533,0.2429167809553046,5,26.606989247311827,23.194488172043016,31.204772043010752,4.941967741935484,3.183793548387097,80.08044301075269,0.7434279569892472,0.750447311827957,15.585789247311828,True,False,True,medium
Nandurbar,Groundnut,Kharif,2022,1568.99,1408.17,0.9,0.65,0.4009920640763048,0.6044973603531638,0.2429167809553046,5,26.268436559139783,22.88895483870968,30.55306451612903,6.995969892473118,3.015898924731183,81.2285935483871,0.8412795698924731,0.8012602150537635,16.222619354838706,True,False,True,medium
Nandurbar,Groundnut,Summer,2020,5868.07,10785.38,1.84,,0.2294327310536882,0.2409866876802218,0.2178787744271547,2,33.27877956989248,24.857091397849462,41.6988870967742,0.016010752688172,3.130983870967742,32.83494623655914,0.59,0.1550806451612903,26.31745698924731,False,False,False,low
Nandurbar,Groundnut,Summer,2021,6351.12,8136.69,1.28,1.84,0.2242141444170161,0.2451526075494458,0.2032756812845865,2,31.640043010752688,24.264989247311824,39.54589247311828,0.9464301075268816,3.265677419354839,41.45770430107527,0.5991935483870967,0.2768655913978495,23.45778494623656,False,False,False,low
Nandurbar,Groundnut,Summer,2022,3176.0,3407.0,1.07,1.28,0.2286639575420841,0.2468396316284898,0.2104882834556786,2,32.99284946236559,24.677795698924733,41.93536021505376,0.0019354838709677,3.954483870967742,35.477935483870965,0.5831666666666666,0.1101344086021505,25.50308602150537,False,False,False,low
Nandurbar,Jowar,Kharif,2020,30916.37,48072.76,1.55,,0.4114655664617643,0.6012119726290388,0.241067837336053,5,26.83383440860215,23.578159139784947,31.021853763440863,6.3396688172043,2.5233526881720434,81.55917419354839,0.8133784946236557,0.8111139784946235,16.42652688172043,True,False,True,medium
Nandurbar,Jowar,Kharif,2021,26829.36,35929.87,1.34,1.55,0.4114655664617643,0.59097243212533,0.241067837336053,5,26.606989247311827,23.194488172043016,31.204772043010752,4.941967741935484,3.183793548387097,80.08044301075269,0.7434279569892472,0.750447311827957,15.585789247311828,True,False,True,medium
Nandurbar,Jowar,Kharif,2022,20421.04,24058.03,1.18,1.34,0.4114655664617643,0.6044973603531638,0.241067837336053,5,26.268436559139783,22.88895483870968,30.55306451612903,6.995969892473118,3.015898924731183,81.2285935483871,0.8412795698924731,0.8012602150537635,16.222619354838706,True,False,True,medium
Nandurbar,Jowar,Rabi,2020,9918.07,12268.13,1.24,,0.3752646454027523,0.4433905997015097,0.2653556910609152,5,24.08433087557604,16.524146390168973,33.037596774193545,0.1082064516129032,1.717942857142857,42.005638863287245,0.611032258064516,0.3493044546850998,17.488206758832565,False,False,False,medium
Nandurbar,Jowar,Rabi,2021,8942.35,10840.01,1.21,1.24,0.3662470779950244,0.454151208815824,0.2906963430238516,5,22.964648387096776,15.702081720430106,31.642653149001536,0.2502881720430107,1.8881958525345623,48.70460829493088,0.6228795698924731,0.4033838709677419,17.110937019969278,False,False,False,medium
Nandurbar,Jowar,Rabi,2022,4812.39,7240.0,1.5,1.21,0.3802281101210074,0.4911584640163872,0.2877808646259707,5,22.729909062980028,15.05058341013825,31.76039170506913,0.1520645161290322,1.8226844854070656,45.97745284178187,0.6202451612903226,0.4010394777265745,17.85714731182796,False,False,False,medium
Nandurbar,Jowar,Summer,2021,55.0,45.73,0.83,,0.2242141444170161,0.2451526075494458,0.2032756812845865,2,31.640043010752688,24.264989247311824,39.54589247311828,0.9464301075268816,3.265677419354839,41.45770430107527,0.5991935483870967,0.2768655913978495,23.45778494623656,False,False,False,low
Nandurbar,Jowar,Summer,2022,29.0,24.11,0.83,0.83,0.2286639575420841,0.2468396316284898,0.2104882834556786,2,32.99284946236559,24.677795698924733,41.93536021505376,0.0019354838709677,3.954483870967742,35.477935483870965,0.5831666666666666,0.1101344086021505,25.50308602150537,False,False,False,low
Nandurbar,Maize,Kharif,2020,55066.77,117242.52,2.13,,0.4033555229369874,0.6012119726290388,0.2163513167840456,5,26.83383440860215,23.578159139784947,31.021853763440863,6.3396688172043,2.5233526881720434,81.55917419354839,0.8133784946236557,0.8111139784946235,16.42652688172043,True,False,True,medium
Nandurbar,Maize,Kharif,2021,48633.76,85177.16,1.75,2.13,0.4033555229369874,0.59097243212533,0.2163513167840456,5,26.606989247311827,23.194488172043016,31.204772043010752,4.941967741935484,3.183793548387097,80.08044301075269,0.7434279569892472,0.750447311827957,15.585789247311828,True,False,True,medium
Nandurbar,Maize,Kharif,2022,47446.0,130837.0,2.76,1.75,0.4033555229369874,0.6044973603531638,0.2163513167840456,5,26.268436559139783,22.88895483870968,30.55306451612903,6.995969892473118,3.015898924731183,81.2285935483871,0.8412795698924731,0.8012602150537635,16.222619354838706,True,False,True,medium
Nandurbar,Maize,Rabi,2020,5656.73,15533.43,2.75,,0.3752646454027523,0.4433905997015097,0.2653556910609152,5,24.08433087557604,16.524146390168973,33.037596774193545,0.1082064516129032,1.717942857142857,42.005638863287245,0.611032258064516,0.3493044546850998,17.488206758832565,False,False,False,medium
Nandurbar,Maize,Rabi,2021,6132.46,29234.66,4.77,2.75,0.3662470779950244,0.454151208815824,0.2906963430238516,5,22.964648387096776,15.702081720430106,31.642653149001536,0.2502881720430107,1.8881958525345623,48.70460829493088,0.6228795698924731,0.4033838709677419,17.110937019969278,False,False,False,medium
Nandurbar,Maize,Rabi,2022,6467.35,21695.17,3.35,4.77,0.3802281101210074,0.4911584640163872,0.2877808646259707,5,22.729909062980028,15.05058341013825,31.76039170506913,0.1520645161290322,1.8226844854070656,45.97745284178187,0.6202451612903226,0.4010394777265745,17.85714731182796,False,False,False,medium
Nandurbar,Maize,Summer,2020,2141.96,3742.86,1.75,,0.2294327310536882,0.2409866876802218,0.2178787744271547,2,33.27877956989248,24.857091397849462,41.6988870967742,0.016010752688172,3.130983870967742,32.83494623655914,0.59,0.1550806451612903,26.31745698924731,False,False,False,low
Nandurbar,Maize,Summer,2021,2609.83,4560.42,1.75,1.75,0.2242141444170161,0.2451526075494458,0.2032756812845865,2,31.640043010752688,24.264989247311824,39.54589247311828,0.9464301075268816,3.265677419354839,41.45770430107527,0.5991935483870967,0.2768655913978495,23.45778494623656,False,False,False,low
Nandurbar,Maize,Summer,2022,939.54,1787.27,1.9,1.75,0.2286639575420841,0.2468396316284898,0.2104882834556786,2,32.99284946236559,24.677795698924733,41.93536021505376,0.0019354838709677,3.954483870967742,35.477935483870965,0.5831666666666666,0.1101344086021505,25.50308602150537,False,False,False,low
Nandurbar,Moong(Green Gram),Kharif,2020,6683.29,1612.53,0.24,,0.4114655664617643,0.6012119726290388,0.241067837336053,5,26.83383440860215,23.578159139784947,31.021853763440863,6.3396688172043,2.5233526881720434,81.55917419354839,0.8133784946236557,0.8111139784946235,16.42652688172043,True,False,True,medium
Nandurbar,Moong(Green Gram),Kharif,2021,4165.93,904.42,0.22,0.24,0.4114655664617643,0.59097243212533,0.241067837336053,5,26.606989247311827,23.194488172043016,31.204772043010752,4.941967741935484,3.183793548387097,80.08044301075269,0.7434279569892472,0.750447311827957,15.585789247311828,True,False,True,medium
Nandurbar,Moong(Green Gram),Kharif,2022,4016.18,1393.61,0.35,0.22,0.4114655664617643,0.6044973603531638,0.241067837336053,5,26.268436559139783,22.88895483870968,30.55306451612903,6.995969892473118,3.015898924731183,81.2285935483871,0.8412795698924731,0.8012602150537635,16.222619354838706,True,False,True,medium
Nandurbar,Moong(Green Gram),Summer,2021,2826.6,520.63,0.18,,0.2242141444170161,0.2451526075494458,0.2032756812845865,2,31.640043010752688,24.264989247311824,39.54589247311828,0.9464301075268816,3.265677419354839,41.45770430107527,0.5991935483870967,0.2768655913978495,23.45778494623656,False,False,False,low
Nandurbar,Moong(Green Gram),Summer,2022,2551.8,470.02,0.18,0.18,0.2286639575420841,0.2468396316284898,0.2104882834556786,2,32.99284946236559,24.677795698924733,41.93536021505376,0.0019354838709677,3.954483870967742,35.477935483870965,0.5831666666666666,0.1101344086021505,25.50308602150537,False,False,False,low
Nandurbar,Other  Rabi pulses,Rabi,2020,517.98,434.07,0.84,,0.3752646454027523,0.4433905997015097,0.2653556910609152,5,24.08433087557604,16.524146390168973,33.037596774193545,0.1082064516129032,1.717942857142857,42.005638863287245,0.611032258064516,0.3493044546850998,17.488206758832565,False,False,False,medium
Nandurbar,Other  Rabi pulses,Rabi,2021,668.55,252.03,0.38,0.84,0.3662470779950244,0.454151208815824,0.2906963430238516,5,22.964648387096776,15.702081720430106,31.642653149001536,0.2502881720430107,1.8881958525345623,48.70460829493088,0.6228795698924731,0.4033838709677419,17.110937019969278,False,False,False,medium
Nandurbar,Other  Rabi pulses,Rabi,2022,844.48,458.37,0.54,0.38,0.3802281101210074,0.4911584640163872,0.2877808646259707,5,22.729909062980028,15.05058341013825,31.76039170506913,0.1520645161290322,1.8226844854070656,45.97745284178187,0.6202451612903226,0.4010394777265745,17.85714731182796,False,False,False,medium
Nandurbar,Other Cereals,Kharif,2020,5114.0,1789.9,0.35,,0.4009920640763048,0.6012119726290388,0.2537155251933066,5,26.83383440860215,23.578159139784947,31.021853763440863,6.3396688172043,2.5233526881720434,81.55917419354839,0.8133784946236557,0.8111139784946235,16.42652688172043,True,False,True,medium
Nandurbar,Other Cereals,Kharif,2021,5964.0,2087.4,0.35,0.35,0.4009920640763048,0.59097243212533,0.2537155251933066,5,26.606989247311827,23.194488172043016,31.204772043010752,4.941967741935484,3.183793548387097,80.08044301075269,0.7434279569892472,0.750447311827957,15.585789247311828,True,False,True,medium
Nandurbar,Other Cereals,Kharif,2022,4504.35,1576.52,0.35,0.35,0.4009920640763048,0.6044973603531638,0.2537155251933066,5,26.268436559139783,22.88895483870968,30.55306451612903,6.995969892473118,3.015898924731183,81.2285935483871,0.8412795698924731,0.8012602150537635,16.222619354838706,True,False,True,medium
Nandurbar,Other Cereals,Rabi,2020,564.05,201.82,0.36,,0.3752646454027523,0.4433905997015097,0.2653556910609152,5,24.08433087557604,16.524146390168973,33.037596774193545,0.1082064516129032,1.717942857142857,42.005638863287245,0.611032258064516,0.3493044546850998,17.488206758832565,False,False,False,medium
Nandurbar,Other Cereals,Rabi,2021,741.8,322.48,0.43,0.36,0.3662470779950244,0.454151208815824,0.2906963430238516,5,22.964648387096776,15.702081720430106,31.642653149001536,0.2502881720430107,1.8881958525345623,48.70460829493088,0.6228795698924731,0.4033838709677419,17.110937019969278,False,False,False,medium
Nandurbar,Other Cereals,Rabi,2022,448.4,231.43,0.52,0.43,0.3802281101210074,0.4911584640163872,0.2877808646259707,5,22.729909062980028,15.05058341013825,31.76039170506913,0.1520645161290322,1.8226844854070656,45.97745284178187,0.6202451612903226,0.4010394777265745,17.85714731182796,False,False,False,medium
Nandurbar,Other Cereals,Summer,2020,1057.9,972.42,0.92,,0.2294327310536882,0.2409866876802218,0.2178787744271547,2,33.27877956989248,24.857091397849462,41.6988870967742,0.016010752688172,3.130983870967742,32.83494623655914,0.59,0.1550806451612903,26.31745698924731,False,False,False,low
Nandurbar,Other Cereals,Summer,2021,114.0,104.79,0.92,0.92,0.2242141444170161,0.2451526075494458,0.2032756812845865,2,31.640043010752688,24.264989247311824,39.54589247311828,0.9464301075268816,3.265677419354839,41.45770430107527,0.5991935483870967,0.2768655913978495,23.45778494623656,False,False,False,low
Nandurbar,Other Cereals,Summer,2022,5.0,4.81,0.96,0.92,0.2286639575420841,0.2468396316284898,0.2104882834556786,2,32.99284946236559,24.677795698924733,41.93536021505376,0.0019354838709677,3.954483870967742,35.477935483870965,0.5831666666666666,0.1101344086021505,25.50308602150537,False,False,False,low
Nandurbar,Other Kharif pulses,Kharif,2020,505.0,131.3,0.26,,0.4009920640763048,0.6012119726290388,0.2537155251933066,5,26.83383440860215,23.578159139784947,31.021853763440863,6.3396688172043,2.5233526881720434,81.55917419354839,0.8133784946236557,0.8111139784946235,16.42652688172043,True,False,True,medium
Nandurbar,Other Kharif pulses,Kharif,2021,525.18,120.79,0.23,0.26,0.4009920640763048,0.59097243212533,0.2537155251933066,5,26.606989247311827,23.194488172043016,31.204772043010752,4.941967741935484,3.183793548387097,80.08044301075269,0.7434279569892472,0.750447311827957,15.585789247311828,True,False,True,medium
Nandurbar,Other Kharif pulses,Kharif,2022,418.0,262.0,0.63,0.23,0.4009920640763048,0.6044973603531638,0.2537155251933066,5,26.268436559139783,22.88895483870968,30.55306451612903,6.995969892473118,3.015898924731183,81.2285935483871,0.8412795698924731,0.8012602150537635,16.222619354838706,True,False,True,medium
Nandurbar,Other Summer Pulses,Summer,2020,1490.7,613.3,0.41,,0.2294327310536882,0.2409866876802218,0.2178787744271547,2,33.27877956989248,24.857091397849462,41.6988870967742,0.016010752688172,3.130983870967742,32.83494623655914,0.59,0.1550806451612903,26.31745698924731,False,False,False,low
Nandurbar,Other Summer Pulses,Summer,2021,25.5,10.49,0.41,0.41,0.2242141444170161,0.2451526075494458,0.2032756812845865,2,31.640043010752688,24.264989247311824,39.54589247311828,0.9464301075268816,3.265677419354839,41.45770430107527,0.5991935483870967,0.2768655913978495,23.45778494623656,False,False,False,low
Nandurbar,Other Summer Pulses,Summer,2022,65.0,31.17,0.48,0.41,0.2286639575420841,0.2468396316284898,0.2104882834556786,2,32.99284946236559,24.677795698924733,41.93536021505376,0.0019354838709677,3.954483870967742,35.477935483870965,0.5831666666666666,0.1101344086021505,25.50308602150537,False,False,False,low
Nandurbar,Ragi,Kharif,2020,15.98,11.43,0.72,,0.366957985075254,0.6012119726290388,0.2878671519862098,5,26.83383440860215,23.578159139784947,31.021853763440863,6.3396688172043,2.5233526881720434,81.55917419354839,0.8133784946236557,0.8111139784946235,16.42652688172043,True,False,True,medium
Nandurbar,Ragi,Kharif,2021,6.05,4.7,0.78,0.72,0.366957985075254,0.59097243212533,0.2878671519862098,5,26.606989247311827,23.194488172043016,31.204772043010752,4.941967741935484,3.183793548387097,80.08044301075269,0.7434279569892472,0.750447311827957,15.585789247311828,True,False,True,medium
Nandurbar,Ragi,Kharif,2022,4.0,5.0,1.25,0.78,0.366957985075254,0.6044973603531638,0.2878671519862098,5,26.268436559139783,22.88895483870968,30.55306451612903,6.995969892473118,3.015898924731183,81.2285935483871,0.8412795698924731,0.8012602150537635,16.222619354838706,True,False,True,medium
Nandurbar,Rice,Kharif,2020,28232.23,49163.09,1.74,,0.42158207299695205,0.6012119726290388,0.2723615137428504,5,26.83383440860215,23.578159139784947,31.021853763440863,6.3396688172043,2.5233526881720434,81.55917419354839,0.8133784946236557,0.8111139784946235,16.42652688172043,True,False,True,medium
Nandurbar,Rice,Kharif,2021,30046.07,36090.1,1.2,1.74,0.42158207299695205,0.59097243212533,0.2723615137428504,5,26.606989247311827,23.194488172043016,31.204772043010752,4.941967741935484,3.183793548387097,80.08044301075269,0.7434279569892472,0.750447311827957,15.585789247311828,True,False,True,medium
Nandurbar,Rice,Kharif,2022,24060.25,45479.79,1.89,1.2,0.42158207299695205,0.6044973603531638,0.2723615137428504,5,26.268436559139783,22.88895483870968,30.55306451612903,6.995969892473118,3.015898924731183,81.2285935483871,0.8412795698924731,0.8012602150537635,16.222619354838706,True,False,True,medium
Nandurbar,Rice,Summer,2021,8.0,21.48,2.69,,0.2242141444170161,0.2451526075494458,0.2032756812845865,2,31.640043010752688,24.264989247311824,39.54589247311828,0.9464301075268816,3.265677419354839,41.45770430107527,0.5991935483870967,0.2768655913978495,23.45778494623656,False,False,False,low
Nandurbar,Safflower,Rabi,2020,3.0,1.52,0.51,,0.3752646454027523,0.4433905997015097,0.2653556910609152,5,24.08433087557604,16.524146390168973,33.037596774193545,0.1082064516129032,1.717942857142857,42.005638863287245,0.611032258064516,0.3493044546850998,17.488206758832565,False,False,False,medium
Nandurbar,Safflower,Rabi,2022,35.0,22.26,0.64,0.51,0.3802281101210074,0.4911584640163872,0.2877808646259707,5,22.729909062980028,15.05058341013825,31.76039170506913,0.1520645161290322,1.8226844854070656,45.97745284178187,0.6202451612903226,0.4010394777265745,17.85714731182796,False,False,False,medium
Nandurbar,Sesamum,Kharif,2020,7.5,2.23,0.3,,0.4114655664617643,0.6012119726290388,0.2447657245745562,5,26.83383440860215,23.578159139784947,31.021853763440863,6.3396688172043,2.5233526881720434,81.55917419354839,0.8133784946236557,0.8111139784946235,16.42652688172043,True,False,True,medium
Nandurbar,Sesamum,Kharif,2021,6.7,1.28,0.19,0.3,0.4114655664617643,0.59097243212533,0.2447657245745562,5,26.606989247311827,23.194488172043016,31.204772043010752,4.941967741935484,3.183793548387097,80.08044301075269,0.7434279569892472,0.750447311827957,15.585789247311828,True,False,True,medium
Nandurbar,Sesamum,Kharif,2022,0.58,0.2,0.34,0.19,0.4114655664617643,0.6044973603531638,0.2447657245745562,5,26.268436559139783,22.88895483870968,30.55306451612903,6.995969892473118,3.015898924731183,81.2285935483871,0.8412795698924731,0.8012602150537635,16.222619354838706,True,False,True,medium
Nandurbar,Sesamum,Rabi,2020,2.0,0.74,0.37,,0.3752646454027523,0.4433905997015097,0.2653556910609152,5,24.08433087557604,16.524146390168973,33.037596774193545,0.1082064516129032,1.717942857142857,42.005638863287245,0.611032258064516,0.3493044546850998,17.488206758832565,False,False,False,medium
Nandurbar,Sesamum,Rabi,2021,35.0,25.01,0.71,0.37,0.3662470779950244,0.454151208815824,0.2906963430238516,5,22.964648387096776,15.702081720430106,31.642653149001536,0.2502881720430107,1.8881958525345623,48.70460829493088,0.6228795698924731,0.4033838709677419,17.110937019969278,False,False,False,medium
Nandurbar,Sesamum,Summer,2020,51.4,10.49,0.2,,0.2294327310536882,0.2409866876802218,0.2178787744271547,2,33.27877956989248,24.857091397849462,41.6988870967742,0.016010752688172,3.130983870967742,32.83494623655914,0.59,0.1550806451612903,26.31745698924731,False,False,False,low
Nandurbar,Sesamum,Summer,2021,142.0,21.3,0.15,0.2,0.2242141444170161,0.2451526075494458,0.2032756812845865,2,31.640043010752688,24.264989247311824,39.54589247311828,0.9464301075268816,3.265677419354839,41.45770430107527,0.5991935483870967,0.2768655913978495,23.45778494623656,False,False,False,low
Nandurbar,Sesamum,Summer,2022,129.0,27.0,0.21,0.15,0.2286639575420841,0.2468396316284898,0.2104882834556786,2,32.99284946236559,24.677795698924733,41.93536021505376,0.0019354838709677,3.954483870967742,35.477935483870965,0.5831666666666666,0.1101344086021505,25.50308602150537,False,False,False,low
Nandurbar,Soyabean,Kharif,2020,28383.82,41637.3,1.47,,0.4114655664617643,0.6012119726290388,0.241067837336053,5,26.83383440860215,23.578159139784947,31.021853763440863,6.3396688172043,2.5233526881720434,81.55917419354839,0.8133784946236557,0.8111139784946235,16.42652688172043,True,False,True,medium
Nandurbar,Soyabean,Kharif,2021,29297.75,37055.8,1.26,1.47,0.4114655664617643,0.59097243212533,0.241067837336053,5,26.606989247311827,23.194488172043016,31.204772043010752,4.941967741935484,3.183793548387097,80.08044301075269,0.7434279569892472,0.750447311827957,15.585789247311828,True,False,True,medium
Nandurbar,Soyabean,Kharif,2022,30946.0,47455.0,1.53,1.26,0.4114655664617643,0.6044973603531638,0.241067837336053,5,26.268436559139783,22.88895483870968,30.55306451612903,6.995969892473118,3.015898924731183,81.2285935483871,0.8412795698924731,0.8012602150537635,16.222619354838706,True,False,True,medium
Nandurbar,Soyabean,Summer,2021,681.3,1021.95,1.5,,0.2242141444170161,0.2451526075494458,0.2032756812845865,2,31.640043010752688,24.264989247311824,39.54589247311828,0.9464301075268816,3.265677419354839,41.45770430107527,0.5991935483870967,0.2768655913978495,23.45778494623656,False,False,False,low
Nandurbar,Soyabean,Summer,2022,15.0,22.5,1.5,1.5,0.2286639575420841,0.2468396316284898,0.2104882834556786,2,32.99284946236559,24.677795698924733,41.93536021505376,0.0019354838709677,3.954483870967742,35.477935483870965,0.5831666666666666,0.1101344086021505,25.50308602150537,False,False,False,low
Nandurbar,Sugarcane,Whole Year,2020,17671.0,1318193.19,74.6,,0.3730108423266771,0.6012119726290388,0.20171800959583375,12,26.05232474354221,20.159722222222225,32.96939485230503,2.695022401433692,2.372493542207391,60.20148198615746,0.6937250957854405,0.5377704857248795,18.495943610184156,True,False,True,high
Nandurbar,Sugarcane,Whole Year,2021,23201.0,962023.58,41.46,74.6,0.3730108423266771,0.59097243212533,0.20171800959583375,12,26.300546466973884,20.659672107014845,33.105390232974905,2.3259229390681004,2.613177803379416,59.21984325396826,0.6685958781362006,0.5149189708141321,17.501041346646186,True,False,True,high
Nandurbar,Sugarcane,Whole Year,2022,24042.0,256071.84,85.52,41.46,0.3730108423266771,0.6044973603531638,0.20171800959583375,12,25.983021953405014,20.014853046594983,33.00336264720942,2.955713261648745,2.6701138632872503,59.49363069636456,0.7065931899641577,0.5204180107526882,18.458484511008702,True,False,True,high
Nandurbar,Sunflower,Kharif,2020,61.05,41.66,0.68,,0.4009920640763048,0.6012119726290388,0.2723615137428504,5,26.83383440860215,23.578159139784947,31.021853763440863,6.3396688172043,2.5233526881720434,81.55917419354839,0.8133784946236557,0.8111139784946235,16.42652688172043,True,False,True,medium
Nandurbar,Sunflower,Kharif,2021,83.83,48.06,0.57,0.68,0.4009920640763048,0.59097243212533,0.2723615137428504,5,26.606989247311827,23.194488172043016,31.204772043010752,4.941967741935484,3.183793548387097,80.08044301075269,0.7434279569892472,0.750447311827957,15.585789247311828,True,False,True,medium
Nandurbar,Sunflower,Kharif,2022,116.0,54.0,0.47,0.57,0.4009920640763048,0.6044973603531638,0.2723615137428504,5,26.268436559139783,22.88895483870968,30.55306451612903,6.995969892473118,3.015898924731183,81.2285935483871,0.8412795698924731,0.8012602150537635,16.222619354838706,True,False,True,medium
Nandurbar,Sunflower,Rabi,2020,88.5,34.54,0.39,,0.3752646454027523,0.4433905997015097,0.2653556910609152,5,24.08433087557604,16.524146390168973,33.037596774193545,0.1082064516129032,1.717942857142857,42.005638863287245,0.611032258064516,0.3493044546850998,17.488206758832565,False,False,False,medium
Nandurbar,Sunflower,Rabi,2021,142.19,187.51,1.32,0.39,0.3662470779950244,0.454151208815824,0.2906963430238516,5,22.964648387096776,15.702081720430106,31.642653149001536,0.2502881720430107,1.8881958525345623,48.70460829493088,0.6228795698924731,0.4033838709677419,17.110937019969278,False,False,False,medium
Nandurbar,Sunflower,Rabi,2022,89.35,104.55,1.17,1.32,0.3802281101210074,0.4911584640163872,0.2877808646259707,5,22.729909062980028,15.05058341013825,31.76039170506913,0.1520645161290322,1.8226844854070656,45.97745284178187,0.6202451612903226,0.4010394777265745,17.85714731182796,False,False,False,medium
Nandurbar,Sunflower,Summer,2020,721.33,211.59,0.29,,0.2294327310536882,0.2409866876802218,0.2178787744271547,2,33.27877956989248,24.857091397849462,41.6988870967742,0.016010752688172,3.130983870967742,32.83494623655914,0.59,0.1550806451612903,26.31745698924731,False,False,False,low
Nandurbar,Sunflower,Summer,2021,721.33,665.73,0.92,0.29,0.2242141444170161,0.2451526075494458,0.2032756812845865,2,31.640043010752688,24.264989247311824,39.54589247311828,0.9464301075268816,3.265677419354839,41.45770430107527,0.5991935483870967,0.2768655913978495,23.45778494623656,False,False,False,low
Nandurbar,Sunflower,Summer,2022,144.0,123.0,0.85,0.92,0.2286639575420841,0.2468396316284898,0.2104882834556786,2,32.99284946236559,24.677795698924733,41.93536021505376,0.0019354838709677,3.954483870967742,35.477935483870965,0.5831666666666666,0.1101344086021505,25.50308602150537,False,False,False,low
Nandurbar,Urad,Kharif,2020,12147.85,3915.89,0.32,,0.4114655664617643,0.6012119726290388,0.241067837336053,5,26.83383440860215,23.578159139784947,31.021853763440863,6.3396688172043,2.5233526881720434,81.55917419354839,0.8133784946236557,0.8111139784946235,16.42652688172043,True,False,True,medium
Nandurbar,Urad,Kharif,2021,9455.47,3558.09,0.38,0.32,0.4114655664617643,0.59097243212533,0.241067837336053,5,26.606989247311827,23.194488172043016,31.204772043010752,4.941967741935484,3.183793548387097,80.08044301075269,0.7434279569892472,0.750447311827957,15.585789247311828,True,False,True,medium
Nandurbar,Urad,Kharif,2022,8893.27,3439.92,0.39,0.38,0.4114655664617643,0.6044973603531638,0.241067837336053,5,26.268436559139783,22.88895483870968,30.55306451612903,6.995969892473118,3.015898924731183,81.2285935483871,0.8412795698924731,0.8012602150537635,16.222619354838706,True,False,True,medium
Nandurbar,Urad,Summer,2022,10.6,5.71,0.54,,0.2286639575420841,0.2468396316284898,0.2104882834556786,2,32.99284946236559,24.677795698924733,41.93536021505376,0.0019354838709677,3.954483870967742,35.477935483870965,0.5831666666666666,0.1101344086021505,25.50308602150537,False,False,False,low
Nandurbar,Wheat,Rabi,2020,27830.39,59385.38,2.13,,0.3752646454027523,0.4433905997015097,0.2653556910609152,5,24.08433087557604,16.524146390168973,33.037596774193545,0.1082064516129032,1.717942857142857,42.005638863287245,0.611032258064516,0.3493044546850998,17.488206758832565,False,False,False,medium
Nandurbar,Wheat,Rabi,2021,23635.87,38179.97,1.62,2.13,0.3662470779950244,0.454151208815824,0.2906963430238516,5,22.964648387096776,15.702081720430106,31.642653149001536,0.2502881720430107,1.8881958525345623,48.70460829493088,0.6228795698924731,0.4033838709677419,17.110937019969278,False,False,False,medium
Nandurbar,Wheat,Rabi,2022,26783.15,70212.03,2.62,1.62,0.3802281101210074,0.4911584640163872,0.2877808646259707,5,22.729909062980028,15.05058341013825,31.76039170506913,0.1520645161290322,1.8226844854070656,45.97745284178187,0.6202451612903226,0.4010394777265745,17.85714731182796,False,False,False,medium
Nandurbar,other oilseeds,Kharif,2020,600.0,342.0,0.57,,0.4009920640763048,0.6012119726290388,0.2492406248839314,5,26.83383440860215,23.578159139784947,31.021853763440863,6.3396688172043,2.5233526881720434,81.55917419354839,0.8133784946236557,0.8111139784946235,16.42652688172043,True,False,True,medium
Nandurbar,other oilseeds,Kharif,2021,630.0,327.0,0.52,0.57,0.4009920640763048,0.59097243212533,0.2492406248839314,5,26.606989247311827,23.194488172043016,31.204772043010752,4.941967741935484,3.183793548387097,80.08044301075269,0.7434279569892472,0.750447311827957,15.585789247311828,True,False,True,medium
Nandurbar,other oilseeds,Kharif,2022,354.6,121.77,0.34,0.52,0.4009920640763048,0.6044973603531638,0.2492406248839314,5,26.268436559139783,22.88895483870968,30.55306451612903,6.995969892473118,3.015898924731183,81.2285935483871,0.8412795698924731,0.8012602150537635,16.222619354838706,True,False,True,medium
Nandurbar,other oilseeds,Rabi,2020,2948.0,701.35,0.24,,0.3752646454027523,0.4433905997015097,0.2653556910609152,5,24.08433087557604,16.524146390168973,33.037596774193545,0.1082064516129032,1.717942857142857,42.005638863287245,0.611032258064516,0.3493044546850998,17.488206758832565,False,False,False,medium
Nandurbar,other oilseeds,Rabi,2021,2267.25,754.61,0.33,0.24,0.3662470779950244,0.454151208815824,0.2906963430238516,5,22.964648387096776,15.702081720430106,31.642653149001536,0.2502881720430107,1.8881958525345623,48.70460829493088,0.6228795698924731,0.4033838709677419,17.110937019969278,False,False,False,medium
Nandurbar,other oilseeds,Rabi,2022,2707.02,1018.81,0.38,0.33,0.3802281101210074,0.4911584640163872,0.2877808646259707,5,22.729909062980028,15.05058341013825,31.76039170506913,0.1520645161290322,1.8226844854070656,45.97745284178187,0.6202451612903226,0.4010394777265745,17.85714731182796,False,False,False,medium
Nandurbar,other oilseeds,Summer,2020,6.8,2.96,0.44,,0.2294327310536882,0.2409866876802218,0.2178787744271547,2,33.27877956989248,24.857091397849462,41.6988870967742,0.016010752688172,3.130983870967742,32.83494623655914,0.59,0.1550806451612903,26.31745698924731,False,False,False,low
Nandurbar,other oilseeds,Summer,2022,105.0,62.5,0.6,0.44,0.2286639575420841,0.2468396316284898,0.2104882834556786,2,32.99284946236559,24.677795698924733,41.93536021505376,0.0019354838709677,3.954483870967742,35.477935483870965,0.5831666666666666,0.1101344086021505,25.50308602150537,False,False,False,low
Nashik,Arhar/Tur,Kharif,2020,6220.59,5629.33,0.9,,0.4114655664617643,0.4955676319197269,0.241067837336053,5,24.46543225806452,21.897574193548387,27.87522365591398,13.549748387096772,2.7583010752688173,88.17604516129032,0.9306365591397848,0.9176086021505376,14.540208602150535,True,False,True,medium
Nashik,Arhar/Tur,Kharif,2021,6941.76,4762.05,0.69,0.9,0.4114655664617643,0.4882121252363449,0.241067837336053,5,24.11747741935484,21.50808817204301,27.750043010752687,10.17182365591398,3.148879569892473,87.75033763440861,0.9000752688172042,0.8929483870967742,14.303892473118282,True,False,True,medium
Nashik,Arhar/Tur,Kharif,2022,5939.0,4692.0,0.79,0.69,0.4114655664617643,0.5712580928552405,0.241067837336053,5,24.040836559139784,21.367086021505376,27.798103225806454,15.008068817204304,3.3287505376344084,86.78583440860214,0.902578494623656,0.8708688172043011,14.473808602150536,True,False,True,medium
Nashik,Bajra,Kharif,2020,97598.58,154720.81,1.59,,0.3910617756159833,0.4955676319197269,0.21228181914333283,5,24.46543225806452,21.897574193548387,27.87522365591398,13.549748387096772,2.7583010752688173,88.17604516129032,0.9306365591397848,0.9176086021505376,14.540208602150535,True,False,True,medium
Nashik,Bajra,Kharif,2021,94922.71,118984.91,1.25,1.59,0.3910617756159833,0.4882121252363449,0.21228181914333283,5,24.11747741935484,21.50808817204301,27.750043010752687,10.17182365591398,3.148879569892473,87.75033763440861,0.9000752688172042,0.8929483870967742,14.303892473118282,True,False,True,medium
Nashik,Bajra,Kharif,2022,69662.0,99532.0,1.43,1.25,0.3910617756159833,0.5712580928552405,0.21228181914333283,5,24.040836559139784,21.367086021505376,27.798103225806454,15.008068817204304,3.3287505376344084,86.78583440860214,0.902578494623656,0.8708688172043011,14.473808602150536,True,False,True,medium
Nashik,Bajra,Summer,2021,512.5,466.38,0.91,,0.2291657351639351,0.2422200194986169,0.2161114508292533,2,28.86356451612903,22.409521505376347,36.481967741935485,3.2572096774193544,2.618795698924731,49.82806451612903,0.5984354838709678,0.3419677419354838,22.791870967741936,False,False,False,low
Nashik,Bajra,Summer,2022,3516.15,3199.7,0.91,0.91,0.2426299950602768,0.2722034712727886,0.213056518847765,2,29.912586021505376,22.837290322580643,38.60859677419355,0.1831021505376344,3.3467150537634405,44.12683333333333,0.5619354838709678,0.163021505376344,24.324537634408603,False,False,False,low
Nashik,Cotton(lint),Kharif,2020,66300.0,179100.0,2.7,,0.4114655664617643,0.4955676319197269,0.241067837336053,5,24.46543225806452,21.897574193548387,27.87522365591398,13.549748387096772,2.7583010752688173,88.17604516129032,0.9306365591397848,0.9176086021505376,14.540208602150535,True,False,True,medium
Nashik,Cotton(lint),Kharif,2021,62200.0,125300.0,2.01,2.7,0.4114655664617643,0.4882121252363449,0.241067837336053,5,24.11747741935484,21.50808817204301,27.750043010752687,10.17182365591398,3.148879569892473,87.75033763440861,0.9000752688172042,0.8929483870967742,14.303892473118282,True,False,True,medium
Nashik,Cotton(lint),Kharif,2022,40082.15,112437.26,2.81,2.01,0.4114655664617643,0.5712580928552405,0.241067837336053,5,24.040836559139784,21.367086021505376,27.798103225806454,15.008068817204304,3.3287505376344084,86.78583440860214,0.902578494623656,0.8708688172043011,14.473808602150536,True,False,True,medium
Nashik,Gram,Rabi,2020,64028.1,54036.07,0.84,,0.3563605989756109,0.4110170994804961,0.3009945859824597,5,22.971209984639017,16.540017357910905,31.062774193548385,0.2840536098310292,1.7519772657450077,50.8162371735791,0.6400913978494623,0.4955980030721966,18.38887634408602,False,False,False,medium
Nashik,Gram,Rabi,2021,65088.25,59659.89,0.92,0.84,0.353873878545754,0.3933435924602366,0.3113778691716463,5,22.00575007680491,15.70235529953917,29.993215975422423,0.7080881720430108,1.9459436251920124,55.86209846390169,0.6515125960061444,0.522805683563748,17.766941474654377,False,False,False,medium
Nashik,Gram,Rabi,2022,32439.78,31920.1,0.98,0.92,0.3699266378403812,0.4264135689887936,0.3135039531311858,5,21.894588940092166,15.145267434715825,30.517830568356374,0.1947741935483871,1.993263901689708,49.69321105990783,0.6374462365591398,0.4834061443932412,18.729272043010752,False,False,False,medium
Nashik,Groundnut,Kharif,2020,26727.35,31210.69,1.17,,0.4009920640763048,0.4955676319197269,0.2429167809553046,5,24.46543225806452,21.897574193548387,27.87522365591398,13.549748387096772,2.7583010752688173,88.17604516129032,0.9306365591397848,0.9176086021505376,14.540208602150535,True,False,True,medium
Nashik,Groundnut,Kharif,2021,27208.51,27962.18,1.03,1.17,0.4009920640763048,0.4882121252363449,0.2429167809553046,5,24.11747741935484,21.50808817204301,27.750043010752687,10.17182365591398,3.148879569892473,87.75033763440861,0.9000752688172042,0.8929483870967742,14.303892473118282,True,False,True,medium
Nashik,Groundnut,Kharif,2022,22375.11,26228.1,1.17,1.03,0.4009920640763048,0.5712580928552405,0.2429167809553046,5,24.040836559139784,21.367086021505376,27.798103225806454,15.008068817204304,3.3287505376344084,86.78583440860214,0.902578494623656,0.8708688172043011,14.473808602150536,True,False,True,medium
Nashik,Groundnut,Summer,2020,1213.95,1886.17,1.55,,0.2365143195488169,0.2495640995591493,0.2234645395384845,2,30.357327956989245,22.547370967741934,39.260370967741935,0.1604139784946236,2.709424731182796,41.470274193548384,0.5661666666666667,0.2077795698924731,26.313752688172045,False,False,False,low
Nashik,Groundnut,Summer,2021,1629.67,2445.51,1.5,1.55,0.2291657351639351,0.2422200194986169,0.2161114508292533,2,28.86356451612903,22.409521505376347,36.481967741935485,3.2572096774193544,2.618795698924731,49.82806451612903,0.5984354838709678,0.3419677419354838,22.791870967741936,False,False,False,low
Nashik,Groundnut,Summer,2022,1886.0,3225.0,1.71,1.5,0.2426299950602768,0.2722034712727886,0.213056518847765,2,29.912586021505376,22.837290322580643,38.60859677419355,0.1831021505376344,3.3467150537634405,44.12683333333333,0.5619354838709678,0.163021505376344,24.324537634408603,False,False,False,low
Nashik,Jowar,Kharif,2020,854.2,1306.67,1.53,,0.4114655664617643,0.4955676319197269,0.241067837336053,5,24.46543225806452,21.897574193548387,27.87522365591398,13.549748387096772,2.7583010752688173,88.17604516129032,0.9306365591397848,0.9176086021505376,14.540208602150535,True,False,True,medium
Nashik,Jowar,Kharif,2021,724.39,1060.87,1.46,1.53,0.4114655664617643,0.4882121252363449,0.241067837336053,5,24.11747741935484,21.50808817204301,27.750043010752687,10.17182365591398,3.148879569892473,87.75033763440861,0.9000752688172042,0.8929483870967742,14.303892473118282,True,False,True,medium
Nashik,Jowar,Kharif,2022,695.24,963.6,1.39,1.46,0.4114655664617643,0.5712580928552405,0.241067837336053,5,24.040836559139784,21.367086021505376,27.798103225806454,15.008068817204304,3.3287505376344084,86.78583440860214,0.902578494623656,0.8708688172043011,14.473808602150536,True,False,True,medium
Nashik,Jowar,Rabi,2020,4033.12,3065.25,0.76,,0.3563605989756109,0.4110170994804961,0.3009945859824597,5,22.971209984639017,16.540017357910905,31.062774193548385,0.2840536098310292,1.7519772657450077,50.8162371735791,0.6400913978494623,0.4955980030721966,18.38887634408602,False,False,False,medium
Nashik,Jowar,Rabi,2021,4185.24,3870.01,0.92,0.76,0.353873878545754,0.3933435924602366,0.3113778691716463,5,22.00575007680491,15.70235529953917,29.993215975422423,0.7080881720430108,1.9459436251920124,55.86209846390169,0.6515125960061444,0.522805683563748,17.766941474654377,False,False,False,medium
Nashik,Jowar,Rabi,2022,3233.51,2980.0,0.92,0.92,0.3699266378403812,0.4264135689887936,0.3135039531311858,5,21.894588940092166,15.145267434715825,30.517830568356374,0.1947741935483871,1.993263901689708,49.69321105990783,0.6374462365591398,0.4834061443932412,18.729272043010752,False,False,False,medium
Nashik,Jowar,Summer,2021,75.0,62.36,0.83,,0.2291657351639351,0.2422200194986169,0.2161114508292533,2,28.86356451612903,22.409521505376347,36.481967741935485,3.2572096774193544,2.618795698924731,49.82806451612903,0.5984354838709678,0.3419677419354838,22.791870967741936,False,False,False,low
Nashik,Maize,Kharif,2020,194294.09,856428.92,4.41,,0.4033555229369874,0.4955676319197269,0.2163513167840456,5,24.46543225806452,21.897574193548387,27.87522365591398,13.549748387096772,2.7583010752688173,88.17604516129032,0.9306365591397848,0.9176086021505376,14.540208602150535,True,False,True,medium
Nashik,Maize,Kharif,2021,199792.86,819909.96,4.1,4.41,0.4033555229369874,0.4882121252363449,0.2163513167840456,5,24.11747741935484,21.50808817204301,27.750043010752687,10.17182365591398,3.148879569892473,87.75033763440861,0.9000752688172042,0.8929483870967742,14.303892473118282,True,False,True,medium
Nashik,Maize,Kharif,2022,221779.0,952541.0,4.3,4.1,0.4033555229369874,0.5712580928552405,0.2163513167840456,5,24.040836559139784,21.367086021505376,27.798103225806454,15.008068817204304,3.3287505376344084,86.78583440860214,0.902578494623656,0.8708688172043011,14.473808602150536,True,False,True,medium
Nashik,Maize,Rabi,2020,5455.25,20217.72,3.71,,0.3563605989756109,0.4110170994804961,0.3009945859824597,5,22.971209984639017,16.540017357910905,31.062774193548385,0.2840536098310292,1.7519772657450077,50.8162371735791,0.6400913978494623,0.4955980030721966,18.38887634408602,False,False,False,medium
Nashik,Maize,Rabi,2021,4808.29,25046.38,5.21,3.71,0.353873878545754,0.3933435924602366,0.3113778691716463,5,22.00575007680491,15.70235529953917,29.993215975422423,0.7080881720430108,1.9459436251920124,55.86209846390169,0.6515125960061444,0.522805683563748,17.766941474654377,False,False,False,medium
Nashik,Maize,Rabi,2022,5518.89,25405.66,4.6,5.21,0.3699266378403812,0.4264135689887936,0.3135039531311858,5,21.894588940092166,15.145267434715825,30.517830568356374,0.1947741935483871,1.993263901689708,49.69321105990783,0.6374462365591398,0.4834061443932412,18.729272043010752,False,False,False,medium
Nashik,Maize,Summer,2020,413.42,807.58,1.95,,0.2365143195488169,0.2495640995591493,0.2234645395384845,2,30.357327956989245,22.547370967741934,39.260370967741935,0.1604139784946236,2.709424731182796,41.470274193548384,0.5661666666666667,0.2077795698924731,26.313752688172045,False,False,False,low
Nashik,Maize,Summer,2021,392.01,765.75,1.95,1.95,0.2291657351639351,0.2422200194986169,0.2161114508292533,2,28.86356451612903,22.409521505376347,36.481967741935485,3.2572096774193544,2.618795698924731,49.82806451612903,0.5984354838709678,0.3419677419354838,22.791870967741936,False,False,False,low
Nashik,Maize,Summer,2022,2436.5,5672.85,2.33,1.95,0.2426299950602768,0.2722034712727886,0.213056518847765,2,29.912586021505376,22.837290322580643,38.60859677419355,0.1831021505376344,3.3467150537634405,44.12683333333333,0.5619354838709678,0.163021505376344,24.324537634408603,False,False,False,low
Nashik,Moong(Green Gram),Kharif,2020,9878.56,7010.88,0.71,,0.4114655664617643,0.4955676319197269,0.241067837336053,5,24.46543225806452,21.897574193548387,27.87522365591398,13.549748387096772,2.7583010752688173,88.17604516129032,0.9306365591397848,0.9176086021505376,14.540208602150535,True,False,True,medium
Nashik,Moong(Green Gram),Kharif,2021,10053.85,7366.45,0.73,0.71,0.4114655664617643,0.4882121252363449,0.241067837336053,5,24.11747741935484,21.50808817204301,27.750043010752687,10.17182365591398,3.148879569892473,87.75033763440861,0.9000752688172042,0.8929483870967742,14.303892473118282,True,False,True,medium
Nashik,Moong(Green Gram),Kharif,2022,10352.99,7337.16,0.71,0.73,0.4114655664617643,0.5712580928552405,0.241067837336053,5,24.040836559139784,21.367086021505376,27.798103225806454,15.008068817204304,3.3287505376344084,86.78583440860214,0.902578494623656,0.8708688172043011,14.473808602150536,True,False,True,medium
Nashik,Moong(Green Gram),Summer,2022,1.1,0.2,0.18,,0.2426299950602768,0.2722034712727886,0.213056518847765,2,29.912586021505376,22.837290322580643,38.60859677419355,0.1831021505376344,3.3467150537634405,44.12683333333333,0.5619354838709678,0.163021505376344,24.324537634408603,False,False,False,low
Nashik,Niger seed,Kharif,2020,1766.45,198.48,0.11,,0.4009920640763048,0.4955676319197269,0.2723615137428504,5,24.46543225806452,21.897574193548387,27.87522365591398,13.549748387096772,2.7583010752688173,88.17604516129032,0.9306365591397848,0.9176086021505376,14.540208602150535,True,False,True,medium
Nashik,Niger seed,Kharif,2021,1290.43,190.85,0.15,0.11,0.4009920640763048,0.4882121252363449,0.2723615137428504,5,24.11747741935484,21.50808817204301,27.750043010752687,10.17182365591398,3.148879569892473,87.75033763440861,0.9000752688172042,0.8929483870967742,14.303892473118282,True,False,True,medium
Nashik,Niger seed,Kharif,2022,1724.26,546.42,0.32,0.15,0.4009920640763048,0.5712580928552405,0.2723615137428504,5,24.040836559139784,21.367086021505376,27.798103225806454,15.008068817204304,3.3287505376344084,86.78583440860214,0.902578494623656,0.8708688172043011,14.473808602150536,True,False,True,medium
Nashik,Other  Rabi pulses,Rabi,2020,2911.25,1970.92,0.68,,0.3563605989756109,0.4110170994804961,0.3009945859824597,5,22.971209984639017,16.540017357910905,31.062774193548385,0.2840536098310292,1.7519772657450077,50.8162371735791,0.6400913978494623,0.4955980030721966,18.38887634408602,False,False,False,medium
Nashik,Other  Rabi pulses,Rabi,2021,3161.07,1506.06,0.48,0.68,0.353873878545754,0.3933435924602366,0.3113778691716463,5,22.00575007680491,15.70235529953917,29.993215975422423,0.7080881720430108,1.9459436251920124,55.86209846390169,0.6515125960061444,0.522805683563748,17.766941474654377,False,False,False,medium
Nashik,Other  Rabi pulses,Rabi,2022,2914.55,1553.66,0.53,0.48,0.3699266378403812,0.4264135689887936,0.3135039531311858,5,21.894588940092166,15.145267434715825,30.517830568356374,0.1947741935483871,1.993263901689708,49.69321105990783,0.6374462365591398,0.4834061443932412,18.729272043010752,False,False,False,medium
Nashik,Other Cereals,Kharif,2020,11521.75,4032.61,0.35,,0.4009920640763048,0.4955676319197269,0.2537155251933066,5,24.46543225806452,21.897574193548387,27.87522365591398,13.549748387096772,2.7583010752688173,88.17604516129032,0.9306365591397848,0.9176086021505376,14.540208602150535,True,False,True,medium
Nashik,Other Cereals,Kharif,2021,11092.55,3105.91,0.28,0.35,0.4009920640763048,0.4882121252363449,0.2537155251933066,5,24.11747741935484,21.50808817204301,27.750043010752687,10.17182365591398,3.148879569892473,87.75033763440861,0.9000752688172042,0.8929483870967742,14.303892473118282,True,False,True,medium
Nashik,Other Cereals,Kharif,2022,10355.04,5604.15,0.54,0.28,0.4009920640763048,0.5712580928552405,0.2537155251933066,5,24.040836559139784,21.367086021505376,27.798103225806454,15.008068817204304,3.3287505376344084,86.78583440860214,0.902578494623656,0.8708688172043011,14.473808602150536,True,False,True,medium
Nashik,Other Cereals,Rabi,2020,69.0,29.81,0.43,,0.3563605989756109,0.4110170994804961,0.3009945859824597,5,22.971209984639017,16.540017357910905,31.062774193548385,0.2840536098310292,1.7519772657450077,50.8162371735791,0.6400913978494623,0.4955980030721966,18.38887634408602,False,False,False,medium
Nashik,Other Cereals,Rabi,2022,28.2,14.68,0.52,0.43,0.3699266378403812,0.4264135689887936,0.3135039531311858,5,21.894588940092166,15.145267434715825,30.517830568356374,0.1947741935483871,1.993263901689708,49.69321105990783,0.6374462365591398,0.4834061443932412,18.729272043010752,False,False,False,medium
Nashik,Other Cereals,Summer,2020,776.25,734.18,0.95,,0.2365143195488169,0.2495640995591493,0.2234645395384845,2,30.357327956989245,22.547370967741934,39.260370967741935,0.1604139784946236,2.709424731182796,41.470274193548384,0.5661666666666667,0.2077795698924731,26.313752688172045,False,False,False,low
Nashik,Other Kharif pulses,Kharif,2020,3222.91,1982.09,0.62,,0.4009920640763048,0.4955676319197269,0.2537155251933066,5,24.46543225806452,21.897574193548387,27.87522365591398,13.549748387096772,2.7583010752688173,88.17604516129032,0.9306365591397848,0.9176086021505376,14.540208602150535,True,False,True,medium
Nashik,Other Kharif pulses,Kharif,2021,2552.6,867.88,0.34,0.62,0.4009920640763048,0.4882121252363449,0.2537155251933066,5,24.11747741935484,21.50808817204301,27.750043010752687,10.17182365591398,3.148879569892473,87.75033763440861,0.9000752688172042,0.8929483870967742,14.303892473118282,True,False,True,medium
Nashik,Other Kharif pulses,Kharif,2022,2144.0,1016.0,0.47,0.34,0.4009920640763048,0.5712580928552405,0.2537155251933066,5,24.040836559139784,21.367086021505376,27.798103225806454,15.008068817204304,3.3287505376344084,86.78583440860214,0.902578494623656,0.8708688172043011,14.473808602150536,True,False,True,medium
Nashik,Other Summer Pulses,Summer,2022,0.65,0.26,0.4,,0.2426299950602768,0.2722034712727886,0.213056518847765,2,29.912586021505376,22.837290322580643,38.60859677419355,0.1831021505376344,3.3467150537634405,44.12683333333333,0.5619354838709678,0.163021505376344,24.324537634408603,False,False,False,low
Nashik,Ragi,Kharif,2020,21123.13,14695.33,0.7,,0.366957985075254,0.4955676319197269,0.2878671519862098,5,24.46543225806452,21.897574193548387,27.87522365591398,13.549748387096772,2.7583010752688173,88.17604516129032,0.9306365591397848,0.9176086021505376,14.540208602150535,True,False,True,medium
Nashik,Ragi,Kharif,2021,20855.2,16442.24,0.79,0.7,0.366957985075254,0.4882121252363449,0.2878671519862098,5,24.11747741935484,21.50808817204301,27.750043010752687,10.17182365591398,3.148879569892473,87.75033763440861,0.9000752688172042,0.8929483870967742,14.303892473118282,True,False,True,medium
Nashik,Ragi,Kharif,2022,20324.0,24035.0,1.18,0.79,0.366957985075254,0.5712580928552405,0.2878671519862098,5,24.040836559139784,21.367086021505376,27.798103225806454,15.008068817204304,3.3287505376344084,86.78583440860214,0.902578494623656,0.8708688172043011,14.473808602150536,True,False,True,medium
Nashik,Rice,Kharif,2020,76543.71,148821.69,1.94,,0.42158207299695205,0.4955676319197269,0.2723615137428504,5,24.46543225806452,21.897574193548387,27.87522365591398,13.549748387096772,2.7583010752688173,88.17604516129032,0.9306365591397848,0.9176086021505376,14.540208602150535,True,False,True,medium
Nashik,Rice,Kharif,2021,78129.45,134255.58,1.72,1.94,0.42158207299695205,0.4882121252363449,0.2723615137428504,5,24.11747741935484,21.50808817204301,27.750043010752687,10.17182365591398,3.148879569892473,87.75033763440861,0.9000752688172042,0.8929483870967742,14.303892473118282,True,False,True,medium
Nashik,Rice,Kharif,2022,92318.5,230131.55,2.49,1.72,0.42158207299695205,0.5712580928552405,0.2723615137428504,5,24.040836559139784,21.367086021505376,27.798103225806454,15.008068817204304,3.3287505376344084,86.78583440860214,0.902578494623656,0.8708688172043011,14.473808602150536,True,False,True,medium
Nashik,Rice,Summer,2021,6.0,16.11,2.69,,0.2291657351639351,0.2422200194986169,0.2161114508292533,2,28.86356451612903,22.409521505376347,36.481967741935485,3.2572096774193544,2.618795698924731,49.82806451612903,0.5984354838709678,0.3419677419354838,22.791870967741936,False,False,False,low
Nashik,Rice,Summer,2022,11.2,44.3,3.96,2.69,0.2426299950602768,0.2722034712727886,0.213056518847765,2,29.912586021505376,22.837290322580643,38.60859677419355,0.1831021505376344,3.3467150537634405,44.12683333333333,0.5619354838709678,0.163021505376344,24.324537634408603,False,False,False,low
Nashik,Sesamum,Kharif,2020,4.0,1.19,0.3,,0.4114655664617643,0.4955676319197269,0.2447657245745562,5,24.46543225806452,21.897574193548387,27.87522365591398,13.549748387096772,2.7583010752688173,88.17604516129032,0.9306365591397848,0.9176086021505376,14.540208602150535,True,False,True,medium
Nashik,Sesamum,Kharif,2021,2.0,0.38,0.19,0.3,0.4114655664617643,0.4882121252363449,0.2447657245745562,5,24.11747741935484,21.50808817204301,27.750043010752687,10.17182365591398,3.148879569892473,87.75033763440861,0.9000752688172042,0.8929483870967742,14.303892473118282,True,False,True,medium
Nashik,Sesamum,Kharif,2022,1.36,0.46,0.34,0.19,0.4114655664617643,0.5712580928552405,0.2447657245745562,5,24.040836559139784,21.367086021505376,27.798103225806454,15.008068817204304,3.3287505376344084,86.78583440860214,0.902578494623656,0.8708688172043011,14.473808602150536,True,False,True,medium
Nashik,Sesamum,Rabi,2020,22.0,4.74,0.22,,0.3563605989756109,0.4110170994804961,0.3009945859824597,5,22.971209984639017,16.540017357910905,31.062774193548385,0.2840536098310292,1.7519772657450077,50.8162371735791,0.6400913978494623,0.4955980030721966,18.38887634408602,False,False,False,medium
Nashik,Sesamum,Rabi,2021,32.2,23.01,0.71,0.22,0.353873878545754,0.3933435924602366,0.3113778691716463,5,22.00575007680491,15.70235529953917,29.993215975422423,0.7080881720430108,1.9459436251920124,55.86209846390169,0.6515125960061444,0.522805683563748,17.766941474654377,False,False,False,medium
Nashik,Sesamum,Rabi,2022,24.0,8.04,0.34,0.71,0.3699266378403812,0.4264135689887936,0.3135039531311858,5,21.894588940092166,15.145267434715825,30.517830568356374,0.1947741935483871,1.993263901689708,49.69321105990783,0.6374462365591398,0.4834061443932412,18.729272043010752,False,False,False,medium
Nashik,Soyabean,Kharif,2020,79572.68,155655.88,1.96,,0.4114655664617643,0.4955676319197269,0.241067837336053,5,24.46543225806452,21.897574193548387,27.87522365591398,13.549748387096772,2.7583010752688173,88.17604516129032,0.9306365591397848,0.9176086021505376,14.540208602150535,True,False,True,medium
Nashik,Soyabean,Kharif,2021,86434.52,156385.97,1.81,1.96,0.4114655664617643,0.4882121252363449,0.241067837336053,5,24.11747741935484,21.50808817204301,27.750043010752687,10.17182365591398,3.148879569892473,87.75033763440861,0.9000752688172042,0.8929483870967742,14.303892473118282,True,False,True,medium
Nashik,Soyabean,Kharif,2022,103459.0,178436.0,1.72,1.81,0.4114655664617643,0.5712580928552405,0.241067837336053,5,24.040836559139784,21.367086021505376,27.798103225806454,15.008068817204304,3.3287505376344084,86.78583440860214,0.902578494623656,0.8708688172043011,14.473808602150536,True,False,True,medium
Nashik,Soyabean,Summer,2021,351.65,527.48,1.5,,0.2291657351639351,0.2422200194986169,0.2161114508292533,2,28.86356451612903,22.409521505376347,36.481967741935485,3.2572096774193544,2.618795698924731,49.82806451612903,0.5984354838709678,0.3419677419354838,22.791870967741936,False,False,False,low
Nashik,Soyabean,Summer,2022,29.7,44.55,1.5,1.5,0.2426299950602768,0.2722034712727886,0.213056518847765,2,29.912586021505376,22.837290322580643,38.60859677419355,0.1831021505376344,3.3467150537634405,44.12683333333333,0.5619354838709678,0.163021505376344,24.324537634408603,False,False,False,low
Nashik,Sugarcane,Whole Year,2020,14366.0,1623785.2,113.03,,0.3730108423266771,0.4955676319197269,0.20171800959583375,12,24.27271730935607,19.15082838956865,30.63490844765789,5.745834229390681,2.446015912742553,67.13969184896798,0.7509174391298975,0.6288223952539859,18.173537881596832,True,False,True,high
Nashik,Sugarcane,Whole Year,2021,20923.0,1603003.29,76.61,113.03,0.3730108423266771,0.4882121252363449,0.20171800959583375,12,24.40716545058884,19.689834293394775,30.430846774193544,5.118865527393752,2.5110514592933946,67.02657283666156,0.7441796594982079,0.6401640424987199,17.141515681003586,True,False,True,high
Nashik,Sugarcane,Whole Year,2022,30965.0,2836084.35,91.59,76.61,0.3730108423266771,0.5712580928552405,0.20171800959583375,12,24.11201862519201,19.02537922427036,30.651179595494117,6.324201612903226,2.7390024961597543,65.51140841013824,0.7385836533538147,0.6033572068612391,17.87518887608807,True,False,True,high
Nashik,Sunflower,Kharif,2020,26.0,17.75,0.68,,0.4009920640763048,0.4955676319197269,0.2723615137428504,5,24.46543225806452,21.897574193548387,27.87522365591398,13.549748387096772,2.7583010752688173,88.17604516129032,0.9306365591397848,0.9176086021505376,14.540208602150535,True,False,True,medium
Nashik,Sunflower,Summer,2021,3.0,2.77,0.92,,0.2291657351639351,0.2422200194986169,0.2161114508292533,2,28.86356451612903,22.409521505376347,36.481967741935485,3.2572096774193544,2.618795698924731,49.82806451612903,0.5984354838709678,0.3419677419354838,22.791870967741936,False,False,False,low
Nashik,Sunflower,Summer,2022,15.0,13.0,0.87,0.92,0.2426299950602768,0.2722034712727886,0.213056518847765,2,29.912586021505376,22.837290322580643,38.60859677419355,0.1831021505376344,3.3467150537634405,44.12683333333333,0.5619354838709678,0.163021505376344,24.324537634408603,False,False,False,low
Nashik,Urad,Kharif,2020,5410.85,3317.12,0.61,,0.4114655664617643,0.4955676319197269,0.241067837336053,5,24.46543225806452,21.897574193548387,27.87522365591398,13.549748387096772,2.7583010752688173,88.17604516129032,0.9306365591397848,0.9176086021505376,14.540208602150535,True,False,True,medium
Nashik,Urad,Kharif,2021,5027.15,3577.32,0.71,0.61,0.4114655664617643,0.4882121252363449,0.241067837336053,5,24.11747741935484,21.50808817204301,27.750043010752687,10.17182365591398,3.148879569892473,87.75033763440861,0.9000752688172042,0.8929483870967742,14.303892473118282,True,False,True,medium
Nashik,Urad,Kharif,2022,5322.64,4817.52,0.91,0.71,0.4114655664617643,0.5712580928552405,0.241067837336053,5,24.040836559139784,21.367086021505376,27.798103225806454,15.008068817204304,3.3287505376344084,86.78583440860214,0.902578494623656,0.8708688172043011,14.473808602150536,True,False,True,medium
Nashik,Urad,Summer,2022,15.6,8.41,0.54,,0.2426299950602768,0.2722034712727886,0.213056518847765,2,29.912586021505376,22.837290322580643,38.60859677419355,0.1831021505376344,3.3467150537634405,44.12683333333333,0.5619354838709678,0.163021505376344,24.324537634408603,False,False,False,low
Nashik,Wheat,Rabi,2020,86328.16,167199.07,1.94,,0.3563605989756109,0.4110170994804961,0.3009945859824597,5,22.971209984639017,16.540017357910905,31.062774193548385,0.2840536098310292,1.7519772657450077,50.8162371735791,0.6400913978494623,0.4955980030721966,18.38887634408602,False,False,False,medium
Nashik,Wheat,Rabi,2021,85635.85,166600.26,1.95,1.94,0.353873878545754,0.3933435924602366,0.3113778691716463,5,22.00575007680491,15.70235529953917,29.993215975422423,0.7080881720430108,1.9459436251920124,55.86209846390169,0.6515125960061444,0.522805683563748,17.766941474654377,False,False,False,medium
Nashik,Wheat,Rabi,2022,75975.55,193456.54,2.55,1.95,0.3699266378403812,0.4264135689887936,0.3135039531311858,5,21.894588940092166,15.145267434715825,30.517830568356374,0.1947741935483871,1.993263901689708,49.69321105990783,0.6374462365591398,0.4834061443932412,18.729272043010752,False,False,False,medium
Nashik,other oilseeds,Kharif,2020,49.2,27.06,0.55,,0.4009920640763048,0.4955676319197269,0.2492406248839314,5,24.46543225806452,21.897574193548387,27.87522365591398,13.549748387096772,2.7583010752688173,88.17604516129032,0.9306365591397848,0.9176086021505376,14.540208602150535,True,False,True,medium
Nashik,other oilseeds,Kharif,2021,5.0,1.0,0.2,0.55,0.4009920640763048,0.4882121252363449,0.2492406248839314,5,24.11747741935484,21.50808817204301,27.750043010752687,10.17182365591398,3.148879569892473,87.75033763440861,0.9000752688172042,0.8929483870967742,14.303892473118282,True,False,True,medium
Nashik,other oilseeds,Kharif,2022,24.75,11.27,0.46,0.2,0.4009920640763048,0.5712580928552405,0.2492406248839314,5,24.040836559139784,21.367086021505376,27.798103225806454,15.008068817204304,3.3287505376344084,86.78583440860214,0.902578494623656,0.8708688172043011,14.473808602150536,True,False,True,medium
Nashik,other oilseeds,Rabi,2020,14.8,2.77,0.19,,0.3563605989756109,0.4110170994804961,0.3009945859824597,5,22.971209984639017,16.540017357910905,31.062774193548385,0.2840536098310292,1.7519772657450077,50.8162371735791,0.6400913978494623,0.4955980030721966,18.38887634408602,False,False,False,medium
Nashik,other oilseeds,Rabi,2021,185.0,52.44,0.28,0.19,0.353873878545754,0.3933435924602366,0.3113778691716463,5,22.00575007680491,15.70235529953917,29.993215975422423,0.7080881720430108,1.9459436251920124,55.86209846390169,0.6515125960061444,0.522805683563748,17.766941474654377,False,False,False,medium
Nashik,other oilseeds,Rabi,2022,18.2,5.39,0.3,0.28,0.3699266378403812,0.4264135689887936,0.3135039531311858,5,21.894588940092166,15.145267434715825,30.517830568356374,0.1947741935483871,1.993263901689708,49.69321105990783,0.6374462365591398,0.4834061443932412,18.729272043010752,False,False,False,medium
Nashik,other oilseeds,Summer,2022,1.0,0.59,0.59,,0.2426299950602768,0.2722034712727886,0.213056518847765,2,29.912586021505376,22.837290322580643,38.60859677419355,0.1831021505376344,3.3467150537634405,44.12683333333333,0.5619354838709678,0.163021505376344,24.324537634408603,False,False,False,low
Palghar,Arhar/Tur,Kharif,2020,2486.2,1645.86,0.66,,0.4114655664617643,0.5860179711704641,0.241067837336053,5,26.82160430107527,24.61561720430107,29.709795698924733,19.08461075268817,2.554705376344086,87.8135806451613,0.9392602150537634,0.9253225806451614,14.540208602150535,True,True,True,medium
Palghar,Arhar/Tur,Kharif,2021,2903.3,1746.34,0.6,0.66,0.4114655664617643,0.5860179711704641,0.241067837336053,5,26.454109677419357,24.205701075268816,29.40199784946236,16.668191397849462,2.6445634408602148,87.86229677419355,0.9571677419354838,0.9384021505376344,14.303892473118282,True,True,True,medium
Palghar,Arhar/Tur,Kharif,2022,2903.0,1865.0,0.64,0.6,0.4114655664617643,0.5860179711704641,0.241067837336053,5,26.38395698924732,24.037466666666667,29.574967741935485,19.12029032258065,2.946030107526881,86.32974838709677,0.9107440860215054,0.8836559139784945,14.473808602150536,True,True,True,medium
Palghar,Gram,Rabi,2020,1008.7,924.63,0.92,,0.39860682211789794,0.47964805913657504,0.28734854097428925,5,25.74732350230415,19.419692012288788,34.14161152073733,0.2273250384024577,1.8745516129032256,51.6121316436252,0.6147519201228879,0.460173732718894,18.38887634408602,True,True,True,medium
Palghar,Gram,Rabi,2021,1008.7,926.69,0.92,0.92,0.39860682211789794,0.47964805913657504,0.28734854097428925,5,24.637469431643627,18.455852380952383,32.685562980030724,0.7792606758832565,1.9471615975422427,58.42578540706605,0.6356294930875576,0.5101906298003073,17.766941474654377,True,True,True,medium
Palghar,Gram,Rabi,2022,2009.06,1739.91,0.87,0.92,0.39860682211789794,0.47964805913657504,0.28734854097428925,5,25.034031029185872,18.42929892473118,33.77447142857143,0.1342425499231951,2.1071514592933944,48.657941013824896,0.6068878648233487,0.4326585253456221,18.729272043010752,True,True,True,medium
Palghar,Groundnut,Kharif,2020,30.0,28.1,0.94,,0.4009920640763048,0.5712580928552405,0.2429167809553046,5,26.82160430107527,24.61561720430107,29.709795698924733,19.08461075268817,2.554705376344086,87.8135806451613,0.9392602150537634,0.9253225806451614,14.540208602150535,True,True,True,medium
Palghar,Groundnut,Kharif,2021,22.1,19.29,0.87,0.94,0.4009920640763048,0.5712580928552405,0.2429167809553046,5,26.454109677419357,24.205701075268816,29.40199784946236,16.668191397849462,2.6445634408602148,87.86229677419355,0.9571677419354838,0.9384021505376344,14.303892473118282,True,True,True,medium
Palghar,Groundnut,Kharif,2022,22.1,20.29,0.92,0.87,0.4009920640763048,0.5712580928552405,0.2429167809553046,5,26.38395698924732,24.037466666666667,29.574967741935485,19.12029032258065,2.946030107526881,86.32974838709677,0.9107440860215054,0.8836559139784945,14.473808602150536,True,True,True,medium
Palghar,Jowar,Rabi,2022,516.95,345.9,0.67,,0.3906892162962018,0.4783299601592158,0.2856978455086197,5,25.034031029185872,18.42929892473118,33.77447142857143,0.1342425499231951,2.1071514592933944,48.657941013824896,0.6068878648233487,0.4326585253456221,18.729272043010752,True,True,True,medium
Palghar,Maize,Rabi,2021,28.1,69.23,2.46,,0.3998992582925255,0.481942353720542,0.2906963430238516,5,24.637469431643627,18.455852380952383,32.685562980030724,0.7792606758832565,1.9471615975422427,58.42578540706605,0.6356294930875576,0.5101906298003073,17.766941474654377,True,True,True,medium
Palghar,Maize,Rabi,2022,12.1,33.26,2.75,2.46,0.3998992582925255,0.481942353720542,0.2906963430238516,5,25.034031029185872,18.42929892473118,33.77447142857143,0.1342425499231951,2.1071514592933944,48.657941013824896,0.6068878648233487,0.4326585253456221,18.729272043010752,True,True,True,medium
Palghar,Maize,Summer,2021,12.0,24.01,2.0,,0.22950054548273405,0.24981985746174978,0.2097347354829065,2,30.904720430107528,25.38971505376344,38.06376344086021,5.309596774193548,2.4135430107526883,56.53243010752688,0.5761290322580646,0.3401021505376344,22.791870967741936,True,True,True,low
Palghar,Moong(Green Gram),Kharif,2020,43.0,15.63,0.36,,0.4114655664617643,0.581686613461441,0.241067837336053,5,26.82160430107527,24.61561720430107,29.709795698924733,19.08461075268817,2.554705376344086,87.8135806451613,0.9392602150537634,0.9253225806451614,14.540208602150535,True,True,True,medium
Palghar,Moong(Green Gram),Kharif,2021,15.0,9.53,0.64,0.36,0.4114655664617643,0.581686613461441,0.241067837336053,5,26.454109677419357,24.205701075268816,29.40199784946236,16.668191397849462,2.6445634408602148,87.86229677419355,0.9571677419354838,0.9384021505376344,14.303892473118282,True,True,True,medium
Palghar,Niger seed,Kharif,2020,461.0,51.82,0.11,,0.4009920640763048,0.5530677485685076,0.2723615137428504,5,26.82160430107527,24.61561720430107,29.709795698924733,19.08461075268817,2.554705376344086,87.8135806451613,0.9392602150537634,0.9253225806451614,14.540208602150535,True,True,True,medium
Palghar,Niger seed,Kharif,2021,461.0,78.88,0.17,0.11,0.4009920640763048,0.5530677485685076,0.2723615137428504,5,26.454109677419357,24.205701075268816,29.40199784946236,16.668191397849462,2.6445634408602148,87.86229677419355,0.9571677419354838,0.9384021505376344,14.303892473118282,True,True,True,medium
Palghar,Niger seed,Kharif,2022,1544.82,704.46,0.46,0.17,0.4009920640763048,0.5530677485685076,0.2723615137428504,5,26.38395698924732,24.037466666666667,29.574967741935485,19.12029032258065,2.946030107526881,86.32974838709677,0.9107440860215054,0.8836559139784945,14.473808602150536,True,True,True,medium
Palghar,Other  Rabi pulses,Rabi,2020,3044.2,2280.11,0.75,,0.3924539928430778,0.4748234892099104,0.295596447007373,5,25.74732350230415,19.419692012288788,34.14161152073733,0.2273250384024577,1.8745516129032256,51.6121316436252,0.6147519201228879,0.460173732718894,18.38887634408602,True,True,True,medium
Palghar,Other  Rabi pulses,Rabi,2021,3246.89,2467.64,0.76,0.75,0.3924539928430778,0.4748234892099104,0.295596447007373,5,24.637469431643627,18.455852380952383,32.685562980030724,0.7792606758832565,1.9471615975422427,58.42578540706605,0.6356294930875576,0.5101906298003073,17.766941474654377,True,True,True,medium
Palghar,Other  Rabi pulses,Rabi,2022,2751.32,1912.17,0.69,0.76,0.3924539928430778,0.4748234892099104,0.295596447007373,5,25.034031029185872,18.42929892473118,33.77447142857143,0.1342425499231951,2.1071514592933944,48.657941013824896,0.6068878648233487,0.4326585253456221,18.729272043010752,True,True,True,medium
Palghar,Other Cereals,Kharif,2020,6733.0,3629.09,0.54,,0.4009920640763048,0.5848585114424089,0.2537155251933066,5,26.82160430107527,24.61561720430107,29.709795698924733,19.08461075268817,2.554705376344086,87.8135806451613,0.9392602150537634,0.9253225806451614,14.540208602150535,True,True,True,medium
Palghar,Other Cereals,Kharif,2021,7783.12,4195.1,0.54,0.54,0.4009920640763048,0.5848585114424089,0.2537155251933066,5,26.454109677419357,24.205701075268816,29.40199784946236,16.668191397849462,2.6445634408602148,87.86229677419355,0.9571677419354838,0.9384021505376344,14.303892473118282,True,True,True,medium
Palghar,Other Cereals,Kharif,2022,8281.83,4463.91,0.54,0.54,0.4009920640763048,0.5848585114424089,0.2537155251933066,5,26.38395698924732,24.037466666666667,29.574967741935485,19.12029032258065,2.946030107526881,86.32974838709677,0.9107440860215054,0.8836559139784945,14.473808602150536,True,True,True,medium
Palghar,Other Cereals,Rabi,2021,2.2,2.29,1.04,,0.38967110806170624,0.47438113412596555,0.2946701834944748,5,24.637469431643627,18.455852380952383,32.685562980030724,0.7792606758832565,1.9471615975422427,58.42578540706605,0.6356294930875576,0.5101906298003073,17.766941474654377,True,True,True,medium
Palghar,Other Cereals,Rabi,2022,518.15,497.42,0.96,1.04,0.38967110806170624,0.47438113412596555,0.2946701834944748,5,25.034031029185872,18.42929892473118,33.77447142857143,0.1342425499231951,2.1071514592933944,48.657941013824896,0.6068878648233487,0.4326585253456221,18.729272043010752,True,True,True,medium
Palghar,Other Kharif pulses,Kharif,2020,252.0,135.83,0.54,,0.4009920640763048,0.5860179711704641,0.2537155251933066,5,26.82160430107527,24.61561720430107,29.709795698924733,19.08461075268817,2.554705376344086,87.8135806451613,0.9392602150537634,0.9253225806451614,14.540208602150535,True,True,True,medium
Palghar,Other Kharif pulses,Kharif,2021,462.78,249.44,0.54,0.54,0.4009920640763048,0.5860179711704641,0.2537155251933066,5,26.454109677419357,24.205701075268816,29.40199784946236,16.668191397849462,2.6445634408602148,87.86229677419355,0.9571677419354838,0.9384021505376344,14.303892473118282,True,True,True,medium
Palghar,Other Kharif pulses,Kharif,2022,518.0,279.0,0.54,0.54,0.4009920640763048,0.5860179711704641,0.2537155251933066,5,26.38395698924732,24.037466666666667,29.574967741935485,19.12029032258065,2.946030107526881,86.32974838709677,0.9107440860215054,0.8836559139784945,14.473808602150536,True,True,True,medium
Palghar,Ragi,Kharif,2020,13004.0,8974.65,0.69,,0.366957985075254,0.5325489343282269,0.2878671519862098,5,26.82160430107527,24.61561720430107,29.709795698924733,19.08461075268817,2.554705376344086,87.8135806451613,0.9392602150537634,0.9253225806451614,14.540208602150535,True,True,True,medium
Palghar,Ragi,Kharif,2021,12997.56,9644.19,0.74,0.69,0.366957985075254,0.5325489343282269,0.2878671519862098,5,26.454109677419357,24.205701075268816,29.40199784946236,16.668191397849462,2.6445634408602148,87.86229677419355,0.9571677419354838,0.9384021505376344,14.303892473118282,True,True,True,medium
Palghar,Ragi,Kharif,2022,12487.0,11001.0,0.88,0.74,0.366957985075254,0.5325489343282269,0.2878671519862098,5,26.38395698924732,24.037466666666667,29.574967741935485,19.12029032258065,2.946030107526881,86.32974838709677,0.9107440860215054,0.8836559139784945,14.473808602150536,True,True,True,medium
Palghar,Rice,Kharif,2020,76714.3,144869.52,1.89,,0.42158207299695205,0.5673029612997963,0.2723615137428504,5,26.82160430107527,24.61561720430107,29.709795698924733,19.08461075268817,2.554705376344086,87.8135806451613,0.9392602150537634,0.9253225806451614,14.540208602150535,True,True,True,medium
Palghar,Rice,Kharif,2021,76716.77,163879.92,2.14,1.89,0.42158207299695205,0.5673029612997963,0.2723615137428504,5,26.454109677419357,24.205701075268816,29.40199784946236,16.668191397849462,2.6445634408602148,87.86229677419355,0.9571677419354838,0.9384021505376344,14.303892473118282,True,True,True,medium
Palghar,Rice,Kharif,2022,77137.04,183240.0,2.38,2.14,0.42158207299695205,0.5673029612997963,0.2723615137428504,5,26.38395698924732,24.037466666666667,29.574967741935485,19.12029032258065,2.946030107526881,86.32974838709677,0.9107440860215054,0.8836559139784945,14.473808602150536,True,True,True,medium
Palghar,Rice,Summer,2020,1324.8,3006.95,2.27,,0.2661380746558501,0.2781900096589682,0.2604919607988918,2,32.03881182795699,25.405129032258067,40.65387096774194,0.1588225806451613,2.5731827956989246,52.03559139784946,0.53,0.193768817204301,26.313752688172045,True,True,True,low
Palghar,Rice,Summer,2021,1324.8,2810.21,2.12,2.27,0.2661380746558501,0.2781900096589682,0.2604919607988918,2,30.904720430107528,25.38971505376344,38.06376344086021,5.309596774193548,2.4135430107526883,56.53243010752688,0.5761290322580646,0.3401021505376344,22.791870967741936,True,True,True,low
Palghar,Rice,Summer,2022,1788.48,7073.45,3.96,2.12,0.2661380746558501,0.2781900096589682,0.2604919607988918,2,31.52154838709677,25.601876344086023,39.5778817204301,0.3073279569892473,2.812215053763441,54.927048387096775,0.5317741935483871,0.1996989247311827,24.324537634408603,True,True,True,low
Palghar,Sesamum,Kharif,2020,42.0,12.46,0.3,,0.4114655664617643,0.5751659810451921,0.2447657245745562,5,26.82160430107527,24.61561720430107,29.709795698924733,19.08461075268817,2.554705376344086,87.8135806451613,0.9392602150537634,0.9253225806451614,14.540208602150535,True,True,True,medium
Palghar,Sesamum,Kharif,2021,42.0,8.02,0.19,0.3,0.4114655664617643,0.5751659810451921,0.2447657245745562,5,26.454109677419357,24.205701075268816,29.40199784946236,16.668191397849462,2.6445634408602148,87.86229677419355,0.9571677419354838,0.9384021505376344,14.303892473118282,True,True,True,medium
Palghar,Sesamum,Kharif,2022,14.0,4.78,0.34,0.19,0.4114655664617643,0.5751659810451921,0.2447657245745562,5,26.38395698924732,24.037466666666667,29.574967741935485,19.12029032258065,2.946030107526881,86.32974838709677,0.9107440860215054,0.8836559139784945,14.473808602150536,True,True,True,medium
Palghar,Sesamum,Rabi,2020,549.6,210.5,0.38,,0.3924539928430778,0.4748234892099104,0.2906963430238516,5,25.74732350230415,19.419692012288788,34.14161152073733,0.2273250384024577,1.8745516129032256,51.6121316436252,0.6147519201228879,0.460173732718894,18.38887634408602,True,True,True,medium
Palghar,Sesamum,Rabi,2021,546.05,390.15,0.71,0.38,0.3924539928430778,0.4748234892099104,0.2906963430238516,5,24.637469431643627,18.455852380952383,32.685562980030724,0.7792606758832565,1.9471615975422427,58.42578540706605,0.6356294930875576,0.5101906298003073,17.766941474654377,True,True,True,medium
Palghar,Sesamum,Rabi,2022,573.68,192.18,0.34,0.71,0.3924539928430778,0.4748234892099104,0.2906963430238516,5,25.034031029185872,18.42929892473118,33.77447142857143,0.1342425499231951,2.1071514592933944,48.657941013824896,0.6068878648233487,0.4326585253456221,18.729272043010752,True,True,True,medium
Palghar,Sunflower,Rabi,2020,3.0,1.17,0.39,,0.3817281405661875,0.4563042968723024,0.2936950758736076,5,25.74732350230415,19.419692012288788,34.14161152073733,0.2273250384024577,1.8745516129032256,51.6121316436252,0.6147519201228879,0.460173732718894,18.38887634408602,True,True,True,medium
Palghar,Sunflower,Rabi,2021,38.4,50.64,1.32,0.39,0.3817281405661875,0.4563042968723024,0.2936950758736076,5,24.637469431643627,18.455852380952383,32.685562980030724,0.7792606758832565,1.9471615975422427,58.42578540706605,0.6356294930875576,0.5101906298003073,17.766941474654377,True,True,True,medium
Palghar,Urad,Kharif,2020,3222.6,1019.56,0.32,,0.4114655664617643,0.5860179711704641,0.241067837336053,5,26.82160430107527,24.61561720430107,29.709795698924733,19.08461075268817,2.554705376344086,87.8135806451613,0.9392602150537634,0.9253225806451614,14.540208602150535,True,True,True,medium
Palghar,Urad,Kharif,2021,3206.6,1579.89,0.49,0.32,0.4114655664617643,0.5860179711704641,0.241067837336053,5,26.454109677419357,24.205701075268816,29.40199784946236,16.668191397849462,2.6445634408602148,87.86229677419355,0.9571677419354838,0.9384021505376344,14.303892473118282,True,True,True,medium
Palghar,Urad,Kharif,2022,2892.0,1276.82,0.44,0.49,0.4114655664617643,0.5860179711704641,0.241067837336053,5,26.38395698924732,24.037466666666667,29.574967741935485,19.12029032258065,2.946030107526881,86.32974838709677,0.9107440860215054,0.8836559139784945,14.473808602150536,True,True,True,medium
Palghar,Wheat,Rabi,2020,22.3,27.14,1.22,,0.3924539928430778,0.4748234892099104,0.2864934089399792,5,25.74732350230415,19.419692012288788,34.14161152073733,0.2273250384024577,1.8745516129032256,51.6121316436252,0.6147519201228879,0.460173732718894,18.38887634408602,True,True,True,medium
Palghar,Wheat,Rabi,2021,22.3,31.23,1.4,1.22,0.3924539928430778,0.4748234892099104,0.2864934089399792,5,24.637469431643627,18.455852380952383,32.685562980030724,0.7792606758832565,1.9471615975422427,58.42578540706605,0.6356294930875576,0.5101906298003073,17.766941474654377,True,True,True,medium
Palghar,Wheat,Rabi,2022,12.0,24.16,2.01,1.4,0.3924539928430778,0.4748234892099104,0.2864934089399792,5,25.034031029185872,18.42929892473118,33.77447142857143,0.1342425499231951,2.1071514592933944,48.657941013824896,0.6068878648233487,0.4326585253456221,18.729272043010752,True,True,True,medium
Palghar,other oilseeds,Kharif,2020,184.0,52.44,0.29,,0.4009920640763048,0.5626616548690501,0.2492406248839314,5,26.82160430107527,24.61561720430107,29.709795698924733,19.08461075268817,2.554705376344086,87.8135806451613,0.9392602150537634,0.9253225806451614,14.540208602150535,True,True,True,medium
Palghar,other oilseeds,Kharif,2021,44.0,3.0,0.07,0.29,0.4009920640763048,0.5626616548690501,0.2492406248839314,5,26.454109677419357,24.205701075268816,29.40199784946236,16.668191397849462,2.6445634408602148,87.86229677419355,0.9571677419354838,0.9384021505376344,14.303892473118282,True,True,True,medium
Palghar,other oilseeds,Kharif,2022,2.0,0.57,0.29,0.07,0.4009920640763048,0.5626616548690501,0.2492406248839314,5,26.38395698924732,24.037466666666667,29.574967741935485,19.12029032258065,2.946030107526881,86.32974838709677,0.9107440860215054,0.8836559139784945,14.473808602150536,True,True,True,medium
Palghar,other oilseeds,Rabi,2020,149.69,87.12,0.58,,0.396447493450646,0.4765642646434763,0.2907057108129193,5,25.74732350230415,19.419692012288788,34.14161152073733,0.2273250384024577,1.8745516129032256,51.6121316436252,0.6147519201228879,0.460173732718894,18.38887634408602,True,True,True,medium
Palghar,other oilseeds,Rabi,2021,23.3,13.75,0.59,0.58,0.396447493450646,0.4765642646434763,0.2907057108129193,5,24.637469431643627,18.455852380952383,32.685562980030724,0.7792606758832565,1.9471615975422427,58.42578540706605,0.6356294930875576,0.5101906298003073,17.766941474654377,True,True,True,medium
Palghar,other oilseeds,Rabi,2022,64.15,34.64,0.54,0.59,0.396447493450646,0.4765642646434763,0.2907057108129193,5,25.034031029185872,18.42929892473118,33.77447142857143,0.1342425499231951,2.1071514592933944,48.657941013824896,0.6068878648233487,0.4326585253456221,18.729272043010752,True,True,True,medium
Parbhani,Arhar/Tur,Kharif,2020,46115.15,59386.76,1.29,,0.4247419508868635,0.5866071625130106,0.281225914682585,5,26.50236129032258,23.009051612903228,30.727389247311827,5.28376129032258,2.4367978494623657,79.97358924731182,0.7470473118279569,0.7717032258064516,16.63078064516129,True,False,True,medium
Parbhani,Arhar/Tur,Kharif,2021,48303.58,81241.8,1.68,1.29,0.4247419508868635,0.5898294002092225,0.281225914682585,5,26.14239569892473,22.59784516129032,30.384972043010755,7.172640860215054,2.567894623655914,80.40929032258065,0.8094817204301077,0.827083870967742,16.500088172043007,False,False,False,medium
Parbhani,Arhar/Tur,Kharif,2022,47085.0,42589.0,0.9,1.68,0.4247419508868635,0.6060703499109781,0.281225914682585,5,26.02851827956989,22.50318709677419,30.19625161290323,7.648748387096774,2.763350537634408,80.45628817204302,0.8474301075268817,0.8365569892473118,16.30343655913979,True,False,True,medium
Parbhani,Bajra,Kharif,2020,596.36,374.62,0.63,,0.4247419508868635,0.5866071625130106,0.281225914682585,5,26.50236129032258,23.009051612903228,30.727389247311827,5.28376129032258,2.4367978494623657,79.97358924731182,0.7470473118279569,0.7717032258064516,16.63078064516129,True,False,True,medium
Parbhani,Bajra,Kharif,2021,641.32,318.54,0.5,0.63,0.4247419508868635,0.5898294002092225,0.281225914682585,5,26.14239569892473,22.59784516129032,30.384972043010755,7.172640860215054,2.567894623655914,80.40929032258065,0.8094817204301077,0.827083870967742,16.500088172043007,False,False,False,medium
Parbhani,Bajra,Kharif,2022,84.0,30.0,0.36,0.5,0.4247419508868635,0.6060703499109781,0.281225914682585,5,26.02851827956989,22.50318709677419,30.19625161290323,7.648748387096774,2.763350537634408,80.45628817204302,0.8474301075268817,0.8365569892473118,16.30343655913979,True,False,True,medium
Parbhani,Bajra,Summer,2021,97.8,89.0,0.91,,0.2310359170330002,0.2538129734040205,0.20825886066198,2,32.89558602150537,26.02551612903226,39.625075268817206,0.4812903225806451,2.575543010752688,31.20647311827957,0.5774784946236559,0.2502096774193548,22.324946236559136,False,False,False,low
Parbhani,Bajra,Summer,2022,1046.7,952.5,0.91,0.91,0.2311419154351484,0.2664933175721126,0.1957905132981843,2,34.50285483870968,26.696935483870966,41.88826344086021,0.2605860215053763,2.636688172043011,24.630182795698925,0.572741935483871,0.1772419354838709,23.75121505376344,False,False,False,low
Parbhani,Cotton(lint),Kharif,2020,214400.0,390700.0,1.82,,0.4247419508868635,0.5866071625130106,0.281225914682585,5,26.50236129032258,23.009051612903228,30.727389247311827,5.28376129032258,2.4367978494623657,79.97358924731182,0.7470473118279569,0.7717032258064516,16.63078064516129,True,False,True,medium
Parbhani,Cotton(lint),Kharif,2021,219000.0,396400.0,1.81,1.82,0.4247419508868635,0.5898294002092225,0.281225914682585,5,26.14239569892473,22.59784516129032,30.384972043010755,7.172640860215054,2.567894623655914,80.40929032258065,0.8094817204301077,0.827083870967742,16.500088172043007,False,False,False,medium
Parbhani,Cotton(lint),Kharif,2022,182292.98,533158.21,2.92,1.81,0.4247419508868635,0.6060703499109781,0.281225914682585,5,26.02851827956989,22.50318709677419,30.19625161290323,7.648748387096774,2.763350537634408,80.45628817204302,0.8474301075268817,0.8365569892473118,16.30343655913979,True,False,True,medium
Parbhani,Gram,Rabi,2020,58220.7,52173.54,0.9,,0.423299469662817,0.5316414010301322,0.2994268252904644,5,24.1728623655914,16.931251305683563,32.71457158218126,0.0987658986175115,1.797038095238095,44.4829757296467,0.5979036866359447,0.3690854070660522,17.924488018433177,False,False,False,medium
Parbhani,Gram,Rabi,2021,66551.96,80929.85,1.22,0.9,0.3924539928430778,0.4733382337618441,0.3088631391434857,5,22.9007514592934,16.335157296466974,30.612340092165898,0.1434622119815668,1.843573732718894,55.08916804915515,0.6456013824884792,0.5150537634408601,17.151278955453147,False,False,False,medium
Parbhani,Gram,Rabi,2022,172793.0,210090.37,1.22,1.22,0.4298877661280972,0.5033199565147395,0.3151703116256972,5,23.010445929339475,15.775577880184333,31.306513517665127,0.1023870967741935,1.6314781874039936,49.67013179723502,0.6357130568356375,0.4850961597542242,18.292144546851,False,False,False,medium
Parbhani,Groundnut,Kharif,2020,12.0,5.43,0.45,,0.4247419508868635,0.5866071625130106,0.281225914682585,5,26.50236129032258,23.009051612903228,30.727389247311827,5.28376129032258,2.4367978494623657,79.97358924731182,0.7470473118279569,0.7717032258064516,16.63078064516129,True,False,True,medium
Parbhani,Groundnut,Kharif,2021,9.18,6.76,0.74,0.45,0.4247419508868635,0.5898294002092225,0.281225914682585,5,26.14239569892473,22.59784516129032,30.384972043010755,7.172640860215054,2.567894623655914,80.40929032258065,0.8094817204301077,0.827083870967742,16.500088172043007,False,False,False,medium
Parbhani,Groundnut,Kharif,2022,6.81,4.89,0.72,0.74,0.4247419508868635,0.6060703499109781,0.281225914682585,5,26.02851827956989,22.50318709677419,30.19625161290323,7.648748387096774,2.763350537634408,80.45628817204302,0.8474301075268817,0.8365569892473118,16.30343655913979,True,False,True,medium
Parbhani,Groundnut,Summer,2020,690.49,905.3,1.31,,0.2255898355491785,0.2623632045147935,0.1888164665835636,2,34.51456451612903,26.918989247311828,41.9327311827957,0.1865322580645161,2.563494623655914,25.069940860215056,0.5754193548387097,0.2175376344086021,24.97584946236559,False,False,False,low
Parbhani,Groundnut,Summer,2021,729.11,1287.72,1.77,1.31,0.2310359170330002,0.2538129734040205,0.20825886066198,2,32.89558602150537,26.02551612903226,39.625075268817206,0.4812903225806451,2.575543010752688,31.20647311827957,0.5774784946236559,0.2502096774193548,22.324946236559136,False,False,False,low
Parbhani,Groundnut,Summer,2022,8010.0,11176.0,1.4,1.77,0.2311419154351484,0.2664933175721126,0.1957905132981843,2,34.50285483870968,26.696935483870966,41.88826344086021,0.2605860215053763,2.636688172043011,24.630182795698925,0.572741935483871,0.1772419354838709,23.75121505376344,False,False,False,low
Parbhani,Jowar,Kharif,2020,5089.5,2315.86,0.46,,0.4247419508868635,0.5866071625130106,0.281225914682585,5,26.50236129032258,23.009051612903228,30.727389247311827,5.28376129032258,2.4367978494623657,79.97358924731182,0.7470473118279569,0.7717032258064516,16.63078064516129,True,False,True,medium
Parbhani,Jowar,Kharif,2021,6446.4,2555.35,0.4,0.46,0.4247419508868635,0.5898294002092225,0.281225914682585,5,26.14239569892473,22.59784516129032,30.384972043010755,7.172640860215054,2.567894623655914,80.40929032258065,0.8094817204301077,0.827083870967742,16.500088172043007,False,False,False,medium
Parbhani,Jowar,Kharif,2022,3813.35,2723.5,0.71,0.4,0.4247419508868635,0.6060703499109781,0.281225914682585,5,26.02851827956989,22.50318709677419,30.19625161290323,7.648748387096774,2.763350537634408,80.45628817204302,0.8474301075268817,0.8365569892473118,16.30343655913979,True,False,True,medium
Parbhani,Jowar,Rabi,2020,111961.0,139254.58,1.24,,0.423299469662817,0.5316414010301322,0.2994268252904644,5,24.1728623655914,16.931251305683563,32.71457158218126,0.0987658986175115,1.797038095238095,44.4829757296467,0.5979036866359447,0.3690854070660522,17.924488018433177,False,False,False,medium
Parbhani,Jowar,Rabi,2021,114388.45,141579.73,1.24,1.24,0.3924539928430778,0.4733382337618441,0.3088631391434857,5,22.9007514592934,16.335157296466974,30.612340092165898,0.1434622119815668,1.843573732718894,55.08916804915515,0.6456013824884792,0.5150537634408601,17.151278955453147,False,False,False,medium
Parbhani,Jowar,Rabi,2022,85722.0,111689.77,1.3,1.24,0.4298877661280972,0.5033199565147395,0.3151703116256972,5,23.010445929339475,15.775577880184333,31.306513517665127,0.1023870967741935,1.6314781874039936,49.67013179723502,0.6357130568356375,0.4850961597542242,18.292144546851,False,False,False,medium
Parbhani,Jowar,Summer,2021,103.6,86.14,0.83,,0.2310359170330002,0.2538129734040205,0.20825886066198,2,32.89558602150537,26.02551612903226,39.625075268817206,0.4812903225806451,2.575543010752688,31.20647311827957,0.5774784946236559,0.2502096774193548,22.324946236559136,False,False,False,low
Parbhani,Jowar,Summer,2022,182.0,151.32,0.83,0.83,0.2311419154351484,0.2664933175721126,0.1957905132981843,2,34.50285483870968,26.696935483870966,41.88826344086021,0.2605860215053763,2.636688172043011,24.630182795698925,0.572741935483871,0.1772419354838709,23.75121505376344,False,False,False,low
Parbhani,Linseed,Rabi,2020,26.0,15.6,0.6,,0.423299469662817,0.5316414010301322,0.2994268252904644,5,24.1728623655914,16.931251305683563,32.71457158218126,0.0987658986175115,1.797038095238095,44.4829757296467,0.5979036866359447,0.3690854070660522,17.924488018433177,False,False,False,medium
Parbhani,Linseed,Rabi,2021,29.47,20.13,0.68,0.6,0.3924539928430778,0.4733382337618441,0.3088631391434857,5,22.9007514592934,16.335157296466974,30.612340092165898,0.1434622119815668,1.843573732718894,55.08916804915515,0.6456013824884792,0.5150537634408601,17.151278955453147,False,False,False,medium
Parbhani,Linseed,Rabi,2022,36.2,16.89,0.47,0.68,0.4298877661280972,0.5033199565147395,0.3151703116256972,5,23.010445929339475,15.775577880184333,31.306513517665127,0.1023870967741935,1.6314781874039936,49.67013179723502,0.6357130568356375,0.4850961597542242,18.292144546851,False,False,False,medium
Parbhani,Maize,Kharif,2020,1035.21,1103.12,1.07,,0.4247419508868635,0.5866071625130106,0.281225914682585,5,26.50236129032258,23.009051612903228,30.727389247311827,5.28376129032258,2.4367978494623657,79.97358924731182,0.7470473118279569,0.7717032258064516,16.63078064516129,True,False,True,medium
Parbhani,Maize,Kharif,2021,1182.58,1013.47,0.86,1.07,0.4247419508868635,0.5898294002092225,0.281225914682585,5,26.14239569892473,22.59784516129032,30.384972043010755,7.172640860215054,2.567894623655914,80.40929032258065,0.8094817204301077,0.827083870967742,16.500088172043007,False,False,False,medium
Parbhani,Maize,Kharif,2022,954.0,941.0,0.99,0.86,0.4247419508868635,0.6060703499109781,0.281225914682585,5,26.02851827956989,22.50318709677419,30.19625161290323,7.648748387096774,2.763350537634408,80.45628817204302,0.8474301075268817,0.8365569892473118,16.30343655913979,True,False,True,medium
Parbhani,Maize,Rabi,2020,1733.0,2235.4,1.29,,0.423299469662817,0.5316414010301322,0.2994268252904644,5,24.1728623655914,16.931251305683563,32.71457158218126,0.0987658986175115,1.797038095238095,44.4829757296467,0.5979036866359447,0.3690854070660522,17.924488018433177,False,False,False,medium
Parbhani,Maize,Rabi,2021,2217.1,4825.52,2.18,1.29,0.3924539928430778,0.4733382337618441,0.3088631391434857,5,22.9007514592934,16.335157296466974,30.612340092165898,0.1434622119815668,1.843573732718894,55.08916804915515,0.6456013824884792,0.5150537634408601,17.151278955453147,False,False,False,medium
Parbhani,Maize,Rabi,2022,1339.0,2647.13,1.98,2.18,0.4298877661280972,0.5033199565147395,0.3151703116256972,5,23.010445929339475,15.775577880184333,31.306513517665127,0.1023870967741935,1.6314781874039936,49.67013179723502,0.6357130568356375,0.4850961597542242,18.292144546851,False,False,False,medium
Parbhani,Maize,Summer,2020,762.86,531.41,0.7,,0.2255898355491785,0.2623632045147935,0.1888164665835636,2,34.51456451612903,26.918989247311828,41.9327311827957,0.1865322580645161,2.563494623655914,25.069940860215056,0.5754193548387097,0.2175376344086021,24.97584946236559,False,False,False,low
Parbhani,Maize,Summer,2021,984.76,685.98,0.7,0.7,0.2310359170330002,0.2538129734040205,0.20825886066198,2,32.89558602150537,26.02551612903226,39.625075268817206,0.4812903225806451,2.575543010752688,31.20647311827957,0.5774784946236559,0.2502096774193548,22.324946236559136,False,False,False,low
Parbhani,Maize,Summer,2022,871.9,894.7,1.03,0.7,0.2311419154351484,0.2664933175721126,0.1957905132981843,2,34.50285483870968,26.696935483870966,41.88826344086021,0.2605860215053763,2.636688172043011,24.630182795698925,0.572741935483871,0.1772419354838709,23.75121505376344,False,False,False,low
Parbhani,Moong(Green Gram),Kharif,2020,24876.0,16508.62,0.66,,0.4247419508868635,0.5866071625130106,0.281225914682585,5,26.50236129032258,23.009051612903228,30.727389247311827,5.28376129032258,2.4367978494623657,79.97358924731182,0.7470473118279569,0.7717032258064516,16.63078064516129,True,False,True,medium
Parbhani,Moong(Green Gram),Kharif,2021,23207.9,15423.97,0.66,0.66,0.4247419508868635,0.5898294002092225,0.281225914682585,5,26.14239569892473,22.59784516129032,30.384972043010755,7.172640860215054,2.567894623655914,80.40929032258065,0.8094817204301077,0.827083870967742,16.500088172043007,False,False,False,medium
Parbhani,Moong(Green Gram),Kharif,2022,15592.26,12579.84,0.81,0.66,0.4247419508868635,0.6060703499109781,0.281225914682585,5,26.02851827956989,22.50318709677419,30.19625161290323,7.648748387096774,2.763350537634408,80.45628817204302,0.8474301075268817,0.8365569892473118,16.30343655913979,True,False,True,medium
Parbhani,Moong(Green Gram),Summer,2021,134.5,24.77,0.18,,0.2310359170330002,0.2538129734040205,0.20825886066198,2,32.89558602150537,26.02551612903226,39.625075268817206,0.4812903225806451,2.575543010752688,31.20647311827957,0.5774784946236559,0.2502096774193548,22.324946236559136,False,False,False,low
Parbhani,Moong(Green Gram),Summer,2022,35.9,6.61,0.18,0.18,0.2311419154351484,0.2664933175721126,0.1957905132981843,2,34.50285483870968,26.696935483870966,41.88826344086021,0.2605860215053763,2.636688172043011,24.630182795698925,0.572741935483871,0.1772419354838709,23.75121505376344,False,False,False,low
Parbhani,Niger seed,Kharif,2020,78.3,2.88,0.04,,0.4247419508868635,0.5866071625130106,0.281225914682585,5,26.50236129032258,23.009051612903228,30.727389247311827,5.28376129032258,2.4367978494623657,79.97358924731182,0.7470473118279569,0.7717032258064516,16.63078064516129,True,False,True,medium
Parbhani,Niger seed,Kharif,2021,35.0,4.14,0.12,0.04,0.4247419508868635,0.5898294002092225,0.281225914682585,5,26.14239569892473,22.59784516129032,30.384972043010755,7.172640860215054,2.567894623655914,80.40929032258065,0.8094817204301077,0.827083870967742,16.500088172043007,False,False,False,medium
Parbhani,Niger seed,Kharif,2022,12.0,3.03,0.25,0.12,0.4247419508868635,0.6060703499109781,0.281225914682585,5,26.02851827956989,22.50318709677419,30.19625161290323,7.648748387096774,2.763350537634408,80.45628817204302,0.8474301075268817,0.8365569892473118,16.30343655913979,True,False,True,medium
Parbhani,Other  Rabi pulses,Rabi,2020,141.0,88.83,0.63,,0.423299469662817,0.5316414010301322,0.2994268252904644,5,24.1728623655914,16.931251305683563,32.71457158218126,0.0987658986175115,1.797038095238095,44.4829757296467,0.5979036866359447,0.3690854070660522,17.924488018433177,False,False,False,medium
Parbhani,Other  Rabi pulses,Rabi,2021,50.0,17.67,0.35,0.63,0.3924539928430778,0.4733382337618441,0.3088631391434857,5,22.9007514592934,16.335157296466974,30.612340092165898,0.1434622119815668,1.843573732718894,55.08916804915515,0.6456013824884792,0.5150537634408601,17.151278955453147,False,False,False,medium
Parbhani,Other  Rabi pulses,Rabi,2022,307.8,156.95,0.51,0.35,0.4298877661280972,0.5033199565147395,0.3151703116256972,5,23.010445929339475,15.775577880184333,31.306513517665127,0.1023870967741935,1.6314781874039936,49.67013179723502,0.6357130568356375,0.4850961597542242,18.292144546851,False,False,False,medium
Parbhani,Other Cereals,Kharif,2020,212.0,76.32,0.36,,0.4247419508868635,0.5866071625130106,0.281225914682585,5,26.50236129032258,23.009051612903228,30.727389247311827,5.28376129032258,2.4367978494623657,79.97358924731182,0.7470473118279569,0.7717032258064516,16.63078064516129,True,False,True,medium
Parbhani,Other Cereals,Kharif,2021,42.0,10.84,0.26,0.36,0.4247419508868635,0.5898294002092225,0.281225914682585,5,26.14239569892473,22.59784516129032,30.384972043010755,7.172640860215054,2.567894623655914,80.40929032258065,0.8094817204301077,0.827083870967742,16.500088172043007,False,False,False,medium
Parbhani,Other Cereals,Kharif,2022,91.0,25.39,0.28,0.26,0.4247419508868635,0.6060703499109781,0.281225914682585,5,26.02851827956989,22.50318709677419,30.19625161290323,7.648748387096774,2.763350537634408,80.45628817204302,0.8474301075268817,0.8365569892473118,16.30343655913979,True,False,True,medium
Parbhani,Other Cereals,Rabi,2020,207.0,53.3,0.26,,0.423299469662817,0.5316414010301322,0.2994268252904644,5,24.1728623655914,16.931251305683563,32.71457158218126,0.0987658986175115,1.797038095238095,44.4829757296467,0.5979036866359447,0.3690854070660522,17.924488018433177,False,False,False,medium
Parbhani,Other Cereals,Rabi,2021,234.3,49.38,0.21,0.26,0.3924539928430778,0.4733382337618441,0.3088631391434857,5,22.9007514592934,16.335157296466974,30.612340092165898,0.1434622119815668,1.843573732718894,55.08916804915515,0.6456013824884792,0.5150537634408601,17.151278955453147,False,False,False,medium
Parbhani,Other Cereals,Rabi,2022,481.0,146.22,0.3,0.21,0.4298877661280972,0.5033199565147395,0.3151703116256972,5,23.010445929339475,15.775577880184333,31.306513517665127,0.1023870967741935,1.6314781874039936,49.67013179723502,0.6357130568356375,0.4850961597542242,18.292144546851,False,False,False,medium
Parbhani,Other Cereals,Summer,2020,117.8,72.35,0.61,,0.2255898355491785,0.2623632045147935,0.1888164665835636,2,34.51456451612903,26.918989247311828,41.9327311827957,0.1865322580645161,2.563494623655914,25.069940860215056,0.5754193548387097,0.2175376344086021,24.97584946236559,False,False,False,low
Parbhani,Other Kharif pulses,Kharif,2020,63.7,11.47,0.18,,0.4247419508868635,0.5866071625130106,0.281225914682585,5,26.50236129032258,23.009051612903228,30.727389247311827,5.28376129032258,2.4367978494623657,79.97358924731182,0.7470473118279569,0.7717032258064516,16.63078064516129,True,False,True,medium
Parbhani,Other Kharif pulses,Kharif,2021,5.0,1.2,0.24,0.18,0.4247419508868635,0.5898294002092225,0.281225914682585,5,26.14239569892473,22.59784516129032,30.384972043010755,7.172640860215054,2.567894623655914,80.40929032258065,0.8094817204301077,0.827083870967742,16.500088172043007,False,False,False,medium
Parbhani,Other Kharif pulses,Kharif,2022,68.0,11.49,0.17,0.24,0.4247419508868635,0.6060703499109781,0.281225914682585,5,26.02851827956989,22.50318709677419,30.19625161290323,7.648748387096774,2.763350537634408,80.45628817204302,0.8474301075268817,0.8365569892473118,16.30343655913979,True,False,True,medium
Parbhani,Other Summer Pulses,Summer,2020,64.7,19.99,0.31,,0.2255898355491785,0.2623632045147935,0.1888164665835636,2,34.51456451612903,26.918989247311828,41.9327311827957,0.1865322580645161,2.563494623655914,25.069940860215056,0.5754193548387097,0.2175376344086021,24.97584946236559,False,False,False,low
Parbhani,Other Summer Pulses,Summer,2022,8.7,2.69,0.31,0.31,0.2311419154351484,0.2664933175721126,0.1957905132981843,2,34.50285483870968,26.696935483870966,41.88826344086021,0.2605860215053763,2.636688172043011,24.630182795698925,0.572741935483871,0.1772419354838709,23.75121505376344,False,False,False,low
Parbhani,Rice,Kharif,2020,10.0,6.56,0.66,,0.42158207299695205,0.5866071625130106,0.2723615137428504,5,26.50236129032258,23.009051612903228,30.727389247311827,5.28376129032258,2.4367978494623657,79.97358924731182,0.7470473118279569,0.7717032258064516,16.63078064516129,True,False,True,medium
Parbhani,Safflower,Rabi,2020,2258.0,2474.7,1.1,,0.423299469662817,0.5316414010301322,0.2994268252904644,5,24.1728623655914,16.931251305683563,32.71457158218126,0.0987658986175115,1.797038095238095,44.4829757296467,0.5979036866359447,0.3690854070660522,17.924488018433177,False,False,False,medium
Parbhani,Safflower,Rabi,2021,2372.01,2708.36,1.14,1.1,0.3924539928430778,0.4733382337618441,0.3088631391434857,5,22.9007514592934,16.335157296466974,30.612340092165898,0.1434622119815668,1.843573732718894,55.08916804915515,0.6456013824884792,0.5150537634408601,17.151278955453147,False,False,False,medium
Parbhani,Safflower,Rabi,2022,1506.2,927.82,0.62,1.14,0.4298877661280972,0.5033199565147395,0.3151703116256972,5,23.010445929339475,15.775577880184333,31.306513517665127,0.1023870967741935,1.6314781874039936,49.67013179723502,0.6357130568356375,0.4850961597542242,18.292144546851,False,False,False,medium
Parbhani,Sesamum,Kharif,2020,325.92,64.66,0.2,,0.4247419508868635,0.5866071625130106,0.281225914682585,5,26.50236129032258,23.009051612903228,30.727389247311827,5.28376129032258,2.4367978494623657,79.97358924731182,0.7470473118279569,0.7717032258064516,16.63078064516129,True,False,True,medium
Parbhani,Sesamum,Kharif,2021,241.8,42.44,0.18,0.2,0.4247419508868635,0.5898294002092225,0.281225914682585,5,26.14239569892473,22.59784516129032,30.384972043010755,7.172640860215054,2.567894623655914,80.40929032258065,0.8094817204301077,0.827083870967742,16.500088172043007,False,False,False,medium
Parbhani,Sesamum,Kharif,2022,112.61,28.55,0.25,0.18,0.4247419508868635,0.6060703499109781,0.281225914682585,5,26.02851827956989,22.50318709677419,30.19625161290323,7.648748387096774,2.763350537634408,80.45628817204302,0.8474301075268817,0.8365569892473118,16.30343655913979,True,False,True,medium
Parbhani,Sesamum,Rabi,2020,47.0,16.13,0.34,,0.423299469662817,0.5316414010301322,0.2994268252904644,5,24.1728623655914,16.931251305683563,32.71457158218126,0.0987658986175115,1.797038095238095,44.4829757296467,0.5979036866359447,0.3690854070660522,17.924488018433177,False,False,False,medium
Parbhani,Sesamum,Rabi,2021,18.0,12.86,0.71,0.34,0.3924539928430778,0.4733382337618441,0.3088631391434857,5,22.9007514592934,16.335157296466974,30.612340092165898,0.1434622119815668,1.843573732718894,55.08916804915515,0.6456013824884792,0.5150537634408601,17.151278955453147,False,False,False,medium
Parbhani,Sesamum,Summer,2020,31.0,5.9,0.19,,0.2255898355491785,0.2623632045147935,0.1888164665835636,2,34.51456451612903,26.918989247311828,41.9327311827957,0.1865322580645161,2.563494623655914,25.069940860215056,0.5754193548387097,0.2175376344086021,24.97584946236559,False,False,False,low
Parbhani,Sesamum,Summer,2021,7.65,1.5,0.2,0.19,0.2310359170330002,0.2538129734040205,0.20825886066198,2,32.89558602150537,26.02551612903226,39.625075268817206,0.4812903225806451,2.575543010752688,31.20647311827957,0.5774784946236559,0.2502096774193548,22.324946236559136,False,False,False,low
Parbhani,Sesamum,Summer,2022,15.0,3.0,0.2,0.2,0.2311419154351484,0.2664933175721126,0.1957905132981843,2,34.50285483870968,26.696935483870966,41.88826344086021,0.2605860215053763,2.636688172043011,24.630182795698925,0.572741935483871,0.1772419354838709,23.75121505376344,False,False,False,low
Parbhani,Soyabean,Kharif,2020,257885.43,354828.88,1.38,,0.4247419508868635,0.5866071625130106,0.281225914682585,5,26.50236129032258,23.009051612903228,30.727389247311827,5.28376129032258,2.4367978494623657,79.97358924731182,0.7470473118279569,0.7717032258064516,16.63078064516129,True,False,True,medium
Parbhani,Soyabean,Kharif,2021,257236.21,107138.88,0.42,1.38,0.4247419508868635,0.5898294002092225,0.281225914682585,5,26.14239569892473,22.59784516129032,30.384972043010755,7.172640860215054,2.567894623655914,80.40929032258065,0.8094817204301077,0.827083870967742,16.500088172043007,False,False,False,medium
Parbhani,Soyabean,Kharif,2022,263396.0,410318.0,1.56,0.42,0.4247419508868635,0.6060703499109781,0.281225914682585,5,26.02851827956989,22.50318709677419,30.19625161290323,7.648748387096774,2.763350537634408,80.45628817204302,0.8474301075268817,0.8365569892473118,16.30343655913979,True,False,True,medium
Parbhani,Soyabean,Summer,2021,9274.94,4822.78,0.52,,0.2310359170330002,0.2538129734040205,0.20825886066198,2,32.89558602150537,26.02551612903226,39.625075268817206,0.4812903225806451,2.575543010752688,31.20647311827957,0.5774784946236559,0.2502096774193548,22.324946236559136,False,False,False,low
Parbhani,Soyabean,Summer,2022,4655.5,2420.77,0.52,0.52,0.2311419154351484,0.2664933175721126,0.1957905132981843,2,34.50285483870968,26.696935483870966,41.88826344086021,0.2605860215053763,2.636688172043011,24.630182795698925,0.572741935483871,0.1772419354838709,23.75121505376344,False,False,False,low
Parbhani,Sugarcane,Whole Year,2020,31500.0,2317556.61,73.57,,0.3745391396416096,0.5866071625130106,0.20825886066198,12,26.58178553330861,20.92524517982944,33.03929603880855,2.337746477567668,2.291725281176616,59.02724134841181,0.6583511926832283,0.5353261957730812,18.48099789890001,True,False,True,high
Parbhani,Sugarcane,Whole Year,2021,50898.0,4345889.15,85.38,73.57,0.3745391396416096,0.5898294002092225,0.20825886066198,12,26.29991129032258,20.918712237583204,32.39001683307732,3.1323979774705584,2.235943292370712,59.55045762928828,0.6980897977470558,0.5679916794674859,17.647095814132104,False,False,False,high
Parbhani,Sugarcane,Whole Year,2022,47058.0,4235220.0,90.0,85.38,0.3745391396416096,0.6060703499109781,0.20825886066198,12,26.116967229902716,20.44341589861751,32.46522235023042,3.2757848822324624,2.3058609190988224,59.7253782642089,0.7154503968253968,0.590179211469534,18.2816610343062,True,False,True,high
Parbhani,Sunflower,Kharif,2020,9.0,3.69,0.41,,0.4009920640763048,0.5866071625130106,0.2723615137428504,5,26.50236129032258,23.009051612903228,30.727389247311827,5.28376129032258,2.4367978494623657,79.97358924731182,0.7470473118279569,0.7717032258064516,16.63078064516129,True,False,True,medium
Parbhani,Sunflower,Rabi,2020,50.0,29.94,0.6,,0.423299469662817,0.5316414010301322,0.2994268252904644,5,24.1728623655914,16.931251305683563,32.71457158218126,0.0987658986175115,1.797038095238095,44.4829757296467,0.5979036866359447,0.3690854070660522,17.924488018433177,False,False,False,medium
Parbhani,Sunflower,Rabi,2022,9.0,4.18,0.46,0.6,0.4298877661280972,0.5033199565147395,0.3151703116256972,5,23.010445929339475,15.775577880184333,31.306513517665127,0.1023870967741935,1.6314781874039936,49.67013179723502,0.6357130568356375,0.4850961597542242,18.292144546851,False,False,False,medium
Parbhani,Urad,Kharif,2020,9522.99,6043.52,0.63,,0.4247419508868635,0.5866071625130106,0.281225914682585,5,26.50236129032258,23.009051612903228,30.727389247311827,5.28376129032258,2.4367978494623657,79.97358924731182,0.7470473118279569,0.7717032258064516,16.63078064516129,True,False,True,medium
Parbhani,Urad,Kharif,2021,8941.21,4864.91,0.54,0.63,0.4247419508868635,0.5898294002092225,0.281225914682585,5,26.14239569892473,22.59784516129032,30.384972043010755,7.172640860215054,2.567894623655914,80.40929032258065,0.8094817204301077,0.827083870967742,16.500088172043007,False,False,False,medium
Parbhani,Urad,Kharif,2022,8576.03,7389.97,0.86,0.54,0.4247419508868635,0.6060703499109781,0.281225914682585,5,26.02851827956989,22.50318709677419,30.19625161290323,7.648748387096774,2.763350537634408,80.45628817204302,0.8474301075268817,0.8365569892473118,16.30343655913979,True,False,True,medium
Parbhani,Urad,Summer,2021,42.0,22.63,0.54,,0.2310359170330002,0.2538129734040205,0.20825886066198,2,32.89558602150537,26.02551612903226,39.625075268817206,0.4812903225806451,2.575543010752688,31.20647311827957,0.5774784946236559,0.2502096774193548,22.324946236559136,False,False,False,low
Parbhani,Urad,Summer,2022,42.0,22.63,0.54,0.54,0.2311419154351484,0.2664933175721126,0.1957905132981843,2,34.50285483870968,26.696935483870966,41.88826344086021,0.2605860215053763,2.636688172043011,24.630182795698925,0.572741935483871,0.1772419354838709,23.75121505376344,False,False,False,low
Parbhani,Wheat,Rabi,2020,42037.0,81048.53,1.93,,0.423299469662817,0.5316414010301322,0.2994268252904644,5,24.1728623655914,16.931251305683563,32.71457158218126,0.0987658986175115,1.797038095238095,44.4829757296467,0.5979036866359447,0.3690854070660522,17.924488018433177,False,False,False,medium
Parbhani,Wheat,Rabi,2021,45028.22,79699.95,1.77,1.93,0.3924539928430778,0.4733382337618441,0.3088631391434857,5,22.9007514592934,16.335157296466974,30.612340092165898,0.1434622119815668,1.843573732718894,55.08916804915515,0.6456013824884792,0.5150537634408601,17.151278955453147,False,False,False,medium
Parbhani,Wheat,Rabi,2022,33126.0,61041.28,1.84,1.77,0.4298877661280972,0.5033199565147395,0.3151703116256972,5,23.010445929339475,15.775577880184333,31.306513517665127,0.1023870967741935,1.6314781874039936,49.67013179723502,0.6357130568356375,0.4850961597542242,18.292144546851,False,False,False,medium
Parbhani,other oilseeds,Kharif,2020,138.0,22.08,0.16,,0.4247419508868635,0.5866071625130106,0.281225914682585,5,26.50236129032258,23.009051612903228,30.727389247311827,5.28376129032258,2.4367978494623657,79.97358924731182,0.7470473118279569,0.7717032258064516,16.63078064516129,True,False,True,medium
Parbhani,other oilseeds,Kharif,2021,6.0,1.0,0.17,0.16,0.4247419508868635,0.5898294002092225,0.281225914682585,5,26.14239569892473,22.59784516129032,30.384972043010755,7.172640860215054,2.567894623655914,80.40929032258065,0.8094817204301077,0.827083870967742,16.500088172043007,False,False,False,medium
Parbhani,other oilseeds,Kharif,2022,46.0,10.84,0.24,0.17,0.4247419508868635,0.6060703499109781,0.281225914682585,5,26.02851827956989,22.50318709677419,30.19625161290323,7.648748387096774,2.763350537634408,80.45628817204302,0.8474301075268817,0.8365569892473118,16.30343655913979,True,False,True,medium
Parbhani,other oilseeds,Rabi,2020,80.9,12.68,0.16,,0.423299469662817,0.5316414010301322,0.2994268252904644,5,24.1728623655914,16.931251305683563,32.71457158218126,0.0987658986175115,1.797038095238095,44.4829757296467,0.5979036866359447,0.3690854070660522,17.924488018433177,False,False,False,medium
Parbhani,other oilseeds,Rabi,2021,79.0,12.83,0.16,0.16,0.3924539928430778,0.4733382337618441,0.3088631391434857,5,22.9007514592934,16.335157296466974,30.612340092165898,0.1434622119815668,1.843573732718894,55.08916804915515,0.6456013824884792,0.5150537634408601,17.151278955453147,False,False,False,medium
Parbhani,other oilseeds,Rabi,2022,126.98,21.85,0.17,0.16,0.4298877661280972,0.5033199565147395,0.3151703116256972,5,23.010445929339475,15.775577880184333,31.306513517665127,0.1023870967741935,1.6314781874039936,49.67013179723502,0.6357130568356375,0.4850961597542242,18.292144546851,False,False,False,medium
Parbhani,other oilseeds,Summer,2020,915.65,399.22,0.44,,0.2255898355491785,0.2623632045147935,0.1888164665835636,2,34.51456451612903,26.918989247311828,41.9327311827957,0.1865322580645161,2.563494623655914,25.069940860215056,0.5754193548387097,0.2175376344086021,24.97584946236559,False,False,False,low
Pune,Arhar/Tur,Kharif,2020,2322.26,1918.72,0.83,,0.4114655664617643,0.467906175016382,0.241067837336053,5,24.00803010752688,21.660397849462363,27.252544086021505,14.648223655913975,2.869879569892473,89.13155268817204,0.8968344086021505,0.8943935483870968,14.236303225806452,True,False,True,medium
Pune,Arhar/Tur,Kharif,2021,1986.17,1512.67,0.76,0.83,0.4114655664617643,0.5082266859926955,0.241067837336053,5,23.66058494623656,21.16211827956989,27.063341935483876,13.051193548387095,3.121137634408602,88.94423010752688,0.9062989247311828,0.8998236559139785,14.338843010752688,True,False,True,medium
Pune,Arhar/Tur,Kharif,2022,997.0,829.0,0.83,0.76,0.4114655664617643,0.5281974251883654,0.241067837336053,5,23.62889247311828,21.06619139784946,27.27188172043011,14.342997849462364,3.391896774193549,87.34727741935482,0.8753827956989249,0.8600043010752687,14.24939569892473,True,False,True,medium
Pune,Bajra,Kharif,2020,42418.41,70975.25,1.67,,0.3910617756159833,0.467906175016382,0.21228181914333283,5,24.00803010752688,21.660397849462363,27.252544086021505,14.648223655913975,2.869879569892473,89.13155268817204,0.8968344086021505,0.8943935483870968,14.236303225806452,True,False,True,medium
Pune,Bajra,Kharif,2021,38326.07,64156.45,1.67,1.67,0.3910617756159833,0.5082266859926955,0.21228181914333283,5,23.66058494623656,21.16211827956989,27.063341935483876,13.051193548387095,3.121137634408602,88.94423010752688,0.9062989247311828,0.8998236559139785,14.338843010752688,True,False,True,medium
Pune,Bajra,Kharif,2022,33942.0,54931.0,1.62,1.67,0.3910617756159833,0.5281974251883654,0.21228181914333283,5,23.62889247311828,21.06619139784946,27.27188172043011,14.342997849462364,3.391896774193549,87.34727741935482,0.8753827956989249,0.8600043010752687,14.24939569892473,True,False,True,medium
Pune,Bajra,Summer,2021,2811.3,2558.28,0.91,,0.2795157131002068,0.2799550198705972,0.2790764063298165,2,28.12506451612903,22.08064516129032,35.51845161290322,4.513639784946237,2.4489408602150537,55.93031182795699,0.5234032258064516,0.4266182795698925,22.42502688172043,False,False,False,low
Pune,Bajra,Summer,2022,4672.07,4251.58,0.91,0.91,0.2790163903410204,0.28119607341721,0.2768367072648308,2,29.02236559139785,22.42072580645161,37.58854301075269,0.2790537634408602,3.019693548387097,50.70020430107528,0.4879139784946236,0.2673924731182795,23.42939247311828,False,False,False,low
Pune,Cotton(lint),Kharif,2020,41.0,97.0,2.37,,0.4114655664617643,0.467906175016382,0.241067837336053,5,24.00803010752688,21.660397849462363,27.252544086021505,14.648223655913975,2.869879569892473,89.13155268817204,0.8968344086021505,0.8943935483870968,14.236303225806452,True,False,True,medium
Pune,Cotton(lint),Kharif,2021,30.0,149.0,4.97,2.37,0.4114655664617643,0.5082266859926955,0.241067837336053,5,23.66058494623656,21.16211827956989,27.063341935483876,13.051193548387095,3.121137634408602,88.94423010752688,0.9062989247311828,0.8998236559139785,14.338843010752688,True,False,True,medium
Pune,Cotton(lint),Kharif,2022,423.1,1017.0,2.4,4.97,0.4114655664617643,0.5281974251883654,0.241067837336053,5,23.62889247311828,21.06619139784946,27.27188172043011,14.342997849462364,3.391896774193549,87.34727741935482,0.8753827956989249,0.8600043010752687,14.24939569892473,True,False,True,medium
Pune,Gram,Rabi,2020,80274.03,68143.54,0.85,,0.372791755960678,0.4475592061590682,0.2984273805970906,5,22.03084423963134,16.062548233486943,29.36946605222734,0.2474299539170506,1.759348387096774,63.29950000000001,0.6733084485407066,0.6491640552995392,18.41070414746544,False,False,False,medium
Pune,Gram,Rabi,2021,85922.87,90709.63,1.06,0.85,0.3744181559534265,0.4450226815827025,0.3095495117607233,5,21.39098064516129,15.434230568356377,28.81581198156682,0.8104451612903224,1.841648694316436,65.75553502304147,0.6661073732718894,0.6388545314900155,17.86310491551459,False,False,False,medium
Pune,Gram,Rabi,2022,29458.13,32350.04,1.1,1.06,0.3823351863810246,0.4692783342441044,0.312789858499526,5,21.24281367127496,14.761092165898615,29.315623195084488,0.0831354838709677,1.975425806451613,60.3940910906298,0.646263594470046,0.6121321044546851,18.876435791090632,False,False,False,medium
Pune,Groundnut,Kharif,2020,23400.05,26802.13,1.15,,0.4009920640763048,0.467906175016382,0.2429167809553046,5,24.00803010752688,21.660397849462363,27.252544086021505,14.648223655913975,2.869879569892473,89.13155268817204,0.8968344086021505,0.8943935483870968,14.236303225806452,True,False,True,medium
Pune,Groundnut,Kharif,2021,20066.31,18198.14,0.91,1.15,0.4009920640763048,0.5082266859926955,0.2429167809553046,5,23.66058494623656,21.16211827956989,27.063341935483876,13.051193548387095,3.121137634408602,88.94423010752688,0.9062989247311828,0.8998236559139785,14.338843010752688,True,False,True,medium
Pune,Groundnut,Kharif,2022,7918.22,8244.45,1.04,0.91,0.4009920640763048,0.5281974251883654,0.2429167809553046,5,23.62889247311828,21.06619139784946,27.27188172043011,14.342997849462364,3.391896774193549,87.34727741935482,0.8753827956989249,0.8600043010752687,14.24939569892473,True,False,True,medium
Pune,Groundnut,Summer,2020,6055.14,11364.24,1.88,,0.2930216395016627,0.2940273709854061,0.2920159080179193,2,29.58717741935484,22.239532258064514,38.53781720430108,0.4223655913978494,2.665930107526882,48.336010752688175,0.4893709677419354,0.3004301075268817,25.59383870967742,False,False,False,low
Pune,Groundnut,Summer,2021,8419.41,17828.67,2.12,1.88,0.2795157131002068,0.2799550198705972,0.2790764063298165,2,28.12506451612903,22.08064516129032,35.51845161290322,4.513639784946237,2.4489408602150537,55.93031182795699,0.5234032258064516,0.4266182795698925,22.42502688172043,False,False,False,low
Pune,Groundnut,Summer,2022,5052.0,7363.0,1.46,2.12,0.2790163903410204,0.28119607341721,0.2768367072648308,2,29.02236559139785,22.42072580645161,37.58854301075269,0.2790537634408602,3.019693548387097,50.70020430107528,0.4879139784946236,0.2673924731182795,23.42939247311828,False,False,False,low
Pune,Jowar,Kharif,2020,1537.32,949.14,0.62,,0.4114655664617643,0.467906175016382,0.241067837336053,5,24.00803010752688,21.660397849462363,27.252544086021505,14.648223655913975,2.869879569892473,89.13155268817204,0.8968344086021505,0.8943935483870968,14.236303225806452,True,False,True,medium
Pune,Jowar,Kharif,2021,1472.53,1662.59,1.13,0.62,0.4114655664617643,0.5082266859926955,0.241067837336053,5,23.66058494623656,21.16211827956989,27.063341935483876,13.051193548387095,3.121137634408602,88.94423010752688,0.9062989247311828,0.8998236559139785,14.338843010752688,True,False,True,medium
Pune,Jowar,Kharif,2022,164.3,50.47,0.31,1.13,0.4114655664617643,0.5281974251883654,0.241067837336053,5,23.62889247311828,21.06619139784946,27.27188172043011,14.342997849462364,3.391896774193549,87.34727741935482,0.8753827956989249,0.8600043010752687,14.24939569892473,True,False,True,medium
Pune,Jowar,Rabi,2020,150924.0,108085.22,0.72,,0.372791755960678,0.4475592061590682,0.2984273805970906,5,22.03084423963134,16.062548233486943,29.36946605222734,0.2474299539170506,1.759348387096774,63.29950000000001,0.6733084485407066,0.6491640552995392,18.41070414746544,False,False,False,medium
Pune,Jowar,Rabi,2021,148401.31,122919.32,0.83,0.72,0.3744181559534265,0.4450226815827025,0.3095495117607233,5,21.39098064516129,15.434230568356377,28.81581198156682,0.8104451612903224,1.841648694316436,65.75553502304147,0.6661073732718894,0.6388545314900155,17.86310491551459,False,False,False,medium
Pune,Jowar,Rabi,2022,71280.15,66639.81,0.93,0.83,0.3823351863810246,0.4692783342441044,0.312789858499526,5,21.24281367127496,14.761092165898615,29.315623195084488,0.0831354838709677,1.975425806451613,60.3940910906298,0.646263594470046,0.6121321044546851,18.876435791090632,False,False,False,medium
Pune,Maize,Kharif,2020,30261.98,93675.96,3.1,,0.4033555229369874,0.467906175016382,0.2163513167840456,5,24.00803010752688,21.660397849462363,27.252544086021505,14.648223655913975,2.869879569892473,89.13155268817204,0.8968344086021505,0.8943935483870968,14.236303225806452,True,False,True,medium
Pune,Maize,Kharif,2021,34886.15,95622.93,2.74,3.1,0.4033555229369874,0.5082266859926955,0.2163513167840456,5,23.66058494623656,21.16211827956989,27.063341935483876,13.051193548387095,3.121137634408602,88.94423010752688,0.9062989247311828,0.8998236559139785,14.338843010752688,True,False,True,medium
Pune,Maize,Kharif,2022,27060.0,100248.0,3.7,2.74,0.4033555229369874,0.5281974251883654,0.2163513167840456,5,23.62889247311828,21.06619139784946,27.27188172043011,14.342997849462364,3.391896774193549,87.34727741935482,0.8753827956989249,0.8600043010752687,14.24939569892473,True,False,True,medium
Pune,Maize,Rabi,2020,14306.17,44564.41,3.12,,0.372791755960678,0.4475592061590682,0.2984273805970906,5,22.03084423963134,16.062548233486943,29.36946605222734,0.2474299539170506,1.759348387096774,63.29950000000001,0.6733084485407066,0.6491640552995392,18.41070414746544,False,False,False,medium
Pune,Maize,Rabi,2021,15765.1,43901.07,2.78,3.12,0.3744181559534265,0.4450226815827025,0.3095495117607233,5,21.39098064516129,15.434230568356377,28.81581198156682,0.8104451612903224,1.841648694316436,65.75553502304147,0.6661073732718894,0.6388545314900155,17.86310491551459,False,False,False,medium
Pune,Maize,Rabi,2022,15574.25,79174.82,5.08,2.78,0.3823351863810246,0.4692783342441044,0.312789858499526,5,21.24281367127496,14.761092165898615,29.315623195084488,0.0831354838709677,1.975425806451613,60.3940910906298,0.646263594470046,0.6121321044546851,18.876435791090632,False,False,False,medium
Pune,Maize,Summer,2020,2025.29,3118.95,1.54,,0.2930216395016627,0.2940273709854061,0.2920159080179193,2,29.58717741935484,22.239532258064514,38.53781720430108,0.4223655913978494,2.665930107526882,48.336010752688175,0.4893709677419354,0.3004301075268817,25.59383870967742,False,False,False,low
Pune,Maize,Summer,2021,2752.91,4239.48,1.54,1.54,0.2795157131002068,0.2799550198705972,0.2790764063298165,2,28.12506451612903,22.08064516129032,35.51845161290322,4.513639784946237,2.4489408602150537,55.93031182795699,0.5234032258064516,0.4266182795698925,22.42502688172043,False,False,False,low
Pune,Maize,Summer,2022,5505.82,9624.17,1.75,1.54,0.2790163903410204,0.28119607341721,0.2768367072648308,2,29.02236559139785,22.42072580645161,37.58854301075269,0.2790537634408602,3.019693548387097,50.70020430107528,0.4879139784946236,0.2673924731182795,23.42939247311828,False,False,False,low
Pune,Moong(Green Gram),Kharif,2020,15509.47,9069.47,0.58,,0.4114655664617643,0.467906175016382,0.241067837336053,5,24.00803010752688,21.660397849462363,27.252544086021505,14.648223655913975,2.869879569892473,89.13155268817204,0.8968344086021505,0.8943935483870968,14.236303225806452,True,False,True,medium
Pune,Moong(Green Gram),Kharif,2021,16219.46,14753.22,0.91,0.58,0.4114655664617643,0.5082266859926955,0.241067837336053,5,23.66058494623656,21.16211827956989,27.063341935483876,13.051193548387095,3.121137634408602,88.94423010752688,0.9062989247311828,0.8998236559139785,14.338843010752688,True,False,True,medium
Pune,Moong(Green Gram),Kharif,2022,9877.36,7053.42,0.71,0.91,0.4114655664617643,0.5281974251883654,0.241067837336053,5,23.62889247311828,21.06619139784946,27.27188172043011,14.342997849462364,3.391896774193549,87.34727741935482,0.8753827956989249,0.8600043010752687,14.24939569892473,True,False,True,medium
Pune,Moong(Green Gram),Summer,2021,416.77,76.77,0.18,,0.2795157131002068,0.2799550198705972,0.2790764063298165,2,28.12506451612903,22.08064516129032,35.51845161290322,4.513639784946237,2.4489408602150537,55.93031182795699,0.5234032258064516,0.4266182795698925,22.42502688172043,False,False,False,low
Pune,Moong(Green Gram),Summer,2022,63.1,11.62,0.18,0.18,0.2790163903410204,0.28119607341721,0.2768367072648308,2,29.02236559139785,22.42072580645161,37.58854301075269,0.2790537634408602,3.019693548387097,50.70020430107528,0.4879139784946236,0.2673924731182795,23.42939247311828,False,False,False,low
Pune,Niger seed,Kharif,2020,704.74,299.42,0.42,,0.4009920640763048,0.467906175016382,0.2723615137428504,5,24.00803010752688,21.660397849462363,27.252544086021505,14.648223655913975,2.869879569892473,89.13155268817204,0.8968344086021505,0.8943935483870968,14.236303225806452,True,False,True,medium
Pune,Niger seed,Kharif,2021,457.77,78.33,0.17,0.42,0.4009920640763048,0.5082266859926955,0.2723615137428504,5,23.66058494623656,21.16211827956989,27.063341935483876,13.051193548387095,3.121137634408602,88.94423010752688,0.9062989247311828,0.8998236559139785,14.338843010752688,True,False,True,medium
Pune,Niger seed,Kharif,2022,399.51,182.18,0.46,0.17,0.4009920640763048,0.5281974251883654,0.2723615137428504,5,23.62889247311828,21.06619139784946,27.27188172043011,14.342997849462364,3.391896774193549,87.34727741935482,0.8753827956989249,0.8600043010752687,14.24939569892473,True,False,True,medium
Pune,Other  Rabi pulses,Rabi,2020,4143.0,3591.98,0.87,,0.372791755960678,0.4475592061590682,0.2984273805970906,5,22.03084423963134,16.062548233486943,29.36946605222734,0.2474299539170506,1.759348387096774,63.29950000000001,0.6733084485407066,0.6491640552995392,18.41070414746544,False,False,False,medium
Pune,Other  Rabi pulses,Rabi,2021,3915.17,1133.44,0.29,0.87,0.3744181559534265,0.4450226815827025,0.3095495117607233,5,21.39098064516129,15.434230568356377,28.81581198156682,0.8104451612903224,1.841648694316436,65.75553502304147,0.6661073732718894,0.6388545314900155,17.86310491551459,False,False,False,medium
Pune,Other  Rabi pulses,Rabi,2022,5857.4,2518.98,0.43,0.29,0.3823351863810246,0.4692783342441044,0.312789858499526,5,21.24281367127496,14.761092165898615,29.315623195084488,0.0831354838709677,1.975425806451613,60.3940910906298,0.646263594470046,0.6121321044546851,18.876435791090632,False,False,False,medium
Pune,Other Cereals,Kharif,2020,1353.0,1150.05,0.85,,0.4009920640763048,0.467906175016382,0.2537155251933066,5,24.00803010752688,21.660397849462363,27.252544086021505,14.648223655913975,2.869879569892473,89.13155268817204,0.8968344086021505,0.8943935483870968,14.236303225806452,True,False,True,medium
Pune,Other Cereals,Kharif,2021,1095.0,310.98,0.28,0.85,0.4009920640763048,0.5082266859926955,0.2537155251933066,5,23.66058494623656,21.16211827956989,27.063341935483876,13.051193548387095,3.121137634408602,88.94423010752688,0.9062989247311828,0.8998236559139785,14.338843010752688,True,False,True,medium
Pune,Other Cereals,Kharif,2022,533.0,308.61,0.58,0.28,0.4009920640763048,0.5281974251883654,0.2537155251933066,5,23.62889247311828,21.06619139784946,27.27188172043011,14.342997849462364,3.391896774193549,87.34727741935482,0.8753827956989249,0.8600043010752687,14.24939569892473,True,False,True,medium
Pune,Other Cereals,Rabi,2020,80.0,18.13,0.23,,0.372791755960678,0.4475592061590682,0.2984273805970906,5,22.03084423963134,16.062548233486943,29.36946605222734,0.2474299539170506,1.759348387096774,63.29950000000001,0.6733084485407066,0.6491640552995392,18.41070414746544,False,False,False,medium
Pune,Other Cereals,Rabi,2021,20.1,4.99,0.25,0.23,0.3744181559534265,0.4450226815827025,0.3095495117607233,5,21.39098064516129,15.434230568356377,28.81581198156682,0.8104451612903224,1.841648694316436,65.75553502304147,0.6661073732718894,0.6388545314900155,17.86310491551459,False,False,False,medium
Pune,Other Cereals,Rabi,2022,94.3,24.96,0.26,0.25,0.3823351863810246,0.4692783342441044,0.312789858499526,5,21.24281367127496,14.761092165898615,29.315623195084488,0.0831354838709677,1.975425806451613,60.3940910906298,0.646263594470046,0.6121321044546851,18.876435791090632,False,False,False,medium
Pune,Other Cereals,Summer,2020,3927.0,3239.78,0.83,,0.2930216395016627,0.2940273709854061,0.2920159080179193,2,29.58717741935484,22.239532258064514,38.53781720430108,0.4223655913978494,2.665930107526882,48.336010752688175,0.4893709677419354,0.3004301075268817,25.59383870967742,False,False,False,low
Pune,Other Cereals,Summer,2021,53.65,58.4,1.09,0.83,0.2795157131002068,0.2799550198705972,0.2790764063298165,2,28.12506451612903,22.08064516129032,35.51845161290322,4.513639784946237,2.4489408602150537,55.93031182795699,0.5234032258064516,0.4266182795698925,22.42502688172043,False,False,False,low
Pune,Other Cereals,Summer,2022,19.5,16.69,0.86,1.09,0.2790163903410204,0.28119607341721,0.2768367072648308,2,29.02236559139785,22.42072580645161,37.58854301075269,0.2790537634408602,3.019693548387097,50.70020430107528,0.4879139784946236,0.2673924731182795,23.42939247311828,False,False,False,low
Pune,Other Kharif pulses,Kharif,2020,10118.0,4229.32,0.42,,0.4009920640763048,0.467906175016382,0.2537155251933066,5,24.00803010752688,21.660397849462363,27.252544086021505,14.648223655913975,2.869879569892473,89.13155268817204,0.8968344086021505,0.8943935483870968,14.236303225806452,True,False,True,medium
Pune,Other Kharif pulses,Kharif,2021,8561.64,3364.73,0.39,0.42,0.4009920640763048,0.5082266859926955,0.2537155251933066,5,23.66058494623656,21.16211827956989,27.063341935483876,13.051193548387095,3.121137634408602,88.94423010752688,0.9062989247311828,0.8998236559139785,14.338843010752688,True,False,True,medium
Pune,Other Kharif pulses,Kharif,2022,8330.0,3841.0,0.46,0.39,0.4009920640763048,0.5281974251883654,0.2537155251933066,5,23.62889247311828,21.06619139784946,27.27188172043011,14.342997849462364,3.391896774193549,87.34727741935482,0.8753827956989249,0.8600043010752687,14.24939569892473,True,False,True,medium
Pune,Other Summer Pulses,Summer,2020,111.0,33.99,0.31,,0.2930216395016627,0.2940273709854061,0.2920159080179193,2,29.58717741935484,22.239532258064514,38.53781720430108,0.4223655913978494,2.665930107526882,48.336010752688175,0.4893709677419354,0.3004301075268817,25.59383870967742,False,False,False,low
Pune,Other Summer Pulses,Summer,2021,3.4,1.93,0.57,0.31,0.2795157131002068,0.2799550198705972,0.2790764063298165,2,28.12506451612903,22.08064516129032,35.51845161290322,4.513639784946237,2.4489408602150537,55.93031182795699,0.5234032258064516,0.4266182795698925,22.42502688172043,False,False,False,low
Pune,Other Summer Pulses,Summer,2022,8.0,6.1,0.76,0.57,0.2790163903410204,0.28119607341721,0.2768367072648308,2,29.02236559139785,22.42072580645161,37.58854301075269,0.2790537634408602,3.019693548387097,50.70020430107528,0.4879139784946236,0.2673924731182795,23.42939247311828,False,False,False,low
Pune,Ragi,Kharif,2020,2448.24,1925.29,0.79,,0.366957985075254,0.467906175016382,0.2878671519862098,5,24.00803010752688,21.660397849462363,27.252544086021505,14.648223655913975,2.869879569892473,89.13155268817204,0.8968344086021505,0.8943935483870968,14.236303225806452,True,False,True,medium
Pune,Ragi,Kharif,2021,2457.97,2906.06,1.18,0.79,0.366957985075254,0.5082266859926955,0.2878671519862098,5,23.66058494623656,21.16211827956989,27.063341935483876,13.051193548387095,3.121137634408602,88.94423010752688,0.9062989247311828,0.8998236559139785,14.338843010752688,True,False,True,medium
Pune,Ragi,Kharif,2022,2000.0,1906.0,0.95,1.18,0.366957985075254,0.5281974251883654,0.2878671519862098,5,23.62889247311828,21.06619139784946,27.27188172043011,14.342997849462364,3.391896774193549,87.34727741935482,0.8753827956989249,0.8600043010752687,14.24939569892473,True,False,True,medium
Pune,Rice,Kharif,2020,61018.25,127824.89,2.09,,0.42158207299695205,0.467906175016382,0.2723615137428504,5,24.00803010752688,21.660397849462363,27.252544086021505,14.648223655913975,2.869879569892473,89.13155268817204,0.8968344086021505,0.8943935483870968,14.236303225806452,True,False,True,medium
Pune,Rice,Kharif,2021,59746.08,166637.14,2.79,2.09,0.42158207299695205,0.5082266859926955,0.2723615137428504,5,23.66058494623656,21.16211827956989,27.063341935483876,13.051193548387095,3.121137634408602,88.94423010752688,0.9062989247311828,0.8998236559139785,14.338843010752688,True,False,True,medium
Pune,Rice,Kharif,2022,59820.51,151843.76,2.54,2.79,0.42158207299695205,0.5281974251883654,0.2723615137428504,5,23.62889247311828,21.06619139784946,27.27188172043011,14.342997849462364,3.391896774193549,87.34727741935482,0.8753827956989249,0.8600043010752687,14.24939569892473,True,False,True,medium
Pune,Rice,Summer,2021,27.0,84.05,3.11,,0.2795157131002068,0.2799550198705972,0.2790764063298165,2,28.12506451612903,22.08064516129032,35.51845161290322,4.513639784946237,2.4489408602150537,55.93031182795699,0.5234032258064516,0.4266182795698925,22.42502688172043,False,False,False,low
Pune,Safflower,Rabi,2020,2.29,1.11,0.48,,0.372791755960678,0.4475592061590682,0.2984273805970906,5,22.03084423963134,16.062548233486943,29.36946605222734,0.2474299539170506,1.759348387096774,63.29950000000001,0.6733084485407066,0.6491640552995392,18.41070414746544,False,False,False,medium
Pune,Safflower,Rabi,2021,2.29,2.23,0.97,0.48,0.3744181559534265,0.4450226815827025,0.3095495117607233,5,21.39098064516129,15.434230568356377,28.81581198156682,0.8104451612903224,1.841648694316436,65.75553502304147,0.6661073732718894,0.6388545314900155,17.86310491551459,False,False,False,medium
Pune,Safflower,Rabi,2022,2.82,1.55,0.55,0.97,0.3823351863810246,0.4692783342441044,0.312789858499526,5,21.24281367127496,14.761092165898615,29.315623195084488,0.0831354838709677,1.975425806451613,60.3940910906298,0.646263594470046,0.6121321044546851,18.876435791090632,False,False,False,medium
Pune,Sesamum,Kharif,2020,857.35,254.37,0.3,,0.4114655664617643,0.467906175016382,0.2447657245745562,5,24.00803010752688,21.660397849462363,27.252544086021505,14.648223655913975,2.869879569892473,89.13155268817204,0.8968344086021505,0.8943935483870968,14.236303225806452,True,False,True,medium
Pune,Sesamum,Kharif,2021,797.11,152.17,0.19,0.3,0.4114655664617643,0.5082266859926955,0.2447657245745562,5,23.66058494623656,21.16211827956989,27.063341935483876,13.051193548387095,3.121137634408602,88.94423010752688,0.9062989247311828,0.8998236559139785,14.338843010752688,True,False,True,medium
Pune,Sesamum,Kharif,2022,55.92,19.09,0.34,0.19,0.4114655664617643,0.5281974251883654,0.2447657245745562,5,23.62889247311828,21.06619139784946,27.27188172043011,14.342997849462364,3.391896774193549,87.34727741935482,0.8753827956989249,0.8600043010752687,14.24939569892473,True,False,True,medium
Pune,Sesamum,Rabi,2020,51.14,14.4,0.28,,0.372791755960678,0.4475592061590682,0.2984273805970906,5,22.03084423963134,16.062548233486943,29.36946605222734,0.2474299539170506,1.759348387096774,63.29950000000001,0.6733084485407066,0.6491640552995392,18.41070414746544,False,False,False,medium
Pune,Sesamum,Rabi,2021,48.35,34.55,0.71,0.28,0.3744181559534265,0.4450226815827025,0.3095495117607233,5,21.39098064516129,15.434230568356377,28.81581198156682,0.8104451612903224,1.841648694316436,65.75553502304147,0.6661073732718894,0.6388545314900155,17.86310491551459,False,False,False,medium
Pune,Soyabean,Kharif,2020,24704.71,69710.55,2.82,,0.4114655664617643,0.467906175016382,0.241067837336053,5,24.00803010752688,21.660397849462363,27.252544086021505,14.648223655913975,2.869879569892473,89.13155268817204,0.8968344086021505,0.8943935483870968,14.236303225806452,True,False,True,medium
Pune,Soyabean,Kharif,2021,28335.3,73850.29,2.61,2.82,0.4114655664617643,0.5082266859926955,0.241067837336053,5,23.66058494623656,21.16211827956989,27.063341935483876,13.051193548387095,3.121137634408602,88.94423010752688,0.9062989247311828,0.8998236559139785,14.338843010752688,True,False,True,medium
Pune,Soyabean,Kharif,2022,44340.0,115638.0,2.61,2.61,0.4114655664617643,0.5281974251883654,0.241067837336053,5,23.62889247311828,21.06619139784946,27.27188172043011,14.342997849462364,3.391896774193549,87.34727741935482,0.8753827956989249,0.8600043010752687,14.24939569892473,True,False,True,medium
Pune,Soyabean,Summer,2021,1539.45,2309.18,1.5,,0.2795157131002068,0.2799550198705972,0.2790764063298165,2,28.12506451612903,22.08064516129032,35.51845161290322,4.513639784946237,2.4489408602150537,55.93031182795699,0.5234032258064516,0.4266182795698925,22.42502688172043,False,False,False,low
Pune,Soyabean,Summer,2022,163.05,244.58,1.5,1.5,0.2790163903410204,0.28119607341721,0.2768367072648308,2,29.02236559139785,22.42072580645161,37.58854301075269,0.2790537634408602,3.019693548387097,50.70020430107528,0.4879139784946236,0.2673924731182795,23.42939247311828,False,False,False,low
Pune,Sugarcane,Whole Year,2020,117830.0,13359894.69,113.38,,0.3730108423266771,0.467906175016382,0.20171800959583375,12,23.72534967865529,19.01429616240267,29.66651810653813,6.219713261648746,2.4402597330367075,73.42626962056606,0.7397510196514645,0.6993824928933382,18.05083268446422,True,False,True,high
Pune,Sugarcane,Whole Year,2021,155265.0,17138495.27,110.38,113.38,0.3730108423266771,0.5082266859926955,0.20171800959583375,12,23.77186699948797,19.317372695852534,29.39698540706605,6.603331477214542,2.4510026881720437,73.16171102150537,0.7410792370711725,0.7138577828981055,17.110918842805937,True,False,True,high
Pune,Sugarcane,Whole Year,2022,157570.0,16859990.0,107.0,110.38,0.3730108423266771,0.5281974251883654,0.20171800959583375,12,23.486422939068092,18.71144015617,29.695206605222733,6.031537634408603,2.6864629416282644,71.58530088325652,0.7235823732718893,0.6680083845366104,17.59505894777266,True,False,True,high
Pune,Sunflower,Kharif,2020,133.38,91.04,0.68,,0.4009920640763048,0.467906175016382,0.2723615137428504,5,24.00803010752688,21.660397849462363,27.252544086021505,14.648223655913975,2.869879569892473,89.13155268817204,0.8968344086021505,0.8943935483870968,14.236303225806452,True,False,True,medium
Pune,Sunflower,Kharif,2021,137.02,78.55,0.57,0.68,0.4009920640763048,0.5082266859926955,0.2723615137428504,5,23.66058494623656,21.16211827956989,27.063341935483876,13.051193548387095,3.121137634408602,88.94423010752688,0.9062989247311828,0.8998236559139785,14.338843010752688,True,False,True,medium
Pune,Sunflower,Kharif,2022,152.0,71.0,0.47,0.57,0.4009920640763048,0.5281974251883654,0.2723615137428504,5,23.62889247311828,21.06619139784946,27.27188172043011,14.342997849462364,3.391896774193549,87.34727741935482,0.8753827956989249,0.8600043010752687,14.24939569892473,True,False,True,medium
Pune,Sunflower,Rabi,2020,90.3,35.24,0.39,,0.372791755960678,0.4475592061590682,0.2984273805970906,5,22.03084423963134,16.062548233486943,29.36946605222734,0.2474299539170506,1.759348387096774,63.29950000000001,0.6733084485407066,0.6491640552995392,18.41070414746544,False,False,False,medium
Pune,Sunflower,Rabi,2021,116.68,153.87,1.32,0.39,0.3744181559534265,0.4450226815827025,0.3095495117607233,5,21.39098064516129,15.434230568356377,28.81581198156682,0.8104451612903224,1.841648694316436,65.75553502304147,0.6661073732718894,0.6388545314900155,17.86310491551459,False,False,False,medium
Pune,Sunflower,Rabi,2022,96.63,113.07,1.17,1.32,0.3823351863810246,0.4692783342441044,0.312789858499526,5,21.24281367127496,14.761092165898615,29.315623195084488,0.0831354838709677,1.975425806451613,60.3940910906298,0.646263594470046,0.6121321044546851,18.876435791090632,False,False,False,medium
Pune,Sunflower,Summer,2020,2.0,0.59,0.3,,0.2930216395016627,0.2940273709854061,0.2920159080179193,2,29.58717741935484,22.239532258064514,38.53781720430108,0.4223655913978494,2.665930107526882,48.336010752688175,0.4893709677419354,0.3004301075268817,25.59383870967742,False,False,False,low
Pune,Sunflower,Summer,2021,13.0,11.05,0.85,0.3,0.2795157131002068,0.2799550198705972,0.2790764063298165,2,28.12506451612903,22.08064516129032,35.51845161290322,4.513639784946237,2.4489408602150537,55.93031182795699,0.5234032258064516,0.4266182795698925,22.42502688172043,False,False,False,low
Pune,Sunflower,Summer,2022,16.0,14.0,0.88,0.85,0.2790163903410204,0.28119607341721,0.2768367072648308,2,29.02236559139785,22.42072580645161,37.58854301075269,0.2790537634408602,3.019693548387097,50.70020430107528,0.4879139784946236,0.2673924731182795,23.42939247311828,False,False,False,low
Pune,Urad,Kharif,2020,1453.9,763.34,0.53,,0.4114655664617643,0.467906175016382,0.241067837336053,5,24.00803010752688,21.660397849462363,27.252544086021505,14.648223655913975,2.869879569892473,89.13155268817204,0.8968344086021505,0.8943935483870968,14.236303225806452,True,False,True,medium
Pune,Urad,Kharif,2021,1567.23,1500.47,0.96,0.53,0.4114655664617643,0.5082266859926955,0.241067837336053,5,23.66058494623656,21.16211827956989,27.063341935483876,13.051193548387095,3.121137634408602,88.94423010752688,0.9062989247311828,0.8998236559139785,14.338843010752688,True,False,True,medium
Pune,Urad,Kharif,2022,1307.64,1001.39,0.77,0.96,0.4114655664617643,0.5281974251883654,0.241067837336053,5,23.62889247311828,21.06619139784946,27.27188172043011,14.342997849462364,3.391896774193549,87.34727741935482,0.8753827956989249,0.8600043010752687,14.24939569892473,True,False,True,medium
Pune,Urad,Summer,2021,0.8,0.43,0.54,,0.2795157131002068,0.2799550198705972,0.2790764063298165,2,28.12506451612903,22.08064516129032,35.51845161290322,4.513639784946237,2.4489408602150537,55.93031182795699,0.5234032258064516,0.4266182795698925,22.42502688172043,False,False,False,low
Pune,Urad,Summer,2022,51.0,27.48,0.54,0.54,0.2790163903410204,0.28119607341721,0.2768367072648308,2,29.02236559139785,22.42072580645161,37.58854301075269,0.2790537634408602,3.019693548387097,50.70020430107528,0.4879139784946236,0.2673924731182795,23.42939247311828,False,False,False,low
Pune,Wheat,Rabi,2020,43160.1,90131.16,2.09,,0.372791755960678,0.4475592061590682,0.2984273805970906,5,22.03084423963134,16.062548233486943,29.36946605222734,0.2474299539170506,1.759348387096774,63.29950000000001,0.6733084485407066,0.6491640552995392,18.41070414746544,False,False,False,medium
Pune,Wheat,Rabi,2021,45702.83,96090.2,2.1,2.09,0.3744181559534265,0.4450226815827025,0.3095495117607233,5,21.39098064516129,15.434230568356377,28.81581198156682,0.8104451612903224,1.841648694316436,65.75553502304147,0.6661073732718894,0.6388545314900155,17.86310491551459,False,False,False,medium
Pune,Wheat,Rabi,2022,47687.58,116262.32,2.44,2.1,0.3823351863810246,0.4692783342441044,0.312789858499526,5,21.24281367127496,14.761092165898615,29.315623195084488,0.0831354838709677,1.975425806451613,60.3940910906298,0.646263594470046,0.6121321044546851,18.876435791090632,False,False,False,medium
Pune,other oilseeds,Kharif,2020,44.0,9.2,0.21,,0.4009920640763048,0.467906175016382,0.2492406248839314,5,24.00803010752688,21.660397849462363,27.252544086021505,14.648223655913975,2.869879569892473,89.13155268817204,0.8968344086021505,0.8943935483870968,14.236303225806452,True,False,True,medium
Pune,other oilseeds,Kharif,2022,32.0,7.34,0.23,0.21,0.4009920640763048,0.5281974251883654,0.2492406248839314,5,23.62889247311828,21.06619139784946,27.27188172043011,14.342997849462364,3.391896774193549,87.34727741935482,0.8753827956989249,0.8600043010752687,14.24939569892473,True,False,True,medium
Pune,other oilseeds,Rabi,2020,225.0,37.04,0.16,,0.372791755960678,0.4475592061590682,0.2984273805970906,5,22.03084423963134,16.062548233486943,29.36946605222734,0.2474299539170506,1.759348387096774,63.29950000000001,0.6733084485407066,0.6491640552995392,18.41070414746544,False,False,False,medium
Pune,other oilseeds,Rabi,2021,154.15,20.23,0.13,0.16,0.3744181559534265,0.4450226815827025,0.3095495117607233,5,21.39098064516129,15.434230568356377,28.81581198156682,0.8104451612903224,1.841648694316436,65.75553502304147,0.6661073732718894,0.6388545314900155,17.86310491551459,False,False,False,medium
Pune,other oilseeds,Rabi,2022,55.5,11.89,0.21,0.13,0.3823351863810246,0.4692783342441044,0.312789858499526,5,21.24281367127496,14.761092165898615,29.315623195084488,0.0831354838709677,1.975425806451613,60.3940910906298,0.646263594470046,0.6121321044546851,18.876435791090632,False,False,False,medium
Pune,other oilseeds,Summer,2022,4.1,1.63,0.4,,0.2790163903410204,0.28119607341721,0.2768367072648308,2,29.02236559139785,22.42072580645161,37.58854301075269,0.2790537634408602,3.019693548387097,50.70020430107528,0.4879139784946236,0.2673924731182795,23.42939247311828,False,False,False,low
Raigad,Arhar/Tur,Kharif,2020,208.94,138.32,0.66,,0.4114655664617643,0.5860179711704641,0.241067837336053,5,26.77997204301075,24.9769311827957,29.231804301075265,18.111182795698923,2.740430107526882,88.17221290322581,0.9423118279569892,0.9360602150537634,14.236303225806452,True,True,True,medium
Raigad,Arhar/Tur,Kharif,2021,1290.52,776.25,0.6,0.66,0.4114655664617643,0.5860179711704641,0.241067837336053,5,26.56377849462365,24.593866666666667,29.156720430107534,17.237088172043013,2.7635655913978496,87.36543870967742,0.9529698924731184,0.9419247311827956,14.338843010752688,True,True,True,medium
Raigad,Arhar/Tur,Kharif,2022,980.0,630.0,0.64,0.6,0.4114655664617643,0.5860179711704641,0.241067837336053,5,26.423888172043007,24.39634193548387,29.2028623655914,17.347260215053762,3.1475290322580647,86.239488172043,0.9169698924731182,0.8938623655913979,14.24939569892473,True,True,True,medium
Raigad,Gram,Rabi,2020,1335.73,1224.39,0.92,,0.39860682211789794,0.47964805913657504,0.28734854097428925,5,25.54548141321045,20.13844531490016,32.76202749615975,0.2119912442396313,2.005467434715822,61.672430107526885,0.692105376344086,0.6219889400921659,18.41070414746544,True,True,True,medium
Raigad,Gram,Rabi,2021,985.16,905.07,0.92,0.92,0.39860682211789794,0.47964805913657504,0.28734854097428925,5,24.66799324116744,19.30416774193548,31.661830107526885,0.8453019969278032,1.9873179723502303,65.89474301075269,0.6983542242703533,0.6455671274961597,17.86310491551459,True,True,True,medium
Raigad,Gram,Rabi,2022,966.98,837.43,0.87,0.92,0.39860682211789794,0.47964805913657504,0.28734854097428925,5,24.89626543778802,19.207639324116744,32.56671228878648,0.1518282642089093,2.275515207373272,58.33215883256529,0.6747393241167434,0.592373271889401,18.876435791090632,True,True,True,medium
Raigad,Groundnut,Kharif,2021,18.0,15.71,0.87,,0.4009920640763048,0.5712580928552405,0.2429167809553046,5,26.56377849462365,24.593866666666667,29.156720430107534,17.237088172043013,2.7635655913978496,87.36543870967742,0.9529698924731184,0.9419247311827956,14.338843010752688,True,True,True,medium
Raigad,Groundnut,Summer,2020,10.0,39.94,3.99,,0.2310359170330002,0.2511918662926406,0.213056518847765,2,31.30560752688172,25.63874731182796,38.83418817204301,0.3180215053763441,2.5567043010752686,57.1230752688172,0.582763440860215,0.2973064516129032,25.59383870967742,True,True,True,low
Raigad,Groundnut,Summer,2021,9.0,32.02,3.56,3.99,0.2310359170330002,0.2511918662926406,0.213056518847765,2,30.52816129032258,25.78485483870968,36.8628870967742,4.600198924731182,2.4286075268817204,60.04253225806451,0.6131021505376344,0.4249731182795699,22.42502688172043,True,True,True,low
Raigad,Groundnut,Summer,2022,23.0,136.0,5.91,3.56,0.2310359170330002,0.2511918662926406,0.213056518847765,2,31.000494623655914,26.04745698924732,37.93169892473118,0.2063602150537634,2.60044623655914,58.35765591397849,0.5805,0.275016129032258,23.42939247311828,True,True,True,low
Raigad,Moong(Green Gram),Kharif,2020,1.4,0.51,0.36,,0.4114655664617643,0.581686613461441,0.241067837336053,5,26.77997204301075,24.9769311827957,29.231804301075265,18.111182795698923,2.740430107526882,88.17221290322581,0.9423118279569892,0.9360602150537634,14.236303225806452,True,True,True,medium
Raigad,Moong(Green Gram),Summer,2021,0.26,0.05,0.18,,0.22643905097955008,0.24599611958896778,0.20697208482159715,2,30.52816129032258,25.78485483870968,36.8628870967742,4.600198924731182,2.4286075268817204,60.04253225806451,0.6131021505376344,0.4249731182795699,22.42502688172043,True,True,True,low
Raigad,Niger seed,Kharif,2020,33.0,3.71,0.11,,0.4009920640763048,0.5530677485685076,0.2723615137428504,5,26.77997204301075,24.9769311827957,29.231804301075265,18.111182795698923,2.740430107526882,88.17221290322581,0.9423118279569892,0.9360602150537634,14.236303225806452,True,True,True,medium
Raigad,Niger seed,Kharif,2021,33.0,5.65,0.17,0.11,0.4009920640763048,0.5530677485685076,0.2723615137428504,5,26.56377849462365,24.593866666666667,29.156720430107534,17.237088172043013,2.7635655913978496,87.36543870967742,0.9529698924731184,0.9419247311827956,14.338843010752688,True,True,True,medium
Raigad,Other  Rabi pulses,Rabi,2020,11237.13,3921.76,0.35,,0.3924539928430778,0.4748234892099104,0.295596447007373,5,25.54548141321045,20.13844531490016,32.76202749615975,0.2119912442396313,2.005467434715822,61.672430107526885,0.692105376344086,0.6219889400921659,18.41070414746544,True,True,True,medium
Raigad,Other  Rabi pulses,Rabi,2021,12638.33,4423.42,0.35,0.35,0.3924539928430778,0.4748234892099104,0.295596447007373,5,24.66799324116744,19.30416774193548,31.661830107526885,0.8453019969278032,1.9873179723502303,65.89474301075269,0.6983542242703533,0.6455671274961597,17.86310491551459,True,True,True,medium
Raigad,Other  Rabi pulses,Rabi,2022,12993.52,4534.74,0.35,0.35,0.3924539928430778,0.4748234892099104,0.295596447007373,5,24.89626543778802,19.207639324116744,32.56671228878648,0.1518282642089093,2.275515207373272,58.33215883256529,0.6747393241167434,0.592373271889401,18.876435791090632,True,True,True,medium
Raigad,Other Cereals,Kharif,2020,409.5,174.04,0.43,,0.4009920640763048,0.5848585114424089,0.2537155251933066,5,26.77997204301075,24.9769311827957,29.231804301075265,18.111182795698923,2.740430107526882,88.17221290322581,0.9423118279569892,0.9360602150537634,14.236303225806452,True,True,True,medium
Raigad,Other Cereals,Kharif,2021,371.93,158.07,0.42,0.43,0.4009920640763048,0.5848585114424089,0.2537155251933066,5,26.56377849462365,24.593866666666667,29.156720430107534,17.237088172043013,2.7635655913978496,87.36543870967742,0.9529698924731184,0.9419247311827956,14.338843010752688,True,True,True,medium
Raigad,Other Cereals,Kharif,2022,316.99,142.2,0.45,0.42,0.4009920640763048,0.5848585114424089,0.2537155251933066,5,26.423888172043007,24.39634193548387,29.2028623655914,17.347260215053762,3.1475290322580647,86.239488172043,0.9169698924731182,0.8938623655913979,14.24939569892473,True,True,True,medium
Raigad,Other Kharif pulses,Kharif,2020,17.0,8.35,0.49,,0.4009920640763048,0.5860179711704641,0.2537155251933066,5,26.77997204301075,24.9769311827957,29.231804301075265,18.111182795698923,2.740430107526882,88.17221290322581,0.9423118279569892,0.9360602150537634,14.236303225806452,True,True,True,medium
Raigad,Other Kharif pulses,Kharif,2022,2.0,1.0,0.5,0.49,0.4009920640763048,0.5860179711704641,0.2537155251933066,5,26.423888172043007,24.39634193548387,29.2028623655914,17.347260215053762,3.1475290322580647,86.239488172043,0.9169698924731182,0.8938623655913979,14.24939569892473,True,True,True,medium
Raigad,Other Summer Pulses,Summer,2021,6.5,2.28,0.35,,0.23550570929499065,0.2518931141717084,0.21585327281037164,2,30.52816129032258,25.78485483870968,36.8628870967742,4.600198924731182,2.4286075268817204,60.04253225806451,0.6131021505376344,0.4249731182795699,22.42502688172043,True,True,True,low
Raigad,Ragi,Kharif,2020,5068.24,4814.09,0.95,,0.366957985075254,0.5325489343282269,0.2878671519862098,5,26.77997204301075,24.9769311827957,29.231804301075265,18.111182795698923,2.740430107526882,88.17221290322581,0.9423118279569892,0.9360602150537634,14.236303225806452,True,True,True,medium
Raigad,Ragi,Kharif,2021,5148.86,6216.74,1.21,0.95,0.366957985075254,0.5325489343282269,0.2878671519862098,5,26.56377849462365,24.593866666666667,29.156720430107534,17.237088172043013,2.7635655913978496,87.36543870967742,0.9529698924731184,0.9419247311827956,14.338843010752688,True,True,True,medium
Raigad,Ragi,Kharif,2022,4905.0,4934.0,1.01,1.21,0.366957985075254,0.5325489343282269,0.2878671519862098,5,26.423888172043007,24.39634193548387,29.2028623655914,17.347260215053762,3.1475290322580647,86.239488172043,0.9169698924731182,0.8938623655913979,14.24939569892473,True,True,True,medium
Raigad,Rice,Kharif,2020,95552.17,175742.34,1.84,,0.42158207299695205,0.5673029612997963,0.2723615137428504,5,26.77997204301075,24.9769311827957,29.231804301075265,18.111182795698923,2.740430107526882,88.17221290322581,0.9423118279569892,0.9360602150537634,14.236303225806452,True,True,True,medium
Raigad,Rice,Kharif,2021,95967.49,218410.2,2.28,1.84,0.42158207299695205,0.5673029612997963,0.2723615137428504,5,26.56377849462365,24.593866666666667,29.156720430107534,17.237088172043013,2.7635655913978496,87.36543870967742,0.9529698924731184,0.9419247311827956,14.338843010752688,True,True,True,medium
Raigad,Rice,Kharif,2022,95155.61,253990.0,2.67,2.28,0.42158207299695205,0.5673029612997963,0.2723615137428504,5,26.423888172043007,24.39634193548387,29.2028623655914,17.347260215053762,3.1475290322580647,86.239488172043,0.9169698924731182,0.8938623655913979,14.24939569892473,True,True,True,medium
Raigad,Rice,Summer,2020,3124.3,8740.42,2.8,,0.2661380746558501,0.2781900096589682,0.2604919607988918,2,31.30560752688172,25.63874731182796,38.83418817204301,0.3180215053763441,2.5567043010752686,57.1230752688172,0.582763440860215,0.2973064516129032,25.59383870967742,True,True,True,low
Raigad,Rice,Summer,2021,3124.3,9094.34,2.91,2.8,0.2661380746558501,0.2781900096589682,0.2604919607988918,2,30.52816129032258,25.78485483870968,36.8628870967742,4.600198924731182,2.4286075268817204,60.04253225806451,0.6131021505376344,0.4249731182795699,22.42502688172043,True,True,True,low
Raigad,Rice,Summer,2022,937.29,3797.54,4.05,2.91,0.2661380746558501,0.2781900096589682,0.2604919607988918,2,31.000494623655914,26.04745698924732,37.93169892473118,0.2063602150537634,2.60044623655914,58.35765591397849,0.5805,0.275016129032258,23.42939247311828,True,True,True,low
Raigad,Urad,Kharif,2020,13.55,4.59,0.34,,0.4114655664617643,0.5860179711704641,0.241067837336053,5,26.77997204301075,24.9769311827957,29.231804301075265,18.111182795698923,2.740430107526882,88.17221290322581,0.9423118279569892,0.9360602150537634,14.236303225806452,True,True,True,medium
Raigad,Urad,Kharif,2021,13.55,7.26,0.54,0.34,0.4114655664617643,0.5860179711704641,0.241067837336053,5,26.56377849462365,24.593866666666667,29.156720430107534,17.237088172043013,2.7635655913978496,87.36543870967742,0.9529698924731184,0.9419247311827956,14.338843010752688,True,True,True,medium
Raigad,other oilseeds,Kharif,2020,19.0,5.42,0.29,,0.4009920640763048,0.5626616548690501,0.2492406248839314,5,26.77997204301075,24.9769311827957,29.231804301075265,18.111182795698923,2.740430107526882,88.17221290322581,0.9423118279569892,0.9360602150537634,14.236303225806452,True,True,True,medium
Raigad,other oilseeds,Rabi,2020,9.8,4.41,0.45,,0.396447493450646,0.4765642646434763,0.2907057108129193,5,25.54548141321045,20.13844531490016,32.76202749615975,0.2119912442396313,2.005467434715822,61.672430107526885,0.692105376344086,0.6219889400921659,18.41070414746544,True,True,True,medium
Raigad,other oilseeds,Rabi,2021,11.2,5.04,0.45,0.45,0.396447493450646,0.4765642646434763,0.2907057108129193,5,24.66799324116744,19.30416774193548,31.661830107526885,0.8453019969278032,1.9873179723502303,65.89474301075269,0.6983542242703533,0.6455671274961597,17.86310491551459,True,True,True,medium
Raigad,other oilseeds,Rabi,2022,13.3,5.99,0.45,0.45,0.396447493450646,0.4765642646434763,0.2907057108129193,5,24.89626543778802,19.207639324116744,32.56671228878648,0.1518282642089093,2.275515207373272,58.33215883256529,0.6747393241167434,0.592373271889401,18.876435791090632,True,True,True,medium
Ratnagiri,Arhar/Tur,Kharif,2020,45.67,30.23,0.66,,0.4114655664617643,0.6356003227814048,0.241067837336053,5,27.713675268817205,27.09429247311828,28.42327096774193,15.669382795698922,4.348838709677419,85.35770537634407,0.91867311827957,0.8881376344086022,14.553421505376344,True,False,True,medium
Ratnagiri,Arhar/Tur,Kharif,2021,45.67,27.47,0.6,0.66,0.4114655664617643,0.649596034757033,0.241067837336053,5,27.7093311827957,26.968845161290325,28.546987096774195,12.38374623655914,4.296866666666667,83.91389032258066,0.8781569892473119,0.8563698924731182,15.439724731182796,True,False,True,medium
Ratnagiri,Arhar/Tur,Kharif,2022,43.0,28.0,0.65,0.6,0.4114655664617643,0.7257634755995672,0.241067837336053,5,27.38471827956989,26.585967741935484,28.281593548387093,11.39762365591398,4.633258064516129,83.93991182795699,0.8444494623655914,0.8220602150537634,15.473526881720431,True,False,True,medium
Ratnagiri,Gram,Rabi,2020,66.66,61.1,0.92,,0.5236882732264142,0.6379384414536663,0.4183667908090941,5,27.462110906298005,25.053883410138248,30.37455698924731,0.1617440860215053,3.4024546850998463,68.07887496159753,0.534621351766513,0.4899219662058371,19.265515514592938,False,False,False,medium
Ratnagiri,Gram,Rabi,2021,24.9,22.88,0.92,0.92,0.5355361921351104,0.6397837371706513,0.4476648344014651,5,26.538013364055296,24.47094746543779,29.08565130568356,1.3377961597542245,3.2606253456221195,70.75663763440859,0.5526247311827958,0.534205222734255,18.653932565284176,False,False,False,medium
Ratnagiri,Groundnut,Kharif,2020,11.0,10.3,0.94,,0.4009920640763048,0.6356003227814048,0.2429167809553046,5,27.713675268817205,27.09429247311828,28.42327096774193,15.669382795698922,4.348838709677419,85.35770537634407,0.91867311827957,0.8881376344086022,14.553421505376344,True,False,True,medium
Ratnagiri,Groundnut,Kharif,2021,11.0,9.6,0.87,0.94,0.4009920640763048,0.649596034757033,0.2429167809553046,5,27.7093311827957,26.968845161290325,28.546987096774195,12.38374623655914,4.296866666666667,83.91389032258066,0.8781569892473119,0.8563698924731182,15.439724731182796,True,False,True,medium
Ratnagiri,Groundnut,Kharif,2022,11.0,10.1,0.92,0.87,0.4009920640763048,0.7257634755995672,0.2429167809553046,5,27.38471827956989,26.585967741935484,28.281593548387093,11.39762365591398,4.633258064516129,83.93991182795699,0.8444494623655914,0.8220602150537634,15.473526881720431,True,False,True,medium
Ratnagiri,Groundnut,Summer,2020,59.0,88.0,1.49,,0.4256335010060319,0.4446990183759553,0.4065679836361085,2,29.826155913978496,28.08090322580645,32.30422580645161,0.6654892473118279,4.077349462365591,72.23805913978495,0.3708064516129032,0.2680376344086022,24.34478494623656,False,False,False,low
Ratnagiri,Groundnut,Summer,2021,59.0,96.29,1.63,1.49,0.4186081643122462,0.437526569023053,0.3996897596014395,2,29.79989247311828,28.272978494623658,31.86162365591398,5.02539247311828,3.739086021505377,71.63345161290323,0.4239784946236559,0.3660322580645161,22.34386559139785,False,False,False,low
Ratnagiri,Groundnut,Summer,2022,32.0,75.0,2.34,1.63,0.4286504442701104,0.4361907258677927,0.4211101626724281,2,29.770913978494622,28.279026881720437,31.95051612903226,0.8518709677419354,3.5803978494623654,72.34541397849463,0.3754946236559139,0.2953548387096774,21.46997311827957,False,False,False,low
Ratnagiri,Jowar,Summer,2021,2.0,1.66,0.83,,0.4186081643122462,0.437526569023053,0.3996897596014395,2,29.79989247311828,28.272978494623658,31.86162365591398,5.02539247311828,3.739086021505377,71.63345161290323,0.4239784946236559,0.3660322580645161,22.34386559139785,False,False,False,low
Ratnagiri,Maize,Rabi,2020,9.7,26.64,2.75,,0.5236882732264142,0.6379384414536663,0.4183667908090941,5,27.462110906298005,25.053883410138248,30.37455698924731,0.1617440860215053,3.4024546850998463,68.07887496159753,0.534621351766513,0.4899219662058371,19.265515514592938,False,False,False,medium
Ratnagiri,Maize,Rabi,2021,35.4,87.21,2.46,2.75,0.5355361921351104,0.6397837371706513,0.4476648344014651,5,26.538013364055296,24.47094746543779,29.08565130568356,1.3377961597542245,3.2606253456221195,70.75663763440859,0.5526247311827958,0.534205222734255,18.653932565284176,False,False,False,medium
Ratnagiri,Maize,Rabi,2022,34.5,94.83,2.75,2.46,0.5369173892931727,0.6548492289791329,0.4115655653589991,5,27.011949615975418,24.139041321044548,30.512329032258062,0.0739454685099846,3.628613824884793,65.86196666666666,0.4493860215053763,0.3686104454685101,19.582847311827955,False,False,False,medium
Ratnagiri,Moong(Green Gram),Kharif,2020,11.45,4.16,0.36,,0.4114655664617643,0.6356003227814048,0.241067837336053,5,27.713675268817205,27.09429247311828,28.42327096774193,15.669382795698922,4.348838709677419,85.35770537634407,0.91867311827957,0.8881376344086022,14.553421505376344,True,False,True,medium
Ratnagiri,Moong(Green Gram),Summer,2021,0.51,0.09,0.18,,0.4186081643122462,0.437526569023053,0.3996897596014395,2,29.79989247311828,28.272978494623658,31.86162365591398,5.02539247311828,3.739086021505377,71.63345161290323,0.4239784946236559,0.3660322580645161,22.34386559139785,False,False,False,low
Ratnagiri,Moong(Green Gram),Summer,2022,3.66,0.67,0.18,0.18,0.4286504442701104,0.4361907258677927,0.4211101626724281,2,29.770913978494622,28.279026881720437,31.95051612903226,0.8518709677419354,3.5803978494623654,72.34541397849463,0.3754946236559139,0.2953548387096774,21.46997311827957,False,False,False,low
Ratnagiri,Niger seed,Kharif,2020,35.0,3.93,0.11,,0.4009920640763048,0.6356003227814048,0.2723615137428504,5,27.713675268817205,27.09429247311828,28.42327096774193,15.669382795698922,4.348838709677419,85.35770537634407,0.91867311827957,0.8881376344086022,14.553421505376344,True,False,True,medium
Ratnagiri,Niger seed,Kharif,2021,10.0,1.71,0.17,0.11,0.4009920640763048,0.649596034757033,0.2723615137428504,5,27.7093311827957,26.968845161290325,28.546987096774195,12.38374623655914,4.296866666666667,83.91389032258066,0.8781569892473119,0.8563698924731182,15.439724731182796,True,False,True,medium
Ratnagiri,Other  Rabi pulses,Rabi,2020,5342.79,4033.81,0.76,,0.5236882732264142,0.6379384414536663,0.4183667908090941,5,27.462110906298005,25.053883410138248,30.37455698924731,0.1617440860215053,3.4024546850998463,68.07887496159753,0.534621351766513,0.4899219662058371,19.265515514592938,False,False,False,medium
Ratnagiri,Other  Rabi pulses,Rabi,2021,5892.55,4537.26,0.77,0.76,0.5355361921351104,0.6397837371706513,0.4476648344014651,5,26.538013364055296,24.47094746543779,29.08565130568356,1.3377961597542245,3.2606253456221195,70.75663763440859,0.5526247311827958,0.534205222734255,18.653932565284176,False,False,False,medium
Ratnagiri,Other  Rabi pulses,Rabi,2022,7282.13,5607.24,0.77,0.77,0.5369173892931727,0.6548492289791329,0.4115655653589991,5,27.011949615975418,24.139041321044548,30.512329032258062,0.0739454685099846,3.628613824884793,65.86196666666666,0.4493860215053763,0.3686104454685101,19.582847311827955,False,False,False,medium
Ratnagiri,Other Cereals,Kharif,2020,389.31,195.04,0.5,,0.4009920640763048,0.6356003227814048,0.2537155251933066,5,27.713675268817205,27.09429247311828,28.42327096774193,15.669382795698922,4.348838709677419,85.35770537634407,0.91867311827957,0.8881376344086022,14.553421505376344,True,False,True,medium
Ratnagiri,Other Cereals,Kharif,2021,416.0,208.42,0.5,0.5,0.4009920640763048,0.649596034757033,0.2537155251933066,5,27.7093311827957,26.968845161290325,28.546987096774195,12.38374623655914,4.296866666666667,83.91389032258066,0.8781569892473119,0.8563698924731182,15.439724731182796,True,False,True,medium
Ratnagiri,Other Cereals,Kharif,2022,382.01,321.04,0.84,0.5,0.4009920640763048,0.7257634755995672,0.2537155251933066,5,27.38471827956989,26.585967741935484,28.281593548387093,11.39762365591398,4.633258064516129,83.93991182795699,0.8444494623655914,0.8220602150537634,15.473526881720431,True,False,True,medium
Ratnagiri,Other Cereals,Rabi,2020,67.87,68.41,1.01,,0.5236882732264142,0.6379384414536663,0.4183667908090941,5,27.462110906298005,25.053883410138248,30.37455698924731,0.1617440860215053,3.4024546850998463,68.07887496159753,0.534621351766513,0.4899219662058371,19.265515514592938,False,False,False,medium
Ratnagiri,Other Cereals,Rabi,2021,28.67,29.24,1.02,1.01,0.5355361921351104,0.6397837371706513,0.4476648344014651,5,26.538013364055296,24.47094746543779,29.08565130568356,1.3377961597542245,3.2606253456221195,70.75663763440859,0.5526247311827958,0.534205222734255,18.653932565284176,False,False,False,medium
Ratnagiri,Other Cereals,Rabi,2022,17.29,17.64,1.02,1.02,0.5369173892931727,0.6548492289791329,0.4115655653589991,5,27.011949615975418,24.139041321044548,30.512329032258062,0.0739454685099846,3.628613824884793,65.86196666666666,0.4493860215053763,0.3686104454685101,19.582847311827955,False,False,False,medium
Ratnagiri,Other Kharif pulses,Kharif,2020,26.4,13.73,0.52,,0.4009920640763048,0.6356003227814048,0.2537155251933066,5,27.713675268817205,27.09429247311828,28.42327096774193,15.669382795698922,4.348838709677419,85.35770537634407,0.91867311827957,0.8881376344086022,14.553421505376344,True,False,True,medium
Ratnagiri,Other Kharif pulses,Kharif,2021,313.36,163.01,0.52,0.52,0.4009920640763048,0.649596034757033,0.2537155251933066,5,27.7093311827957,26.968845161290325,28.546987096774195,12.38374623655914,4.296866666666667,83.91389032258066,0.8781569892473119,0.8563698924731182,15.439724731182796,True,False,True,medium
Ratnagiri,Other Kharif pulses,Kharif,2022,39.0,22.0,0.56,0.52,0.4009920640763048,0.7257634755995672,0.2537155251933066,5,27.38471827956989,26.585967741935484,28.281593548387093,11.39762365591398,4.633258064516129,83.93991182795699,0.8444494623655914,0.8220602150537634,15.473526881720431,True,False,True,medium
Ratnagiri,Other Summer Pulses,Summer,2021,155.61,54.47,0.35,,0.4186081643122462,0.437526569023053,0.3996897596014395,2,29.79989247311828,28.272978494623658,31.86162365591398,5.02539247311828,3.739086021505377,71.63345161290323,0.4239784946236559,0.3660322580645161,22.34386559139785,False,False,False,low
Ratnagiri,Other Summer Pulses,Summer,2022,62.78,30.1,0.48,0.35,0.4286504442701104,0.4361907258677927,0.4211101626724281,2,29.770913978494622,28.279026881720437,31.95051612903226,0.8518709677419354,3.5803978494623654,72.34541397849463,0.3754946236559139,0.2953548387096774,21.46997311827957,False,False,False,low
Ratnagiri,Ragi,Kharif,2020,10355.83,14967.96,1.45,,0.366957985075254,0.6356003227814048,0.2878671519862098,5,27.713675268817205,27.09429247311828,28.42327096774193,15.669382795698922,4.348838709677419,85.35770537634407,0.91867311827957,0.8881376344086022,14.553421505376344,True,False,True,medium
Ratnagiri,Ragi,Kharif,2021,10282.82,17432.46,1.7,1.45,0.366957985075254,0.649596034757033,0.2878671519862098,5,27.7093311827957,26.968845161290325,28.546987096774195,12.38374623655914,4.296866666666667,83.91389032258066,0.8781569892473119,0.8563698924731182,15.439724731182796,True,False,True,medium
Ratnagiri,Ragi,Kharif,2022,10050.0,14141.0,1.41,1.7,0.366957985075254,0.7257634755995672,0.2878671519862098,5,27.38471827956989,26.585967741935484,28.281593548387093,11.39762365591398,4.633258064516129,83.93991182795699,0.8444494623655914,0.8220602150537634,15.473526881720431,True,False,True,medium
Ratnagiri,Rice,Kharif,2020,75842.08,213611.59,2.82,,0.42158207299695205,0.6356003227814048,0.2723615137428504,5,27.713675268817205,27.09429247311828,28.42327096774193,15.669382795698922,4.348838709677419,85.35770537634407,0.91867311827957,0.8881376344086022,14.553421505376344,True,False,True,medium
Ratnagiri,Rice,Kharif,2021,77223.45,221160.16,2.86,2.82,0.42158207299695205,0.649596034757033,0.2723615137428504,5,27.7093311827957,26.968845161290325,28.546987096774195,12.38374623655914,4.296866666666667,83.91389032258066,0.8781569892473119,0.8563698924731182,15.439724731182796,True,False,True,medium
Ratnagiri,Rice,Kharif,2022,69190.23,206440.0,2.98,2.86,0.42158207299695205,0.7257634755995672,0.2723615137428504,5,27.38471827956989,26.585967741935484,28.281593548387093,11.39762365591398,4.633258064516129,83.93991182795699,0.8444494623655914,0.8220602150537634,15.473526881720431,True,False,True,medium
Ratnagiri,Rice,Summer,2020,14.0,27.4,1.96,,0.4256335010060319,0.4446990183759553,0.4065679836361085,2,29.826155913978496,28.08090322580645,32.30422580645161,0.6654892473118279,4.077349462365591,72.23805913978495,0.3708064516129032,0.2680376344086022,24.34478494623656,False,False,False,low
Ratnagiri,Rice,Summer,2021,14.0,37.59,2.69,1.96,0.4186081643122462,0.437526569023053,0.3996897596014395,2,29.79989247311828,28.272978494623658,31.86162365591398,5.02539247311828,3.739086021505377,71.63345161290323,0.4239784946236559,0.3660322580645161,22.34386559139785,False,False,False,low
Ratnagiri,Rice,Summer,2022,10.5,37.5,3.57,2.69,0.4286504442701104,0.4361907258677927,0.4211101626724281,2,29.770913978494622,28.279026881720437,31.95051612903226,0.8518709677419354,3.5803978494623654,72.34541397849463,0.3754946236559139,0.2953548387096774,21.46997311827957,False,False,False,low
Ratnagiri,Sesamum,Kharif,2020,35.16,10.43,0.3,,0.4114655664617643,0.6356003227814048,0.2447657245745562,5,27.713675268817205,27.09429247311828,28.42327096774193,15.669382795698922,4.348838709677419,85.35770537634407,0.91867311827957,0.8881376344086022,14.553421505376344,True,False,True,medium
Ratnagiri,Sesamum,Kharif,2021,16.89,3.22,0.19,0.3,0.4114655664617643,0.649596034757033,0.2447657245745562,5,27.7093311827957,26.968845161290325,28.546987096774195,12.38374623655914,4.296866666666667,83.91389032258066,0.8781569892473119,0.8563698924731182,15.439724731182796,True,False,True,medium
Ratnagiri,Sesamum,Kharif,2022,16.94,5.78,0.34,0.19,0.4114655664617643,0.7257634755995672,0.2447657245745562,5,27.38471827956989,26.585967741935484,28.281593548387093,11.39762365591398,4.633258064516129,83.93991182795699,0.8444494623655914,0.8220602150537634,15.473526881720431,True,False,True,medium
Ratnagiri,Sesamum,Rabi,2020,3.65,1.87,0.51,,0.5236882732264142,0.6379384414536663,0.4183667908090941,5,27.462110906298005,25.053883410138248,30.37455698924731,0.1617440860215053,3.4024546850998463,68.07887496159753,0.534621351766513,0.4899219662058371,19.265515514592938,False,False,False,medium
Ratnagiri,Sugarcane,Whole Year,2022,19.0,1523.8,80.2,,0.3730108423266771,0.7257634755995672,0.20171800959583375,12,27.432710765488988,25.80945660522273,29.420817972350235,4.918459869431644,3.9650042882744487,76.05414471326164,0.619516577060932,0.5838543266769073,17.9597568484383,True,False,True,high
Ratnagiri,Sunflower,Rabi,2020,6.53,2.55,0.39,,0.5236882732264142,0.6379384414536663,0.4183667908090941,5,27.462110906298005,25.053883410138248,30.37455698924731,0.1617440860215053,3.4024546850998463,68.07887496159753,0.534621351766513,0.4899219662058371,19.265515514592938,False,False,False,medium
Ratnagiri,Urad,Kharif,2020,42.0,14.23,0.34,,0.4114655664617643,0.6356003227814048,0.241067837336053,5,27.713675268817205,27.09429247311828,28.42327096774193,15.669382795698922,4.348838709677419,85.35770537634407,0.91867311827957,0.8881376344086022,14.553421505376344,True,False,True,medium
Ratnagiri,Urad,Kharif,2021,17.81,9.54,0.54,0.34,0.4114655664617643,0.649596034757033,0.241067837336053,5,27.7093311827957,26.968845161290325,28.546987096774195,12.38374623655914,4.296866666666667,83.91389032258066,0.8781569892473119,0.8563698924731182,15.439724731182796,True,False,True,medium
Ratnagiri,Urad,Summer,2021,0.1,0.05,0.54,,0.4186081643122462,0.437526569023053,0.3996897596014395,2,29.79989247311828,28.272978494623658,31.86162365591398,5.02539247311828,3.739086021505377,71.63345161290323,0.4239784946236559,0.3660322580645161,22.34386559139785,False,False,False,low
Ratnagiri,Urad,Summer,2022,0.9,0.49,0.54,0.54,0.4286504442701104,0.4361907258677927,0.4211101626724281,2,29.770913978494622,28.279026881720437,31.95051612903226,0.8518709677419354,3.5803978494623654,72.34541397849463,0.3754946236559139,0.2953548387096774,21.46997311827957,False,False,False,low
Ratnagiri,other oilseeds,Kharif,2020,8.0,2.28,0.29,,0.4009920640763048,0.6356003227814048,0.2492406248839314,5,27.713675268817205,27.09429247311828,28.42327096774193,15.669382795698922,4.348838709677419,85.35770537634407,0.91867311827957,0.8881376344086022,14.553421505376344,True,False,True,medium
Ratnagiri,other oilseeds,Kharif,2021,12.0,4.0,0.33,0.29,0.4009920640763048,0.649596034757033,0.2492406248839314,5,27.7093311827957,26.968845161290325,28.546987096774195,12.38374623655914,4.296866666666667,83.91389032258066,0.8781569892473119,0.8563698924731182,15.439724731182796,True,False,True,medium
Ratnagiri,other oilseeds,Kharif,2022,0.3,0.09,0.31,0.33,0.4009920640763048,0.7257634755995672,0.2492406248839314,5,27.38471827956989,26.585967741935484,28.281593548387093,11.39762365591398,4.633258064516129,83.93991182795699,0.8444494623655914,0.8220602150537634,15.473526881720431,True,False,True,medium
Ratnagiri,other oilseeds,Rabi,2020,166.76,107.89,0.65,,0.5236882732264142,0.6379384414536663,0.4183667908090941,5,27.462110906298005,25.053883410138248,30.37455698924731,0.1617440860215053,3.4024546850998463,68.07887496159753,0.534621351766513,0.4899219662058371,19.265515514592938,False,False,False,medium
Ratnagiri,other oilseeds,Rabi,2021,72.73,28.0,0.38,0.65,0.5355361921351104,0.6397837371706513,0.4476648344014651,5,26.538013364055296,24.47094746543779,29.08565130568356,1.3377961597542245,3.2606253456221195,70.75663763440859,0.5526247311827958,0.534205222734255,18.653932565284176,False,False,False,medium
Ratnagiri,other oilseeds,Rabi,2022,65.22,43.37,0.66,0.38,0.5369173892931727,0.6548492289791329,0.4115655653589991,5,27.011949615975418,24.139041321044548,30.512329032258062,0.0739454685099846,3.628613824884793,65.86196666666666,0.4493860215053763,0.3686104454685101,19.582847311827955,False,False,False,medium
Ratnagiri,other oilseeds,Summer,2022,0.7,0.43,0.61,,0.4286504442701104,0.4361907258677927,0.4211101626724281,2,29.770913978494622,28.279026881720437,31.95051612903226,0.8518709677419354,3.5803978494623654,72.34541397849463,0.3754946236559139,0.2953548387096774,21.46997311827957,False,False,False,low
Sangli,Arhar/Tur,Kharif,2020,10588.18,6293.07,0.59,,0.4114655664617643,0.4842814052968083,0.241067837336053,5,24.018208602150537,21.483017204301078,27.61881290322581,10.206389247311828,3.5106516129032257,87.60144086021505,0.8656537634408601,0.8681612903225806,15.190163440860218,True,False,True,medium
Sangli,Arhar/Tur,Kharif,2021,11929.24,7360.34,0.62,0.59,0.4114655664617643,0.4489374644937754,0.241067837336053,5,23.831307526881723,21.12375483870968,27.62827741935484,8.992376344086022,3.5896838709677423,86.94455053763441,0.848389247311828,0.8534021505376345,15.845443010752687,True,False,True,medium
Sangli,Arhar/Tur,Kharif,2022,9941.0,7009.0,0.71,0.62,0.4114655664617643,0.5325489343282269,0.241067837336053,5,23.75626021505376,20.91259139784946,27.86096129032258,8.402746236559139,3.583496774193548,85.26267956989247,0.8287204301075268,0.8284301075268818,15.576062365591396,True,False,True,medium
Sangli,Bajra,Kharif,2020,60022.97,59992.64,1.0,,0.3910617756159833,0.4842814052968083,0.21228181914333283,5,24.018208602150537,21.483017204301078,27.61881290322581,10.206389247311828,3.5106516129032257,87.60144086021505,0.8656537634408601,0.8681612903225806,15.190163440860218,True,False,True,medium
Sangli,Bajra,Kharif,2021,60096.44,66247.39,1.1,1.0,0.3910617756159833,0.4489374644937754,0.21228181914333283,5,23.831307526881723,21.12375483870968,27.62827741935484,8.992376344086022,3.5896838709677423,86.94455053763441,0.848389247311828,0.8534021505376345,15.845443010752687,True,False,True,medium
Sangli,Bajra,Kharif,2022,44597.0,50007.0,1.12,1.1,0.3910617756159833,0.5325489343282269,0.21228181914333283,5,23.75626021505376,20.91259139784946,27.86096129032258,8.402746236559139,3.583496774193548,85.26267956989247,0.8287204301075268,0.8284301075268818,15.576062365591396,True,False,True,medium
Sangli,Cotton(lint),Kharif,2020,160.0,80.0,0.5,,0.4114655664617643,0.4842814052968083,0.241067837336053,5,24.018208602150537,21.483017204301078,27.61881290322581,10.206389247311828,3.5106516129032257,87.60144086021505,0.8656537634408601,0.8681612903225806,15.190163440860218,True,False,True,medium
Sangli,Cotton(lint),Kharif,2022,125.0,278.79,2.23,0.5,0.4114655664617643,0.5325489343282269,0.241067837336053,5,23.75626021505376,20.91259139784946,27.86096129032258,8.402746236559139,3.583496774193548,85.26267956989247,0.8287204301075268,0.8284301075268818,15.576062365591396,True,False,True,medium
Sangli,Gram,Rabi,2020,25469.0,30007.41,1.18,,0.3610194403029441,0.4416026277649418,0.270124758829237,5,23.591351305683563,17.218952995391707,31.17669723502304,0.106642242703533,2.010000768049155,59.68129447004608,0.6295167434715822,0.5342457757296467,18.979354070660523,False,False,False,medium
Sangli,Gram,Rabi,2021,24671.68,28409.93,1.15,1.18,0.352758048128316,0.4314032931765532,0.2494919443473436,5,23.16881443932412,16.800684331797235,30.87623947772657,0.8190795698924731,2.0064963133640554,61.3798149001536,0.6134221198156682,0.5246016897081414,17.992391397849463,False,False,False,medium
Sangli,Gram,Rabi,2022,24875.12,26370.12,1.06,1.15,0.3646994031840656,0.4519035360969328,0.2783864131853844,5,23.207301996927804,16.140554531490015,31.58997081413211,0.0290322580645161,2.1873007680491545,52.24020906298004,0.6025909370199692,0.467737173579109,19.55629984639017,False,False,False,medium
Sangli,Groundnut,Kharif,2020,35813.72,50978.31,1.42,,0.4009920640763048,0.4842814052968083,0.2429167809553046,5,24.018208602150537,21.483017204301078,27.61881290322581,10.206389247311828,3.5106516129032257,87.60144086021505,0.8656537634408601,0.8681612903225806,15.190163440860218,True,False,True,medium
Sangli,Groundnut,Kharif,2021,36526.27,41366.01,1.13,1.42,0.4009920640763048,0.4489374644937754,0.2429167809553046,5,23.831307526881723,21.12375483870968,27.62827741935484,8.992376344086022,3.5896838709677423,86.94455053763441,0.848389247311828,0.8534021505376345,15.845443010752687,True,False,True,medium
Sangli,Groundnut,Kharif,2022,29913.75,36593.49,1.22,1.13,0.4009920640763048,0.5325489343282269,0.2429167809553046,5,23.75626021505376,20.91259139784946,27.86096129032258,8.402746236559139,3.583496774193548,85.26267956989247,0.8287204301075268,0.8284301075268818,15.576062365591396,True,False,True,medium
Sangli,Groundnut,Summer,2020,843.62,1247.81,1.48,,0.2612133522388378,0.2755030753342119,0.2469236291434636,2,30.68294086021505,23.65906989247312,39.08909677419355,1.0808655913978495,2.743268817204301,46.76972580645161,0.5201505376344087,0.3195483870967742,23.92078494623656,False,False,False,low
Sangli,Groundnut,Summer,2021,836.05,1089.81,1.3,1.48,0.2608134486630772,0.2706079471523209,0.2510189501738335,2,28.714682795698927,22.84253225806452,35.724801075268815,3.022881720430107,2.657989247311828,56.01985483870968,0.54597311827957,0.4267580645161289,21.85367741935484,False,False,False,low
Sangli,Groundnut,Summer,2022,585.0,677.0,1.16,1.3,0.2830358490118065,0.3082306944200936,0.2578410036035194,2,29.174924731182795,22.98424731182796,37.025838709677416,1.5671397849462363,2.997349462365592,53.83495698924731,0.529220430107527,0.3704408602150537,21.360913978494622,False,False,False,low
Sangli,Jowar,Kharif,2020,49805.76,68291.96,1.37,,0.4114655664617643,0.4842814052968083,0.241067837336053,5,24.018208602150537,21.483017204301078,27.61881290322581,10.206389247311828,3.5106516129032257,87.60144086021505,0.8656537634408601,0.8681612903225806,15.190163440860218,True,False,True,medium
Sangli,Jowar,Kharif,2021,39563.0,46628.95,1.18,1.37,0.4114655664617643,0.4489374644937754,0.241067837336053,5,23.831307526881723,21.12375483870968,27.62827741935484,8.992376344086022,3.5896838709677423,86.94455053763441,0.848389247311828,0.8534021505376345,15.845443010752687,True,False,True,medium
Sangli,Jowar,Kharif,2022,20010.69,12872.88,0.64,1.18,0.4114655664617643,0.5325489343282269,0.241067837336053,5,23.75626021505376,20.91259139784946,27.86096129032258,8.402746236559139,3.583496774193548,85.26267956989247,0.8287204301075268,0.8284301075268818,15.576062365591396,True,False,True,medium
Sangli,Jowar,Rabi,2020,137125.0,115944.04,0.85,,0.3610194403029441,0.4416026277649418,0.270124758829237,5,23.591351305683563,17.218952995391707,31.17669723502304,0.106642242703533,2.010000768049155,59.68129447004608,0.6295167434715822,0.5342457757296467,18.979354070660523,False,False,False,medium
Sangli,Jowar,Rabi,2021,137369.44,140420.42,1.02,0.85,0.352758048128316,0.4314032931765532,0.2494919443473436,5,23.16881443932412,16.800684331797235,30.87623947772657,0.8190795698924731,2.0064963133640554,61.3798149001536,0.6134221198156682,0.5246016897081414,17.992391397849463,False,False,False,medium
Sangli,Jowar,Rabi,2022,124431.22,122740.2,0.99,1.02,0.3646994031840656,0.4519035360969328,0.2783864131853844,5,23.207301996927804,16.140554531490015,31.58997081413211,0.0290322580645161,2.1873007680491545,52.24020906298004,0.6025909370199692,0.467737173579109,19.55629984639017,False,False,False,medium
Sangli,Linseed,Rabi,2020,15.0,9.0,0.6,,0.3610194403029441,0.4416026277649418,0.270124758829237,5,23.591351305683563,17.218952995391707,31.17669723502304,0.106642242703533,2.010000768049155,59.68129447004608,0.6295167434715822,0.5342457757296467,18.979354070660523,False,False,False,medium
Sangli,Maize,Kharif,2020,43823.02,105736.19,2.41,,0.4033555229369874,0.4842814052968083,0.2163513167840456,5,24.018208602150537,21.483017204301078,27.61881290322581,10.206389247311828,3.5106516129032257,87.60144086021505,0.8656537634408601,0.8681612903225806,15.190163440860218,True,False,True,medium
Sangli,Maize,Kharif,2021,46193.33,116818.31,2.53,2.41,0.4033555229369874,0.4489374644937754,0.2163513167840456,5,23.831307526881723,21.12375483870968,27.62827741935484,8.992376344086022,3.5896838709677423,86.94455053763441,0.848389247311828,0.8534021505376345,15.845443010752687,True,False,True,medium
Sangli,Maize,Kharif,2022,44393.0,127546.0,2.87,2.53,0.4033555229369874,0.5325489343282269,0.2163513167840456,5,23.75626021505376,20.91259139784946,27.86096129032258,8.402746236559139,3.583496774193548,85.26267956989247,0.8287204301075268,0.8284301075268818,15.576062365591396,True,False,True,medium
Sangli,Maize,Rabi,2020,20922.17,67975.98,3.25,,0.3610194403029441,0.4416026277649418,0.270124758829237,5,23.591351305683563,17.218952995391707,31.17669723502304,0.106642242703533,2.010000768049155,59.68129447004608,0.6295167434715822,0.5342457757296467,18.979354070660523,False,False,False,medium
Sangli,Maize,Rabi,2021,19903.08,86705.78,4.36,3.25,0.352758048128316,0.4314032931765532,0.2494919443473436,5,23.16881443932412,16.800684331797235,30.87623947772657,0.8190795698924731,2.0064963133640554,61.3798149001536,0.6134221198156682,0.5246016897081414,17.992391397849463,False,False,False,medium
Sangli,Maize,Rabi,2022,23699.42,74233.69,3.13,4.36,0.3646994031840656,0.4519035360969328,0.2783864131853844,5,23.207301996927804,16.140554531490015,31.58997081413211,0.0290322580645161,2.1873007680491545,52.24020906298004,0.6025909370199692,0.467737173579109,19.55629984639017,False,False,False,medium
Sangli,Maize,Summer,2020,2128.11,6463.07,3.04,,0.2612133522388378,0.2755030753342119,0.2469236291434636,2,30.68294086021505,23.65906989247312,39.08909677419355,1.0808655913978495,2.743268817204301,46.76972580645161,0.5201505376344087,0.3195483870967742,23.92078494623656,False,False,False,low
Sangli,Maize,Summer,2021,2463.83,5174.04,2.1,3.04,0.2608134486630772,0.2706079471523209,0.2510189501738335,2,28.714682795698927,22.84253225806452,35.724801075268815,3.022881720430107,2.657989247311828,56.01985483870968,0.54597311827957,0.4267580645161289,21.85367741935484,False,False,False,low
Sangli,Maize,Summer,2022,1231.92,3471.55,2.82,2.1,0.2830358490118065,0.3082306944200936,0.2578410036035194,2,29.174924731182795,22.98424731182796,37.025838709677416,1.5671397849462363,2.997349462365592,53.83495698924731,0.529220430107527,0.3704408602150537,21.360913978494622,False,False,False,low
Sangli,Moong(Green Gram),Kharif,2020,9486.16,7641.81,0.81,,0.4114655664617643,0.4842814052968083,0.241067837336053,5,24.018208602150537,21.483017204301078,27.61881290322581,10.206389247311828,3.5106516129032257,87.60144086021505,0.8656537634408601,0.8681612903225806,15.190163440860218,True,False,True,medium
Sangli,Moong(Green Gram),Kharif,2021,8355.64,5081.9,0.61,0.81,0.4114655664617643,0.4489374644937754,0.241067837336053,5,23.831307526881723,21.12375483870968,27.62827741935484,8.992376344086022,3.5896838709677423,86.94455053763441,0.848389247311828,0.8534021505376345,15.845443010752687,True,False,True,medium
Sangli,Moong(Green Gram),Kharif,2022,5674.1,3214.95,0.57,0.61,0.4114655664617643,0.5325489343282269,0.241067837336053,5,23.75626021505376,20.91259139784946,27.86096129032258,8.402746236559139,3.583496774193548,85.26267956989247,0.8287204301075268,0.8284301075268818,15.576062365591396,True,False,True,medium
Sangli,Other  Rabi pulses,Rabi,2020,126.0,78.62,0.62,,0.3610194403029441,0.4416026277649418,0.270124758829237,5,23.591351305683563,17.218952995391707,31.17669723502304,0.106642242703533,2.010000768049155,59.68129447004608,0.6295167434715822,0.5342457757296467,18.979354070660523,False,False,False,medium
Sangli,Other  Rabi pulses,Rabi,2021,136.0,71.54,0.53,0.62,0.352758048128316,0.4314032931765532,0.2494919443473436,5,23.16881443932412,16.800684331797235,30.87623947772657,0.8190795698924731,2.0064963133640554,61.3798149001536,0.6134221198156682,0.5246016897081414,17.992391397849463,False,False,False,medium
Sangli,Other  Rabi pulses,Rabi,2022,685.0,359.63,0.53,0.53,0.3646994031840656,0.4519035360969328,0.2783864131853844,5,23.207301996927804,16.140554531490015,31.58997081413211,0.0290322580645161,2.1873007680491545,52.24020906298004,0.6025909370199692,0.467737173579109,19.55629984639017,False,False,False,medium
Sangli,Other Cereals,Kharif,2020,2.0,0.76,0.38,,0.4009920640763048,0.4842814052968083,0.2537155251933066,5,24.018208602150537,21.483017204301078,27.61881290322581,10.206389247311828,3.5106516129032257,87.60144086021505,0.8656537634408601,0.8681612903225806,15.190163440860218,True,False,True,medium
Sangli,Other Cereals,Kharif,2021,2012.0,372.22,0.19,0.38,0.4009920640763048,0.4489374644937754,0.2537155251933066,5,23.831307526881723,21.12375483870968,27.62827741935484,8.992376344086022,3.5896838709677423,86.94455053763441,0.848389247311828,0.8534021505376345,15.845443010752687,True,False,True,medium
Sangli,Other Cereals,Kharif,2022,2604.0,527.83,0.2,0.19,0.4009920640763048,0.5325489343282269,0.2537155251933066,5,23.75626021505376,20.91259139784946,27.86096129032258,8.402746236559139,3.583496774193548,85.26267956989247,0.8287204301075268,0.8284301075268818,15.576062365591396,True,False,True,medium
Sangli,Other Cereals,Rabi,2020,38.0,4.6,0.12,,0.3610194403029441,0.4416026277649418,0.270124758829237,5,23.591351305683563,17.218952995391707,31.17669723502304,0.106642242703533,2.010000768049155,59.68129447004608,0.6295167434715822,0.5342457757296467,18.979354070660523,False,False,False,medium
Sangli,Other Cereals,Rabi,2021,212.0,26.5,0.13,0.12,0.352758048128316,0.4314032931765532,0.2494919443473436,5,23.16881443932412,16.800684331797235,30.87623947772657,0.8190795698924731,2.0064963133640554,61.3798149001536,0.6134221198156682,0.5246016897081414,17.992391397849463,False,False,False,medium
Sangli,Other Cereals,Rabi,2022,3.0,0.84,0.28,0.13,0.3646994031840656,0.4519035360969328,0.2783864131853844,5,23.207301996927804,16.140554531490015,31.58997081413211,0.0290322580645161,2.1873007680491545,52.24020906298004,0.6025909370199692,0.467737173579109,19.55629984639017,False,False,False,medium
Sangli,Other Cereals,Summer,2020,9.8,9.77,1.0,,0.2612133522388378,0.2755030753342119,0.2469236291434636,2,30.68294086021505,23.65906989247312,39.08909677419355,1.0808655913978495,2.743268817204301,46.76972580645161,0.5201505376344087,0.3195483870967742,23.92078494623656,False,False,False,low
Sangli,Other Kharif pulses,Kharif,2020,8895.0,5372.58,0.6,,0.4009920640763048,0.4842814052968083,0.2537155251933066,5,24.018208602150537,21.483017204301078,27.61881290322581,10.206389247311828,3.5106516129032257,87.60144086021505,0.8656537634408601,0.8681612903225806,15.190163440860218,True,False,True,medium
Sangli,Other Kharif pulses,Kharif,2021,8251.0,3019.87,0.37,0.6,0.4009920640763048,0.4489374644937754,0.2537155251933066,5,23.831307526881723,21.12375483870968,27.62827741935484,8.992376344086022,3.5896838709677423,86.94455053763441,0.848389247311828,0.8534021505376345,15.845443010752687,True,False,True,medium
Sangli,Other Kharif pulses,Kharif,2022,6047.0,2079.0,0.34,0.37,0.4009920640763048,0.5325489343282269,0.2537155251933066,5,23.75626021505376,20.91259139784946,27.86096129032258,8.402746236559139,3.583496774193548,85.26267956989247,0.8287204301075268,0.8284301075268818,15.576062365591396,True,False,True,medium
Sangli,Ragi,Kharif,2020,128.0,223.65,1.75,,0.366957985075254,0.4842814052968083,0.2878671519862098,5,24.018208602150537,21.483017204301078,27.61881290322581,10.206389247311828,3.5106516129032257,87.60144086021505,0.8656537634408601,0.8681612903225806,15.190163440860218,True,False,True,medium
Sangli,Ragi,Kharif,2021,135.53,244.98,1.81,1.75,0.366957985075254,0.4489374644937754,0.2878671519862098,5,23.831307526881723,21.12375483870968,27.62827741935484,8.992376344086022,3.5896838709677423,86.94455053763441,0.848389247311828,0.8534021505376345,15.845443010752687,True,False,True,medium
Sangli,Ragi,Kharif,2022,136.0,284.0,2.09,1.81,0.366957985075254,0.5325489343282269,0.2878671519862098,5,23.75626021505376,20.91259139784946,27.86096129032258,8.402746236559139,3.583496774193548,85.26267956989247,0.8287204301075268,0.8284301075268818,15.576062365591396,True,False,True,medium
Sangli,Rice,Kharif,2020,15512.15,43546.04,2.81,,0.42158207299695205,0.4842814052968083,0.2723615137428504,5,24.018208602150537,21.483017204301078,27.61881290322581,10.206389247311828,3.5106516129032257,87.60144086021505,0.8656537634408601,0.8681612903225806,15.190163440860218,True,False,True,medium
Sangli,Rice,Kharif,2021,14931.0,36999.81,2.48,2.81,0.42158207299695205,0.4489374644937754,0.2723615137428504,5,23.831307526881723,21.12375483870968,27.62827741935484,8.992376344086022,3.5896838709677423,86.94455053763441,0.848389247311828,0.8534021505376345,15.845443010752687,True,False,True,medium
Sangli,Rice,Kharif,2022,14704.8,38937.54,2.65,2.48,0.42158207299695205,0.5325489343282269,0.2723615137428504,5,23.75626021505376,20.91259139784946,27.86096129032258,8.402746236559139,3.583496774193548,85.26267956989247,0.8287204301075268,0.8284301075268818,15.576062365591396,True,False,True,medium
Sangli,Safflower,Rabi,2020,151.33,13.62,0.09,,0.3610194403029441,0.4416026277649418,0.270124758829237,5,23.591351305683563,17.218952995391707,31.17669723502304,0.106642242703533,2.010000768049155,59.68129447004608,0.6295167434715822,0.5342457757296467,18.979354070660523,False,False,False,medium
Sangli,Safflower,Rabi,2021,49.0,11.7,0.24,0.09,0.352758048128316,0.4314032931765532,0.2494919443473436,5,23.16881443932412,16.800684331797235,30.87623947772657,0.8190795698924731,2.0064963133640554,61.3798149001536,0.6134221198156682,0.5246016897081414,17.992391397849463,False,False,False,medium
Sangli,Sesamum,Kharif,2020,2.0,0.59,0.3,,0.4114655664617643,0.4842814052968083,0.2447657245745562,5,24.018208602150537,21.483017204301078,27.61881290322581,10.206389247311828,3.5106516129032257,87.60144086021505,0.8656537634408601,0.8681612903225806,15.190163440860218,True,False,True,medium
Sangli,Sesamum,Kharif,2021,2.0,0.38,0.19,0.3,0.4114655664617643,0.4489374644937754,0.2447657245745562,5,23.831307526881723,21.12375483870968,27.62827741935484,8.992376344086022,3.5896838709677423,86.94455053763441,0.848389247311828,0.8534021505376345,15.845443010752687,True,False,True,medium
Sangli,Sesamum,Kharif,2022,3.0,1.02,0.34,0.19,0.4114655664617643,0.5325489343282269,0.2447657245745562,5,23.75626021505376,20.91259139784946,27.86096129032258,8.402746236559139,3.583496774193548,85.26267956989247,0.8287204301075268,0.8284301075268818,15.576062365591396,True,False,True,medium
Sangli,Soyabean,Kharif,2020,41781.57,98117.81,2.35,,0.4114655664617643,0.4842814052968083,0.241067837336053,5,24.018208602150537,21.483017204301078,27.61881290322581,10.206389247311828,3.5106516129032257,87.60144086021505,0.8656537634408601,0.8681612903225806,15.190163440860218,True,False,True,medium
Sangli,Soyabean,Kharif,2021,51917.63,87595.43,1.69,2.35,0.4114655664617643,0.4489374644937754,0.241067837336053,5,23.831307526881723,21.12375483870968,27.62827741935484,8.992376344086022,3.5896838709677423,86.94455053763441,0.848389247311828,0.8534021505376345,15.845443010752687,True,False,True,medium
Sangli,Soyabean,Kharif,2022,44271.0,66579.0,1.5,1.69,0.4114655664617643,0.5325489343282269,0.241067837336053,5,23.75626021505376,20.91259139784946,27.86096129032258,8.402746236559139,3.583496774193548,85.26267956989247,0.8287204301075268,0.8284301075268818,15.576062365591396,True,False,True,medium
Sangli,Soyabean,Summer,2021,1315.25,1972.88,1.5,,0.2608134486630772,0.2706079471523209,0.2510189501738335,2,28.714682795698927,22.84253225806452,35.724801075268815,3.022881720430107,2.657989247311828,56.01985483870968,0.54597311827957,0.4267580645161289,21.85367741935484,False,False,False,low
Sangli,Soyabean,Summer,2022,24.0,35.88,1.5,1.5,0.2830358490118065,0.3082306944200936,0.2578410036035194,2,29.174924731182795,22.98424731182796,37.025838709677416,1.5671397849462363,2.997349462365592,53.83495698924731,0.529220430107527,0.3704408602150537,21.360913978494622,False,False,False,low
Sangli,Sugarcane,Whole Year,2020,111945.0,12394752.83,110.72,,0.3730108423266771,0.4842814052968083,0.20171800959583375,12,24.73418637992832,19.82331229143493,30.90211188357434,4.458375478927203,2.831839822024472,70.04485934989494,0.7112903843777038,0.6443419849215176,18.348898251143247,True,False,True,high
Sangli,Sugarcane,Whole Year,2021,92715.0,9867440.05,106.43,110.72,0.3730108423266771,0.4489374644937754,0.20171800959583375,12,24.649267345110086,19.99698847926268,30.44835234254992,4.6110821172555045,2.7442368791602667,70.785464093702,0.6995728366615465,0.644481438812084,17.74849609575013,True,False,True,high
Sangli,Sugarcane,Whole Year,2022,137585.0,14226289.0,103.4,106.43,0.3730108423266771,0.5325489343282269,0.20171800959583375,12,24.34388146441372,19.311983166922683,30.73392773937532,3.7901030465949823,2.846233678955453,69.19277860983102,0.6894016897081414,0.6225490911418331,17.848241039426522,True,False,True,high
Sangli,Sunflower,Kharif,2020,274.0,187.01,0.68,,0.4009920640763048,0.4842814052968083,0.2723615137428504,5,24.018208602150537,21.483017204301078,27.61881290322581,10.206389247311828,3.5106516129032257,87.60144086021505,0.8656537634408601,0.8681612903225806,15.190163440860218,True,False,True,medium
Sangli,Sunflower,Kharif,2021,278.41,159.61,0.57,0.68,0.4009920640763048,0.4489374644937754,0.2723615137428504,5,23.831307526881723,21.12375483870968,27.62827741935484,8.992376344086022,3.5896838709677423,86.94455053763441,0.848389247311828,0.8534021505376345,15.845443010752687,True,False,True,medium
Sangli,Sunflower,Kharif,2022,1096.0,629.0,0.57,0.57,0.4009920640763048,0.5325489343282269,0.2723615137428504,5,23.75626021505376,20.91259139784946,27.86096129032258,8.402746236559139,3.583496774193548,85.26267956989247,0.8287204301075268,0.8284301075268818,15.576062365591396,True,False,True,medium
Sangli,Sunflower,Rabi,2020,135.0,52.69,0.39,,0.3610194403029441,0.4416026277649418,0.270124758829237,5,23.591351305683563,17.218952995391707,31.17669723502304,0.106642242703533,2.010000768049155,59.68129447004608,0.6295167434715822,0.5342457757296467,18.979354070660523,False,False,False,medium
Sangli,Sunflower,Rabi,2021,26.0,34.29,1.32,0.39,0.352758048128316,0.4314032931765532,0.2494919443473436,5,23.16881443932412,16.800684331797235,30.87623947772657,0.8190795698924731,2.0064963133640554,61.3798149001536,0.6134221198156682,0.5246016897081414,17.992391397849463,False,False,False,medium
Sangli,Sunflower,Rabi,2022,22.0,25.74,1.17,1.32,0.3646994031840656,0.4519035360969328,0.2783864131853844,5,23.207301996927804,16.140554531490015,31.58997081413211,0.0290322580645161,2.1873007680491545,52.24020906298004,0.6025909370199692,0.467737173579109,19.55629984639017,False,False,False,medium
Sangli,Sunflower,Summer,2020,27.0,7.92,0.29,,0.2612133522388378,0.2755030753342119,0.2469236291434636,2,30.68294086021505,23.65906989247312,39.08909677419355,1.0808655913978495,2.743268817204301,46.76972580645161,0.5201505376344087,0.3195483870967742,23.92078494623656,False,False,False,low
Sangli,Sunflower,Summer,2021,27.0,35.83,1.33,0.29,0.2608134486630772,0.2706079471523209,0.2510189501738335,2,28.714682795698927,22.84253225806452,35.724801075268815,3.022881720430107,2.657989247311828,56.01985483870968,0.54597311827957,0.4267580645161289,21.85367741935484,False,False,False,low
Sangli,Urad,Kharif,2020,17259.23,12932.89,0.75,,0.4114655664617643,0.4842814052968083,0.241067837336053,5,24.018208602150537,21.483017204301078,27.61881290322581,10.206389247311828,3.5106516129032257,87.60144086021505,0.8656537634408601,0.8681612903225806,15.190163440860218,True,False,True,medium
Sangli,Urad,Kharif,2021,16299.38,13109.59,0.8,0.75,0.4114655664617643,0.4489374644937754,0.241067837336053,5,23.831307526881723,21.12375483870968,27.62827741935484,8.992376344086022,3.5896838709677423,86.94455053763441,0.848389247311828,0.8534021505376345,15.845443010752687,True,False,True,medium
Sangli,Urad,Kharif,2022,18027.34,10920.96,0.61,0.8,0.4114655664617643,0.5325489343282269,0.241067837336053,5,23.75626021505376,20.91259139784946,27.86096129032258,8.402746236559139,3.583496774193548,85.26267956989247,0.8287204301075268,0.8284301075268818,15.576062365591396,True,False,True,medium
Sangli,Wheat,Rabi,2020,24667.07,55117.89,2.23,,0.3610194403029441,0.4416026277649418,0.270124758829237,5,23.591351305683563,17.218952995391707,31.17669723502304,0.106642242703533,2.010000768049155,59.68129447004608,0.6295167434715822,0.5342457757296467,18.979354070660523,False,False,False,medium
Sangli,Wheat,Rabi,2021,20235.26,43759.96,2.16,2.23,0.352758048128316,0.4314032931765532,0.2494919443473436,5,23.16881443932412,16.800684331797235,30.87623947772657,0.8190795698924731,2.0064963133640554,61.3798149001536,0.6134221198156682,0.5246016897081414,17.992391397849463,False,False,False,medium
Sangli,Wheat,Rabi,2022,20124.21,45490.78,2.26,2.16,0.3646994031840656,0.4519035360969328,0.2783864131853844,5,23.207301996927804,16.140554531490015,31.58997081413211,0.0290322580645161,2.1873007680491545,52.24020906298004,0.6025909370199692,0.467737173579109,19.55629984639017,False,False,False,medium
Sangli,other oilseeds,Kharif,2020,13.0,3.22,0.25,,0.4009920640763048,0.4842814052968083,0.2492406248839314,5,24.018208602150537,21.483017204301078,27.61881290322581,10.206389247311828,3.5106516129032257,87.60144086021505,0.8656537634408601,0.8681612903225806,15.190163440860218,True,False,True,medium
Sangli,other oilseeds,Kharif,2021,84.0,19.0,0.23,0.25,0.4009920640763048,0.4489374644937754,0.2492406248839314,5,23.831307526881723,21.12375483870968,27.62827741935484,8.992376344086022,3.5896838709677423,86.94455053763441,0.848389247311828,0.8534021505376345,15.845443010752687,True,False,True,medium
Sangli,other oilseeds,Kharif,2022,21.0,4.4,0.21,0.23,0.4009920640763048,0.5325489343282269,0.2492406248839314,5,23.75626021505376,20.91259139784946,27.86096129032258,8.402746236559139,3.583496774193548,85.26267956989247,0.8287204301075268,0.8284301075268818,15.576062365591396,True,False,True,medium
Sangli,other oilseeds,Rabi,2021,8.0,1.0,0.13,,0.352758048128316,0.4314032931765532,0.2494919443473436,5,23.16881443932412,16.800684331797235,30.87623947772657,0.8190795698924731,2.0064963133640554,61.3798149001536,0.6134221198156682,0.5246016897081414,17.992391397849463,False,False,False,medium
Sangli,other oilseeds,Rabi,2022,9.0,1.58,0.18,0.13,0.3646994031840656,0.4519035360969328,0.2783864131853844,5,23.207301996927804,16.140554531490015,31.58997081413211,0.0290322580645161,2.1873007680491545,52.24020906298004,0.6025909370199692,0.467737173579109,19.55629984639017,False,False,False,medium
Sangli,other oilseeds,Summer,2020,122.2,61.83,0.51,,0.2612133522388378,0.2755030753342119,0.2469236291434636,2,30.68294086021505,23.65906989247312,39.08909677419355,1.0808655913978495,2.743268817204301,46.76972580645161,0.5201505376344087,0.3195483870967742,23.92078494623656,False,False,False,low
Satara,Arhar/Tur,Kharif,2020,1153.0,392.14,0.34,,0.4114655664617643,0.455670708759062,0.241067837336053,5,24.323483870967745,22.227113978494625,27.20948172043011,16.797109677419353,2.8878236559139783,90.83138064516127,0.9368344086021504,0.9163634408602148,13.924494623655914,True,False,True,medium
Satara,Arhar/Tur,Kharif,2021,1223.0,409.46,0.33,0.34,0.4114655664617643,0.4714084924942293,0.241067837336053,5,24.082963440860212,21.7483935483871,27.24687526881721,15.806890322580648,2.924010752688172,89.92160430107528,0.9346301075268816,0.9109032258064516,14.692744086021506,True,False,True,medium
Satara,Arhar/Tur,Kharif,2022,1122.0,978.0,0.87,0.33,0.4114655664617643,0.5626616548690501,0.241067837336053,5,24.02700215053764,21.58746451612903,27.46934408602151,14.782978494623654,3.1235698924731183,88.05840430107527,0.8862709677419355,0.8631032258064517,14.76867311827957,True,False,True,medium
Satara,Bajra,Kharif,2020,64829.0,57498.38,0.89,,0.3910617756159833,0.455670708759062,0.21228181914333283,5,24.323483870967745,22.227113978494625,27.20948172043011,16.797109677419353,2.8878236559139783,90.83138064516127,0.9368344086021504,0.9163634408602148,13.924494623655914,True,False,True,medium
Satara,Bajra,Kharif,2021,50559.0,47375.23,0.94,0.89,0.3910617756159833,0.4714084924942293,0.21228181914333283,5,24.082963440860212,21.7483935483871,27.24687526881721,15.806890322580648,2.924010752688172,89.92160430107528,0.9346301075268816,0.9109032258064516,14.692744086021506,True,False,True,medium
Satara,Bajra,Kharif,2022,45453.0,30513.0,0.67,0.94,0.3910617756159833,0.5626616548690501,0.21228181914333283,5,24.02700215053764,21.58746451612903,27.46934408602151,14.782978494623654,3.1235698924731183,88.05840430107527,0.8862709677419355,0.8631032258064517,14.76867311827957,True,False,True,medium
Satara,Bajra,Summer,2022,981.0,392.4,0.4,,0.2898911052515204,0.3020873953812778,0.277694815121763,2,29.333494623655916,23.31534946236559,37.37726344086022,0.8433225806451613,2.5935430107526884,55.5248064516129,0.4704623655913978,0.2838333333333334,22.229327956989245,False,False,False,low
Satara,Cotton(lint),Kharif,2020,9.0,5.0,0.56,,0.4114655664617643,0.455670708759062,0.241067837336053,5,24.323483870967745,22.227113978494625,27.20948172043011,16.797109677419353,2.8878236559139783,90.83138064516127,0.9368344086021504,0.9163634408602148,13.924494623655914,True,False,True,medium
Satara,Cotton(lint),Kharif,2021,162.0,243.0,1.5,0.56,0.4114655664617643,0.4714084924942293,0.241067837336053,5,24.082963440860212,21.7483935483871,27.24687526881721,15.806890322580648,2.924010752688172,89.92160430107528,0.9346301075268816,0.9109032258064516,14.692744086021506,True,False,True,medium
Satara,Cotton(lint),Kharif,2022,503.36,1088.81,2.16,1.5,0.4114655664617643,0.5626616548690501,0.241067837336053,5,24.02700215053764,21.58746451612903,27.46934408602151,14.782978494623654,3.1235698924731183,88.05840430107527,0.8862709677419355,0.8631032258064517,14.76867311827957,True,False,True,medium
Satara,Gram,Rabi,2020,29564.61,28111.31,0.95,,0.3817281405661875,0.4464215651821347,0.3009973323325556,5,23.900978648233487,17.729469585253455,31.5737425499232,0.1360380952380952,1.8283963133640555,61.06844101382488,0.6084858678955454,0.5349780337941629,18.5997712749616,False,False,False,medium
Satara,Gram,Rabi,2021,34108.66,39339.91,1.15,0.95,0.3895324268194501,0.4656176123182266,0.3087819132092236,5,23.069608755760367,16.992479723502306,30.716067741935483,0.9021806451612904,1.802742089093702,64.64756559139785,0.6103993855606757,0.5534072196620584,18.132281720430107,False,False,False,medium
Satara,Gram,Rabi,2022,33916.31,32479.95,0.96,1.15,0.3906892162962018,0.4720511075256599,0.3093640318362846,5,23.399022273425494,16.690467588325653,31.76699831029186,0.055610752688172,2.044436405529954,54.7446425499232,0.5788508448540706,0.4807723502304147,19.16479124423963,False,False,False,medium
Satara,Groundnut,Kharif,2020,33116.0,58530.6,1.77,,0.4009920640763048,0.455670708759062,0.2429167809553046,5,24.323483870967745,22.227113978494625,27.20948172043011,16.797109677419353,2.8878236559139783,90.83138064516127,0.9368344086021504,0.9163634408602148,13.924494623655914,True,False,True,medium
Satara,Groundnut,Kharif,2021,36418.0,60723.37,1.67,1.77,0.4009920640763048,0.4714084924942293,0.2429167809553046,5,24.082963440860212,21.7483935483871,27.24687526881721,15.806890322580648,2.924010752688172,89.92160430107528,0.9346301075268816,0.9109032258064516,14.692744086021506,True,False,True,medium
Satara,Groundnut,Kharif,2022,31133.35,46762.29,1.5,1.67,0.4009920640763048,0.5626616548690501,0.2429167809553046,5,24.02700215053764,21.58746451612903,27.46934408602151,14.782978494623654,3.1235698924731183,88.05840430107527,0.8862709677419355,0.8631032258064517,14.76867311827957,True,False,True,medium
Satara,Groundnut,Summer,2020,2779.89,5867.81,2.11,,0.2900671011085252,0.2971306231236446,0.2830035790934059,2,30.411844086021503,23.558704301075267,39.43402688172043,0.6721989247311828,2.5389086021505376,50.51191935483871,0.4678548387096773,0.2585698924731182,25.106086021505376,False,False,False,low
Satara,Groundnut,Summer,2021,2957.43,5371.37,1.82,2.11,0.2677594232387412,0.2686222088259255,0.2668966376515569,2,28.811451612903227,23.099817204301075,36.043553763440855,4.1664408602150536,2.34002688172043,58.8045752688172,0.5136559139784946,0.4019301075268817,22.613553763440866,False,False,False,low
Satara,Groundnut,Summer,2022,2957.0,5048.0,1.71,1.82,0.2898911052515204,0.3020873953812778,0.277694815121763,2,29.333494623655916,23.31534946236559,37.37726344086022,0.8433225806451613,2.5935430107526884,55.5248064516129,0.4704623655913978,0.2838333333333334,22.229327956989245,False,False,False,low
Satara,Jowar,Kharif,2020,19760.0,32207.91,1.63,,0.4114655664617643,0.455670708759062,0.241067837336053,5,24.323483870967745,22.227113978494625,27.20948172043011,16.797109677419353,2.8878236559139783,90.83138064516127,0.9368344086021504,0.9163634408602148,13.924494623655914,True,False,True,medium
Satara,Jowar,Kharif,2021,16553.0,22248.89,1.34,1.63,0.4114655664617643,0.4714084924942293,0.241067837336053,5,24.082963440860212,21.7483935483871,27.24687526881721,15.806890322580648,2.924010752688172,89.92160430107528,0.9346301075268816,0.9109032258064516,14.692744086021506,True,False,True,medium
Satara,Jowar,Kharif,2022,12638.8,18153.11,1.44,1.34,0.4114655664617643,0.5626616548690501,0.241067837336053,5,24.02700215053764,21.58746451612903,27.46934408602151,14.782978494623654,3.1235698924731183,88.05840430107527,0.8862709677419355,0.8631032258064517,14.76867311827957,True,False,True,medium
Satara,Jowar,Rabi,2020,132301.63,134538.15,1.02,,0.3817281405661875,0.4464215651821347,0.3009973323325556,5,23.900978648233487,17.729469585253455,31.5737425499232,0.1360380952380952,1.8283963133640555,61.06844101382488,0.6084858678955454,0.5349780337941629,18.5997712749616,False,False,False,medium
Satara,Jowar,Rabi,2021,111364.77,134409.48,1.21,1.02,0.3895324268194501,0.4656176123182266,0.3087819132092236,5,23.069608755760367,16.992479723502306,30.716067741935483,0.9021806451612904,1.802742089093702,64.64756559139785,0.6103993855606757,0.5534072196620584,18.132281720430107,False,False,False,medium
Satara,Jowar,Rabi,2022,112894.96,115350.43,1.02,1.21,0.3906892162962018,0.4720511075256599,0.3093640318362846,5,23.399022273425494,16.690467588325653,31.76699831029186,0.055610752688172,2.044436405529954,54.7446425499232,0.5788508448540706,0.4807723502304147,19.16479124423963,False,False,False,medium
Satara,Maize,Kharif,2020,17081.0,44277.37,2.59,,0.4033555229369874,0.455670708759062,0.2163513167840456,5,24.323483870967745,22.227113978494625,27.20948172043011,16.797109677419353,2.8878236559139783,90.83138064516127,0.9368344086021504,0.9163634408602148,13.924494623655914,True,False,True,medium
Satara,Maize,Kharif,2021,18850.0,62593.31,3.32,2.59,0.4033555229369874,0.4714084924942293,0.2163513167840456,5,24.082963440860212,21.7483935483871,27.24687526881721,15.806890322580648,2.924010752688172,89.92160430107528,0.9346301075268816,0.9109032258064516,14.692744086021506,True,False,True,medium
Satara,Maize,Kharif,2022,21437.0,51690.0,2.41,3.32,0.4033555229369874,0.5626616548690501,0.2163513167840456,5,24.02700215053764,21.58746451612903,27.46934408602151,14.782978494623654,3.1235698924731183,88.05840430107527,0.8862709677419355,0.8631032258064517,14.76867311827957,True,False,True,medium
Satara,Maize,Rabi,2020,13906.69,48182.54,3.46,,0.3817281405661875,0.4464215651821347,0.3009973323325556,5,23.900978648233487,17.729469585253455,31.5737425499232,0.1360380952380952,1.8283963133640555,61.06844101382488,0.6084858678955454,0.5349780337941629,18.5997712749616,False,False,False,medium
Satara,Maize,Rabi,2021,24256.11,104296.42,4.3,3.46,0.3895324268194501,0.4656176123182266,0.3087819132092236,5,23.069608755760367,16.992479723502306,30.716067741935483,0.9021806451612904,1.802742089093702,64.64756559139785,0.6103993855606757,0.5534072196620584,18.132281720430107,False,False,False,medium
Satara,Maize,Rabi,2022,20153.01,34667.21,1.72,4.3,0.3906892162962018,0.4720511075256599,0.3093640318362846,5,23.399022273425494,16.690467588325653,31.76699831029186,0.055610752688172,2.044436405529954,54.7446425499232,0.5788508448540706,0.4807723502304147,19.16479124423963,False,False,False,medium
Satara,Maize,Summer,2020,2454.5,5154.45,2.1,,0.2900671011085252,0.2971306231236446,0.2830035790934059,2,30.411844086021503,23.558704301075267,39.43402688172043,0.6721989247311828,2.5389086021505376,50.51191935483871,0.4678548387096773,0.2585698924731182,25.106086021505376,False,False,False,low
Satara,Maize,Summer,2021,2691.19,8208.13,3.05,2.1,0.2677594232387412,0.2686222088259255,0.2668966376515569,2,28.811451612903227,23.099817204301075,36.043553763440855,4.1664408602150536,2.34002688172043,58.8045752688172,0.5136559139784946,0.4019301075268817,22.613553763440866,False,False,False,low
Satara,Maize,Summer,2022,1076.48,2260.61,2.1,3.05,0.2898911052515204,0.3020873953812778,0.277694815121763,2,29.333494623655916,23.31534946236559,37.37726344086022,0.8433225806451613,2.5935430107526884,55.5248064516129,0.4704623655913978,0.2838333333333334,22.229327956989245,False,False,False,low
Satara,Moong(Green Gram),Kharif,2020,10283.32,7120.51,0.69,,0.4114655664617643,0.455670708759062,0.241067837336053,5,24.323483870967745,22.227113978494625,27.20948172043011,16.797109677419353,2.8878236559139783,90.83138064516127,0.9368344086021504,0.9163634408602148,13.924494623655914,True,False,True,medium
Satara,Moong(Green Gram),Kharif,2021,15698.24,8828.69,0.56,0.69,0.4114655664617643,0.4714084924942293,0.241067837336053,5,24.082963440860212,21.7483935483871,27.24687526881721,15.806890322580648,2.924010752688172,89.92160430107528,0.9346301075268816,0.9109032258064516,14.692744086021506,True,False,True,medium
Satara,Moong(Green Gram),Kharif,2022,11966.96,12328.36,1.03,0.56,0.4114655664617643,0.5626616548690501,0.241067837336053,5,24.02700215053764,21.58746451612903,27.46934408602151,14.782978494623654,3.1235698924731183,88.05840430107527,0.8862709677419355,0.8631032258064517,14.76867311827957,True,False,True,medium
Satara,Niger seed,Kharif,2020,1316.33,559.31,0.42,,0.4009920640763048,0.455670708759062,0.2723615137428504,5,24.323483870967745,22.227113978494625,27.20948172043011,16.797109677419353,2.8878236559139783,90.83138064516127,0.9368344086021504,0.9163634408602148,13.924494623655914,True,False,True,medium
Satara,Niger seed,Kharif,2021,552.0,94.45,0.17,0.42,0.4009920640763048,0.4714084924942293,0.2723615137428504,5,24.082963440860212,21.7483935483871,27.24687526881721,15.806890322580648,2.924010752688172,89.92160430107528,0.9346301075268816,0.9109032258064516,14.692744086021506,True,False,True,medium
Satara,Niger seed,Kharif,2022,582.0,265.4,0.46,0.17,0.4009920640763048,0.5626616548690501,0.2723615137428504,5,24.02700215053764,21.58746451612903,27.46934408602151,14.782978494623654,3.1235698924731183,88.05840430107527,0.8862709677419355,0.8631032258064517,14.76867311827957,True,False,True,medium
Satara,Other  Rabi pulses,Rabi,2020,894.0,402.3,0.45,,0.3817281405661875,0.4464215651821347,0.3009973323325556,5,23.900978648233487,17.729469585253455,31.5737425499232,0.1360380952380952,1.8283963133640555,61.06844101382488,0.6084858678955454,0.5349780337941629,18.5997712749616,False,False,False,medium
Satara,Other  Rabi pulses,Rabi,2021,2905.0,1379.88,0.48,0.45,0.3895324268194501,0.4656176123182266,0.3087819132092236,5,23.069608755760367,16.992479723502306,30.716067741935483,0.9021806451612904,1.802742089093702,64.64756559139785,0.6103993855606757,0.5534072196620584,18.132281720430107,False,False,False,medium
Satara,Other  Rabi pulses,Rabi,2022,2564.0,1243.54,0.49,0.48,0.3906892162962018,0.4720511075256599,0.3093640318362846,5,23.399022273425494,16.690467588325653,31.76699831029186,0.055610752688172,2.044436405529954,54.7446425499232,0.5788508448540706,0.4807723502304147,19.16479124423963,False,False,False,medium
Satara,Other Cereals,Kharif,2020,282.0,121.26,0.43,,0.4009920640763048,0.455670708759062,0.2537155251933066,5,24.323483870967745,22.227113978494625,27.20948172043011,16.797109677419353,2.8878236559139783,90.83138064516127,0.9368344086021504,0.9163634408602148,13.924494623655914,True,False,True,medium
Satara,Other Cereals,Kharif,2021,387.0,193.5,0.5,0.43,0.4009920640763048,0.4714084924942293,0.2537155251933066,5,24.082963440860212,21.7483935483871,27.24687526881721,15.806890322580648,2.924010752688172,89.92160430107528,0.9346301075268816,0.9109032258064516,14.692744086021506,True,False,True,medium
Satara,Other Cereals,Kharif,2022,298.0,149.0,0.5,0.5,0.4009920640763048,0.5626616548690501,0.2537155251933066,5,24.02700215053764,21.58746451612903,27.46934408602151,14.782978494623654,3.1235698924731183,88.05840430107527,0.8862709677419355,0.8631032258064517,14.76867311827957,True,False,True,medium
Satara,Other Cereals,Rabi,2020,298.0,126.65,0.43,,0.3817281405661875,0.4464215651821347,0.3009973323325556,5,23.900978648233487,17.729469585253455,31.5737425499232,0.1360380952380952,1.8283963133640555,61.06844101382488,0.6084858678955454,0.5349780337941629,18.5997712749616,False,False,False,medium
Satara,Other Cereals,Rabi,2021,123.0,56.58,0.46,0.43,0.3895324268194501,0.4656176123182266,0.3087819132092236,5,23.069608755760367,16.992479723502306,30.716067741935483,0.9021806451612904,1.802742089093702,64.64756559139785,0.6103993855606757,0.5534072196620584,18.132281720430107,False,False,False,medium
Satara,Other Cereals,Rabi,2022,168.0,79.8,0.48,0.46,0.3906892162962018,0.4720511075256599,0.3093640318362846,5,23.399022273425494,16.690467588325653,31.76699831029186,0.055610752688172,2.044436405529954,54.7446425499232,0.5788508448540706,0.4807723502304147,19.16479124423963,False,False,False,medium
Satara,Other Kharif pulses,Kharif,2020,40151.0,44728.21,1.11,,0.4009920640763048,0.455670708759062,0.2537155251933066,5,24.323483870967745,22.227113978494625,27.20948172043011,16.797109677419353,2.8878236559139783,90.83138064516127,0.9368344086021504,0.9163634408602148,13.924494623655914,True,False,True,medium
Satara,Other Kharif pulses,Kharif,2021,40426.0,56596.4,1.4,1.11,0.4009920640763048,0.4714084924942293,0.2537155251933066,5,24.082963440860212,21.7483935483871,27.24687526881721,15.806890322580648,2.924010752688172,89.92160430107528,0.9346301075268816,0.9109032258064516,14.692744086021506,True,False,True,medium
Satara,Other Kharif pulses,Kharif,2022,44573.0,57945.0,1.3,1.4,0.4009920640763048,0.5626616548690501,0.2537155251933066,5,24.02700215053764,21.58746451612903,27.46934408602151,14.782978494623654,3.1235698924731183,88.05840430107527,0.8862709677419355,0.8631032258064517,14.76867311827957,True,False,True,medium
Satara,Other Summer Pulses,Summer,2022,21.0,12.36,0.59,,0.2898911052515204,0.3020873953812778,0.277694815121763,2,29.333494623655916,23.31534946236559,37.37726344086022,0.8433225806451613,2.5935430107526884,55.5248064516129,0.4704623655913978,0.2838333333333334,22.229327956989245,False,False,False,low
Satara,Ragi,Kharif,2020,4740.0,6250.29,1.32,,0.366957985075254,0.455670708759062,0.2878671519862098,5,24.323483870967745,22.227113978494625,27.20948172043011,16.797109677419353,2.8878236559139783,90.83138064516127,0.9368344086021504,0.9163634408602148,13.924494623655914,True,False,True,medium
Satara,Ragi,Kharif,2021,5158.0,6206.11,1.2,1.32,0.366957985075254,0.4714084924942293,0.2878671519862098,5,24.082963440860212,21.7483935483871,27.24687526881721,15.806890322580648,2.924010752688172,89.92160430107528,0.9346301075268816,0.9109032258064516,14.692744086021506,True,False,True,medium
Satara,Ragi,Kharif,2022,4916.0,5565.0,1.13,1.2,0.366957985075254,0.5626616548690501,0.2878671519862098,5,24.02700215053764,21.58746451612903,27.46934408602151,14.782978494623654,3.1235698924731183,88.05840430107527,0.8862709677419355,0.8631032258064517,14.76867311827957,True,False,True,medium
Satara,Rice,Kharif,2020,46954.0,108948.5,2.32,,0.42158207299695205,0.455670708759062,0.2723615137428504,5,24.323483870967745,22.227113978494625,27.20948172043011,16.797109677419353,2.8878236559139783,90.83138064516127,0.9368344086021504,0.9163634408602148,13.924494623655914,True,False,True,medium
Satara,Rice,Kharif,2021,45099.32,88918.68,1.97,2.32,0.42158207299695205,0.4714084924942293,0.2723615137428504,5,24.082963440860212,21.7483935483871,27.24687526881721,15.806890322580648,2.924010752688172,89.92160430107528,0.9346301075268816,0.9109032258064516,14.692744086021506,True,False,True,medium
Satara,Rice,Kharif,2022,47710.76,93200.74,1.95,1.97,0.42158207299695205,0.5626616548690501,0.2723615137428504,5,24.02700215053764,21.58746451612903,27.46934408602151,14.782978494623654,3.1235698924731183,88.05840430107527,0.8862709677419355,0.8631032258064517,14.76867311827957,True,False,True,medium
Satara,Safflower,Rabi,2020,12.29,13.8,1.12,,0.3817281405661875,0.4464215651821347,0.3009973323325556,5,23.900978648233487,17.729469585253455,31.5737425499232,0.1360380952380952,1.8283963133640555,61.06844101382488,0.6084858678955454,0.5349780337941629,18.5997712749616,False,False,False,medium
Satara,Safflower,Rabi,2022,25.0,3.01,0.12,1.12,0.3906892162962018,0.4720511075256599,0.3093640318362846,5,23.399022273425494,16.690467588325653,31.76699831029186,0.055610752688172,2.044436405529954,54.7446425499232,0.5788508448540706,0.4807723502304147,19.16479124423963,False,False,False,medium
Satara,Sesamum,Kharif,2020,38.0,11.27,0.3,,0.4114655664617643,0.455670708759062,0.2447657245745562,5,24.323483870967745,22.227113978494625,27.20948172043011,16.797109677419353,2.8878236559139783,90.83138064516127,0.9368344086021504,0.9163634408602148,13.924494623655914,True,False,True,medium
Satara,Sesamum,Kharif,2021,35.0,6.68,0.19,0.3,0.4114655664617643,0.4714084924942293,0.2447657245745562,5,24.082963440860212,21.7483935483871,27.24687526881721,15.806890322580648,2.924010752688172,89.92160430107528,0.9346301075268816,0.9109032258064516,14.692744086021506,True,False,True,medium
Satara,Soyabean,Kharif,2020,74250.34,167956.63,2.26,,0.4114655664617643,0.455670708759062,0.241067837336053,5,24.323483870967745,22.227113978494625,27.20948172043011,16.797109677419353,2.8878236559139783,90.83138064516127,0.9368344086021504,0.9163634408602148,13.924494623655914,True,False,True,medium
Satara,Soyabean,Kharif,2021,74839.0,177450.75,2.37,2.26,0.4114655664617643,0.4714084924942293,0.241067837336053,5,24.082963440860212,21.7483935483871,27.24687526881721,15.806890322580648,2.924010752688172,89.92160430107528,0.9346301075268816,0.9109032258064516,14.692744086021506,True,False,True,medium
Satara,Soyabean,Kharif,2022,85795.0,184186.0,2.15,2.37,0.4114655664617643,0.5626616548690501,0.241067837336053,5,24.02700215053764,21.58746451612903,27.46934408602151,14.782978494623654,3.1235698924731183,88.05840430107527,0.8862709677419355,0.8631032258064517,14.76867311827957,True,False,True,medium
Satara,Soyabean,Summer,2021,1637.0,2864.75,1.75,,0.2677594232387412,0.2686222088259255,0.2668966376515569,2,28.811451612903227,23.099817204301075,36.043553763440855,4.1664408602150536,2.34002688172043,58.8045752688172,0.5136559139784946,0.4019301075268817,22.613553763440866,False,False,False,low
Satara,Soyabean,Summer,2022,80.0,117.6,1.47,1.75,0.2898911052515204,0.3020873953812778,0.277694815121763,2,29.333494623655916,23.31534946236559,37.37726344086022,0.8433225806451613,2.5935430107526884,55.5248064516129,0.4704623655913978,0.2838333333333334,22.229327956989245,False,False,False,low
Satara,Sugarcane,Whole Year,2020,94933.0,10467495.7,110.26,,0.3730108423266771,0.455670708759062,0.20171800959583375,12,24.823156686441724,20.21157319861575,30.7935082499073,7.135835125448028,2.442009176863181,72.90195300333706,0.7240251205042639,0.6531599616858237,17.9895735693981,True,False,True,high
Satara,Sugarcane,Whole Year,2021,116626.0,13126135.11,112.55,110.26,0.3730108423266771,0.4714084924942293,0.20171800959583375,12,24.81298035074245,20.4213990655402,30.41462480798771,7.695964797747056,2.354339861751152,73.36576708909371,0.7256513696876601,0.6695965821812595,17.38719770865335,True,False,True,high
Satara,Sugarcane,Whole Year,2022,116625.0,12747112.5,109.3,112.55,0.3730108423266771,0.5626616548690501,0.20171800959583375,12,24.469231246799797,19.773734831029184,30.61565815412186,6.3174659498207895,2.513753648233487,71.84113261648746,0.6973330773169483,0.6300522913466462,17.6808082437276,True,False,True,high
Satara,Sunflower,Kharif,2020,68.07,46.46,0.68,,0.4009920640763048,0.455670708759062,0.2723615137428504,5,24.323483870967745,22.227113978494625,27.20948172043011,16.797109677419353,2.8878236559139783,90.83138064516127,0.9368344086021504,0.9163634408602148,13.924494623655914,True,False,True,medium
Satara,Sunflower,Kharif,2021,129.41,74.19,0.57,0.68,0.4009920640763048,0.4714084924942293,0.2723615137428504,5,24.082963440860212,21.7483935483871,27.24687526881721,15.806890322580648,2.924010752688172,89.92160430107528,0.9346301075268816,0.9109032258064516,14.692744086021506,True,False,True,medium
Satara,Sunflower,Kharif,2022,76.0,44.0,0.58,0.57,0.4009920640763048,0.5626616548690501,0.2723615137428504,5,24.02700215053764,21.58746451612903,27.46934408602151,14.782978494623654,3.1235698924731183,88.05840430107527,0.8862709677419355,0.8631032258064517,14.76867311827957,True,False,True,medium
Satara,Sunflower,Rabi,2020,12.0,4.68,0.39,,0.3817281405661875,0.4464215651821347,0.3009973323325556,5,23.900978648233487,17.729469585253455,31.5737425499232,0.1360380952380952,1.8283963133640555,61.06844101382488,0.6084858678955454,0.5349780337941629,18.5997712749616,False,False,False,medium
Satara,Sunflower,Rabi,2021,34.0,44.84,1.32,0.39,0.3895324268194501,0.4656176123182266,0.3087819132092236,5,23.069608755760367,16.992479723502306,30.716067741935483,0.9021806451612904,1.802742089093702,64.64756559139785,0.6103993855606757,0.5534072196620584,18.132281720430107,False,False,False,medium
Satara,Sunflower,Rabi,2022,55.0,64.36,1.17,1.32,0.3906892162962018,0.4720511075256599,0.3093640318362846,5,23.399022273425494,16.690467588325653,31.76699831029186,0.055610752688172,2.044436405529954,54.7446425499232,0.5788508448540706,0.4807723502304147,19.16479124423963,False,False,False,medium
Satara,Sunflower,Summer,2022,61.0,52.0,0.85,,0.2898911052515204,0.3020873953812778,0.277694815121763,2,29.333494623655916,23.31534946236559,37.37726344086022,0.8433225806451613,2.5935430107526884,55.5248064516129,0.4704623655913978,0.2838333333333334,22.229327956989245,False,False,False,low
Satara,Urad,Kharif,2020,4207.95,2860.97,0.68,,0.4114655664617643,0.455670708759062,0.241067837336053,5,24.323483870967745,22.227113978494625,27.20948172043011,16.797109677419353,2.8878236559139783,90.83138064516127,0.9368344086021504,0.9163634408602148,13.924494623655914,True,False,True,medium
Satara,Urad,Kharif,2021,4197.43,3248.39,0.77,0.68,0.4114655664617643,0.4714084924942293,0.241067837336053,5,24.082963440860212,21.7483935483871,27.24687526881721,15.806890322580648,2.924010752688172,89.92160430107528,0.9346301075268816,0.9109032258064516,14.692744086021506,True,False,True,medium
Satara,Urad,Kharif,2022,3929.55,4282.03,1.09,0.77,0.4114655664617643,0.5626616548690501,0.241067837336053,5,24.02700215053764,21.58746451612903,27.46934408602151,14.782978494623654,3.1235698924731183,88.05840430107527,0.8862709677419355,0.8631032258064517,14.76867311827957,True,False,True,medium
Satara,Wheat,Rabi,2020,35435.63,76780.86,2.17,,0.3817281405661875,0.4464215651821347,0.3009973323325556,5,23.900978648233487,17.729469585253455,31.5737425499232,0.1360380952380952,1.8283963133640555,61.06844101382488,0.6084858678955454,0.5349780337941629,18.5997712749616,False,False,False,medium
Satara,Wheat,Rabi,2021,37957.18,92410.17,2.43,2.17,0.3895324268194501,0.4656176123182266,0.3087819132092236,5,23.069608755760367,16.992479723502306,30.716067741935483,0.9021806451612904,1.802742089093702,64.64756559139785,0.6103993855606757,0.5534072196620584,18.132281720430107,False,False,False,medium
Satara,Wheat,Rabi,2022,44542.46,104153.63,2.34,2.43,0.3906892162962018,0.4720511075256599,0.3093640318362846,5,23.399022273425494,16.690467588325653,31.76699831029186,0.055610752688172,2.044436405529954,54.7446425499232,0.5788508448540706,0.4807723502304147,19.16479124423963,False,False,False,medium
Satara,other oilseeds,Kharif,2020,120.0,30.0,0.25,,0.4009920640763048,0.455670708759062,0.2492406248839314,5,24.323483870967745,22.227113978494625,27.20948172043011,16.797109677419353,2.8878236559139783,90.83138064516127,0.9368344086021504,0.9163634408602148,13.924494623655914,True,False,True,medium
Satara,other oilseeds,Kharif,2021,85.0,26.0,0.31,0.25,0.4009920640763048,0.4714084924942293,0.2492406248839314,5,24.082963440860212,21.7483935483871,27.24687526881721,15.806890322580648,2.924010752688172,89.92160430107528,0.9346301075268816,0.9109032258064516,14.692744086021506,True,False,True,medium
Satara,other oilseeds,Kharif,2022,51.0,25.5,0.5,0.31,0.4009920640763048,0.5626616548690501,0.2492406248839314,5,24.02700215053764,21.58746451612903,27.46934408602151,14.782978494623654,3.1235698924731183,88.05840430107527,0.8862709677419355,0.8631032258064517,14.76867311827957,True,False,True,medium
Satara,other oilseeds,Rabi,2020,36.0,8.1,0.23,,0.3817281405661875,0.4464215651821347,0.3009973323325556,5,23.900978648233487,17.729469585253455,31.5737425499232,0.1360380952380952,1.8283963133640555,61.06844101382488,0.6084858678955454,0.5349780337941629,18.5997712749616,False,False,False,medium
Satara,other oilseeds,Rabi,2021,650.0,156.0,0.24,0.23,0.3895324268194501,0.4656176123182266,0.3087819132092236,5,23.069608755760367,16.992479723502306,30.716067741935483,0.9021806451612904,1.802742089093702,64.64756559139785,0.6103993855606757,0.5534072196620584,18.132281720430107,False,False,False,medium
Satara,other oilseeds,Rabi,2022,91.0,22.75,0.25,0.24,0.3906892162962018,0.4720511075256599,0.3093640318362846,5,23.399022273425494,16.690467588325653,31.76699831029186,0.055610752688172,2.044436405529954,54.7446425499232,0.5788508448540706,0.4807723502304147,19.16479124423963,False,False,False,medium
Sindhudurg,Arhar/Tur,Kharif,2020,2.0,1.32,0.66,,0.4114655664617643,0.6300866892890088,0.241067837336053,5,25.329636559139782,23.4182623655914,27.994516129032256,21.020268817204304,2.868101075268817,90.96982365591398,0.9599849462365592,0.9350387096774192,14.553421505376344,True,False,True,medium
Sindhudurg,Arhar/Tur,Kharif,2021,2.0,1.2,0.6,0.66,0.4114655664617643,0.5886808056857094,0.241067837336053,5,25.27394623655914,23.15112688172043,28.16361290322581,18.286974193548385,2.823548387096774,89.92344731182796,0.9493483870967742,0.9203096774193548,15.439724731182796,True,False,True,medium
Sindhudurg,Groundnut,Kharif,2020,541.45,507.18,0.94,,0.4009920640763048,0.6300866892890088,0.2429167809553046,5,25.329636559139782,23.4182623655914,27.994516129032256,21.020268817204304,2.868101075268817,90.96982365591398,0.9599849462365592,0.9350387096774192,14.553421505376344,True,False,True,medium
Sindhudurg,Groundnut,Kharif,2021,541.45,472.58,0.87,0.94,0.4009920640763048,0.5886808056857094,0.2429167809553046,5,25.27394623655914,23.15112688172043,28.16361290322581,18.286974193548385,2.823548387096774,89.92344731182796,0.9493483870967742,0.9203096774193548,15.439724731182796,True,False,True,medium
Sindhudurg,Groundnut,Kharif,2022,541.44,496.99,0.92,0.87,0.4009920640763048,0.7275818283223858,0.2429167809553046,5,25.044881720430105,22.844505376344088,28.126012903225803,16.221531182795697,2.951815053763441,88.76591612903226,0.910105376344086,0.885268817204301,15.473526881720431,True,False,True,medium
Sindhudurg,Groundnut,Summer,2020,843.0,2150.09,2.55,,0.4658632681644776,0.4687693404895743,0.462957195839381,2,30.939715053763443,25.119913978494623,39.29152688172043,1.1143118279569892,2.519220430107527,56.98590860215055,0.4634354838709678,0.2895322580645161,24.34478494623656,False,False,False,low
Sindhudurg,Groundnut,Summer,2021,863.0,2042.55,2.37,2.55,0.4552976914974455,0.474509576258831,0.43608580673606,2,29.56127419354839,24.61428494623656,36.32712365591398,5.789338709677419,2.362048387096774,64.00405913978494,0.5249193548387097,0.4252795698924731,22.34386559139785,False,False,False,low
Sindhudurg,Groundnut,Summer,2022,2158.0,4946.0,2.29,2.37,0.4502750398394218,0.476674291577473,0.4238757881013708,2,29.82064516129032,24.75297849462365,37.03889247311828,1.4815752688172044,2.38947311827957,62.494193548387095,0.4746236559139785,0.3413172043010752,21.46997311827957,False,False,False,low
Sindhudurg,Maize,Rabi,2020,339.0,930.9,2.75,,0.5602070957411084,0.6630494300014155,0.4418505111402249,5,25.757289247311824,19.791490015360985,33.44827480798771,0.1407840245775729,2.0053251920122888,62.997299078341015,0.5874562211981567,0.4928055299539171,19.265515514592938,False,False,False,medium
Sindhudurg,Maize,Rabi,2021,383.0,943.56,2.46,2.75,0.5869886727491851,0.6679140433997229,0.502901756965244,5,24.637578955453147,18.952498156682022,32.09509370199693,1.1754752688172043,1.8544454685099847,68.23485745007682,0.6246046082949309,0.5682835637480799,18.653932565284176,False,False,False,medium
Sindhudurg,Maize,Rabi,2022,404.0,1110.43,2.75,2.46,0.569573921594765,0.654520800762551,0.4764591294413212,5,25.4760801843318,18.875534562211985,33.92215837173579,0.0226430107526881,2.139190322580645,55.22588863287251,0.5623299539170507,0.429274500768049,19.582847311827955,False,False,False,medium
Sindhudurg,Maize,Summer,2022,163.0,379.51,2.33,,0.4502750398394218,0.476674291577473,0.4238757881013708,2,29.82064516129032,24.75297849462365,37.03889247311828,1.4815752688172044,2.38947311827957,62.494193548387095,0.4746236559139785,0.3413172043010752,21.46997311827957,False,False,False,low
Sindhudurg,Moong(Green Gram),Kharif,2020,68.0,24.72,0.36,,0.4114655664617643,0.6300866892890088,0.241067837336053,5,25.329636559139782,23.4182623655914,27.994516129032256,21.020268817204304,2.868101075268817,90.96982365591398,0.9599849462365592,0.9350387096774192,14.553421505376344,True,False,True,medium
Sindhudurg,Moong(Green Gram),Kharif,2021,74.0,47.01,0.64,0.36,0.4114655664617643,0.5886808056857094,0.241067837336053,5,25.27394623655914,23.15112688172043,28.16361290322581,18.286974193548385,2.823548387096774,89.92344731182796,0.9493483870967742,0.9203096774193548,15.439724731182796,True,False,True,medium
Sindhudurg,Other  Rabi pulses,Rabi,2020,4840.0,3252.48,0.67,,0.5602070957411084,0.6630494300014155,0.4418505111402249,5,25.757289247311824,19.791490015360985,33.44827480798771,0.1407840245775729,2.0053251920122888,62.997299078341015,0.5874562211981567,0.4928055299539171,19.265515514592938,False,False,False,medium
Sindhudurg,Other  Rabi pulses,Rabi,2021,5081.0,3455.08,0.68,0.67,0.5869886727491851,0.6679140433997229,0.502901756965244,5,24.637578955453147,18.952498156682022,32.09509370199693,1.1754752688172043,1.8544454685099847,68.23485745007682,0.6246046082949309,0.5682835637480799,18.653932565284176,False,False,False,medium
Sindhudurg,Other  Rabi pulses,Rabi,2022,5675.0,3562.77,0.63,0.68,0.569573921594765,0.654520800762551,0.4764591294413212,5,25.4760801843318,18.875534562211985,33.92215837173579,0.0226430107526881,2.139190322580645,55.22588863287251,0.5623299539170507,0.429274500768049,19.582847311827955,False,False,False,medium
Sindhudurg,Other Cereals,Kharif,2020,81.0,40.97,0.51,,0.4009920640763048,0.6300866892890088,0.2537155251933066,5,25.329636559139782,23.4182623655914,27.994516129032256,21.020268817204304,2.868101075268817,90.96982365591398,0.9599849462365592,0.9350387096774192,14.553421505376344,True,False,True,medium
Sindhudurg,Other Cereals,Kharif,2021,47.0,23.77,0.51,0.51,0.4009920640763048,0.5886808056857094,0.2537155251933066,5,25.27394623655914,23.15112688172043,28.16361290322581,18.286974193548385,2.823548387096774,89.92344731182796,0.9493483870967742,0.9203096774193548,15.439724731182796,True,False,True,medium
Sindhudurg,Other Cereals,Kharif,2022,39.0,19.73,0.51,0.51,0.4009920640763048,0.7275818283223858,0.2537155251933066,5,25.044881720430105,22.844505376344088,28.126012903225803,16.221531182795697,2.951815053763441,88.76591612903226,0.910105376344086,0.885268817204301,15.473526881720431,True,False,True,medium
Sindhudurg,Other Cereals,Rabi,2020,199.0,188.85,0.95,,0.5602070957411084,0.6630494300014155,0.4418505111402249,5,25.757289247311824,19.791490015360985,33.44827480798771,0.1407840245775729,2.0053251920122888,62.997299078341015,0.5874562211981567,0.4928055299539171,19.265515514592938,False,False,False,medium
Sindhudurg,Other Cereals,Rabi,2021,221.0,212.16,0.96,0.95,0.5869886727491851,0.6679140433997229,0.502901756965244,5,24.637578955453147,18.952498156682022,32.09509370199693,1.1754752688172043,1.8544454685099847,68.23485745007682,0.6246046082949309,0.5682835637480799,18.653932565284176,False,False,False,medium
Sindhudurg,Other Cereals,Rabi,2022,844.0,779.65,0.92,0.96,0.569573921594765,0.654520800762551,0.4764591294413212,5,25.4760801843318,18.875534562211985,33.92215837173579,0.0226430107526881,2.139190322580645,55.22588863287251,0.5623299539170507,0.429274500768049,19.582847311827955,False,False,False,medium
Sindhudurg,Other Cereals,Summer,2021,58.0,52.2,0.9,,0.4552976914974455,0.474509576258831,0.43608580673606,2,29.56127419354839,24.61428494623656,36.32712365591398,5.789338709677419,2.362048387096774,64.00405913978494,0.5249193548387097,0.4252795698924731,22.34386559139785,False,False,False,low
Sindhudurg,Other Cereals,Summer,2022,199.0,179.1,0.9,0.9,0.4502750398394218,0.476674291577473,0.4238757881013708,2,29.82064516129032,24.75297849462365,37.03889247311828,1.4815752688172044,2.38947311827957,62.494193548387095,0.4746236559139785,0.3413172043010752,21.46997311827957,False,False,False,low
Sindhudurg,Other Kharif pulses,Kharif,2020,452.0,203.85,0.45,,0.4009920640763048,0.6300866892890088,0.2537155251933066,5,25.329636559139782,23.4182623655914,27.994516129032256,21.020268817204304,2.868101075268817,90.96982365591398,0.9599849462365592,0.9350387096774192,14.553421505376344,True,False,True,medium
Sindhudurg,Other Kharif pulses,Kharif,2021,416.0,187.62,0.45,0.45,0.4009920640763048,0.5886808056857094,0.2537155251933066,5,25.27394623655914,23.15112688172043,28.16361290322581,18.286974193548385,2.823548387096774,89.92344731182796,0.9493483870967742,0.9203096774193548,15.439724731182796,True,False,True,medium
Sindhudurg,Other Kharif pulses,Kharif,2022,358.0,236.0,0.66,0.45,0.4009920640763048,0.7275818283223858,0.2537155251933066,5,25.044881720430105,22.844505376344088,28.126012903225803,16.221531182795697,2.951815053763441,88.76591612903226,0.910105376344086,0.885268817204301,15.473526881720431,True,False,True,medium
Sindhudurg,Ragi,Kharif,2020,1306.32,2329.1,1.78,,0.366957985075254,0.6300866892890088,0.2878671519862098,5,25.329636559139782,23.4182623655914,27.994516129032256,21.020268817204304,2.868101075268817,90.96982365591398,0.9599849462365592,0.9350387096774192,14.553421505376344,True,False,True,medium
Sindhudurg,Ragi,Kharif,2021,1284.32,2484.78,1.93,1.78,0.366957985075254,0.5886808056857094,0.2878671519862098,5,25.27394623655914,23.15112688172043,28.16361290322581,18.286974193548385,2.823548387096774,89.92344731182796,0.9493483870967742,0.9203096774193548,15.439724731182796,True,False,True,medium
Sindhudurg,Ragi,Kharif,2022,1284.0,2350.0,1.83,1.93,0.366957985075254,0.7275818283223858,0.2878671519862098,5,25.044881720430105,22.844505376344088,28.126012903225803,16.221531182795697,2.951815053763441,88.76591612903226,0.910105376344086,0.885268817204301,15.473526881720431,True,False,True,medium
Sindhudurg,Rice,Kharif,2020,62063.18,173928.68,2.8,,0.42158207299695205,0.6300866892890088,0.2723615137428504,5,25.329636559139782,23.4182623655914,27.994516129032256,21.020268817204304,2.868101075268817,90.96982365591398,0.9599849462365592,0.9350387096774192,14.553421505376344,True,False,True,medium
Sindhudurg,Rice,Kharif,2021,62063.18,160649.95,2.59,2.8,0.42158207299695205,0.5886808056857094,0.2723615137428504,5,25.27394623655914,23.15112688172043,28.16361290322581,18.286974193548385,2.823548387096774,89.92344731182796,0.9493483870967742,0.9203096774193548,15.439724731182796,True,False,True,medium
Sindhudurg,Rice,Kharif,2022,62063.18,166240.0,2.68,2.59,0.42158207299695205,0.7275818283223858,0.2723615137428504,5,25.044881720430105,22.844505376344088,28.126012903225803,16.221531182795697,2.951815053763441,88.76591612903226,0.910105376344086,0.885268817204301,15.473526881720431,True,False,True,medium
Sindhudurg,Rice,Summer,2020,1551.0,4064.82,2.62,,0.4658632681644776,0.4687693404895743,0.462957195839381,2,30.939715053763443,25.119913978494623,39.29152688172043,1.1143118279569892,2.519220430107527,56.98590860215055,0.4634354838709678,0.2895322580645161,24.34478494623656,False,False,False,low
Sindhudurg,Rice,Summer,2021,1551.0,4136.81,2.67,2.62,0.4552976914974455,0.474509576258831,0.43608580673606,2,29.56127419354839,24.61428494623656,36.32712365591398,5.789338709677419,2.362048387096774,64.00405913978494,0.5249193548387097,0.4252795698924731,22.34386559139785,False,False,False,low
Sindhudurg,Rice,Summer,2022,1551.0,6134.22,3.96,2.67,0.4502750398394218,0.476674291577473,0.4238757881013708,2,29.82064516129032,24.75297849462365,37.03889247311828,1.4815752688172044,2.38947311827957,62.494193548387095,0.4746236559139785,0.3413172043010752,21.46997311827957,False,False,False,low
Sindhudurg,Sesamum,Summer,2020,31.0,6.39,0.21,,0.4658632681644776,0.4687693404895743,0.462957195839381,2,30.939715053763443,25.119913978494623,39.29152688172043,1.1143118279569892,2.519220430107527,56.98590860215055,0.4634354838709678,0.2895322580645161,24.34478494623656,False,False,False,low
Sindhudurg,Sesamum,Summer,2021,39.0,5.85,0.15,0.21,0.4552976914974455,0.474509576258831,0.43608580673606,2,29.56127419354839,24.61428494623656,36.32712365591398,5.789338709677419,2.362048387096774,64.00405913978494,0.5249193548387097,0.4252795698924731,22.34386559139785,False,False,False,low
Sindhudurg,Sesamum,Summer,2022,74.0,15.0,0.2,0.15,0.4502750398394218,0.476674291577473,0.4238757881013708,2,29.82064516129032,24.75297849462365,37.03889247311828,1.4815752688172044,2.38947311827957,62.494193548387095,0.4746236559139785,0.3413172043010752,21.46997311827957,False,False,False,low
Sindhudurg,Sugarcane,Whole Year,2022,1236.0,99127.2,80.2,,0.3730108423266771,0.7275818283223858,0.20171800959583375,12,25.683114887352787,21.376360791090637,31.488407322068607,7.032969534050179,2.46172414234511,74.50874257552483,0.7040933179723502,0.6454622375832053,17.9597568484383,True,False,True,high
Sindhudurg,Urad,Kharif,2020,51.0,17.27,0.34,,0.4114655664617643,0.6300866892890088,0.241067837336053,5,25.329636559139782,23.4182623655914,27.994516129032256,21.020268817204304,2.868101075268817,90.96982365591398,0.9599849462365592,0.9350387096774192,14.553421505376344,True,False,True,medium
Sindhudurg,Urad,Kharif,2021,10.0,5.36,0.54,0.34,0.4114655664617643,0.5886808056857094,0.241067837336053,5,25.27394623655914,23.15112688172043,28.16361290322581,18.286974193548385,2.823548387096774,89.92344731182796,0.9493483870967742,0.9203096774193548,15.439724731182796,True,False,True,medium
Sindhudurg,Urad,Kharif,2022,10.0,5.4,0.54,0.54,0.4114655664617643,0.7275818283223858,0.241067837336053,5,25.044881720430105,22.844505376344088,28.126012903225803,16.221531182795697,2.951815053763441,88.76591612903226,0.910105376344086,0.885268817204301,15.473526881720431,True,False,True,medium
Sindhudurg,other oilseeds,Rabi,2021,7.0,4.34,0.62,,0.5869886727491851,0.6679140433997229,0.502901756965244,5,24.637578955453147,18.952498156682022,32.09509370199693,1.1754752688172043,1.8544454685099847,68.23485745007682,0.6246046082949309,0.5682835637480799,18.653932565284176,False,False,False,medium
Sindhudurg,other oilseeds,Rabi,2022,1066.0,633.56,0.59,0.62,0.569573921594765,0.654520800762551,0.4764591294413212,5,25.4760801843318,18.875534562211985,33.92215837173579,0.0226430107526881,2.139190322580645,55.22588863287251,0.5623299539170507,0.429274500768049,19.582847311827955,False,False,False,medium
Sindhudurg,other oilseeds,Summer,2020,52.0,31.55,0.61,,0.4658632681644776,0.4687693404895743,0.462957195839381,2,30.939715053763443,25.119913978494623,39.29152688172043,1.1143118279569892,2.519220430107527,56.98590860215055,0.4634354838709678,0.2895322580645161,24.34478494623656,False,False,False,low
Sindhudurg,other oilseeds,Summer,2021,94.0,18.8,0.2,0.61,0.4552976914974455,0.474509576258831,0.43608580673606,2,29.56127419354839,24.61428494623656,36.32712365591398,5.789338709677419,2.362048387096774,64.00405913978494,0.5249193548387097,0.4252795698924731,22.34386559139785,False,False,False,low
Sindhudurg,other oilseeds,Summer,2022,131.0,79.48,0.61,0.2,0.4502750398394218,0.476674291577473,0.4238757881013708,2,29.82064516129032,24.75297849462365,37.03889247311828,1.4815752688172044,2.38947311827957,62.494193548387095,0.4746236559139785,0.3413172043010752,21.46997311827957,False,False,False,low
Solapur,Arhar/Tur,Kharif,2020,55028.24,33980.26,0.62,,0.3591111838577684,0.4610993819416275,0.273696736629131,5,26.20334623655914,22.48087311827957,31.096529032258065,6.191896774193549,3.25143440860215,77.9499376344086,0.7821634408602149,0.7971870967741935,16.71210752688172,True,False,True,medium
Solapur,Arhar/Tur,Kharif,2021,60637.32,31379.81,0.52,0.62,0.3591111838577684,0.4695687039069781,0.273696736629131,5,26.205550537634405,22.138012903225807,31.470245161290325,4.101563440860216,3.537529032258065,75.38554623655914,0.7202580645161291,0.7346430107526881,17.004320430107526,False,False,False,medium
Solapur,Arhar/Tur,Kharif,2022,62818.0,33495.0,0.53,0.52,0.3591111838577684,0.5193074282995692,0.273696736629131,5,26.00079139784946,21.97512043010753,31.217359139784943,4.631836559139785,3.379952688172043,75.27730322580643,0.7527698924731183,0.7499655913978495,16.447987096774195,True,False,True,medium
Solapur,Bajra,Kharif,2020,55313.76,27225.22,0.49,,0.3591111838577684,0.4610993819416275,0.273696736629131,5,26.20334623655914,22.48087311827957,31.096529032258065,6.191896774193549,3.25143440860215,77.9499376344086,0.7821634408602149,0.7971870967741935,16.71210752688172,True,False,True,medium
Solapur,Bajra,Kharif,2021,57132.06,23218.19,0.41,0.49,0.3591111838577684,0.4695687039069781,0.273696736629131,5,26.205550537634405,22.138012903225807,31.470245161290325,4.101563440860216,3.537529032258065,75.38554623655914,0.7202580645161291,0.7346430107526881,17.004320430107526,False,False,False,medium
Solapur,Bajra,Kharif,2022,49448.0,20712.0,0.42,0.41,0.3591111838577684,0.5193074282995692,0.273696736629131,5,26.00079139784946,21.97512043010753,31.217359139784943,4.631836559139785,3.379952688172043,75.27730322580643,0.7527698924731183,0.7499655913978495,16.447987096774195,True,False,True,medium
Solapur,Bajra,Summer,2021,6.0,5.46,0.91,,0.2633435199267436,0.2661950790545954,0.2604919607988918,2,31.06965053763441,24.75078494623656,37.686220430107525,1.7738655913978494,2.5498870967741936,45.33668279569892,0.6072526881720429,0.4247043010752688,22.18140860215054,False,False,False,low
Solapur,Bajra,Summer,2022,64.0,58.24,0.91,0.91,0.2661380746558501,0.2675505026606037,0.2647256466510966,2,32.29829032258064,25.371548387096773,39.38555376344086,1.3744677419354838,2.752295698924731,39.53215053763441,0.6056505376344086,0.3673333333333333,21.882252688172045,False,False,False,low
Solapur,Cotton(lint),Kharif,2020,400.0,900.0,2.25,,0.3591111838577684,0.4610993819416275,0.273696736629131,5,26.20334623655914,22.48087311827957,31.096529032258065,6.191896774193549,3.25143440860215,77.9499376344086,0.7821634408602149,0.7971870967741935,16.71210752688172,True,False,True,medium
Solapur,Cotton(lint),Kharif,2021,300.0,400.0,1.33,2.25,0.3591111838577684,0.4695687039069781,0.273696736629131,5,26.205550537634405,22.138012903225807,31.470245161290325,4.101563440860216,3.537529032258065,75.38554623655914,0.7202580645161291,0.7346430107526881,17.004320430107526,False,False,False,medium
Solapur,Cotton(lint),Kharif,2022,413.96,667.8,1.61,1.33,0.3591111838577684,0.5193074282995692,0.273696736629131,5,26.00079139784946,21.97512043010753,31.217359139784943,4.631836559139785,3.379952688172043,75.27730322580643,0.7527698924731183,0.7499655913978495,16.447987096774195,True,False,True,medium
Solapur,Gram,Rabi,2020,67433.02,56586.4,0.84,,0.3613473952810848,0.4230983134722872,0.2936950758736076,5,24.362596006144397,17.322673886328726,32.30375622119816,0.0328465437788018,1.960347311827957,54.01694792626728,0.6698279569892474,0.532889093701997,18.596559139784947,False,False,False,medium
Solapur,Gram,Rabi,2021,76792.41,61579.83,0.8,0.84,0.3587332215391632,0.4228120974460663,0.2856978455086197,5,24.3471356374808,17.483641013824887,32.08458371735791,0.3981182795698924,1.963710599078341,54.2941980030722,0.6532987711213517,0.5125505376344086,17.531590629800306,False,False,False,medium
Solapur,Gram,Rabi,2022,93995.97,66470.19,0.71,0.8,0.3733814521603052,0.440968027191819,0.3064377326748264,5,24.13651198156682,16.572094777265743,32.700489400921654,0.045421505376344,1.960839324116744,48.1983603686636,0.6434576036866358,0.4639036866359447,19.06297035330261,False,False,False,medium
Solapur,Groundnut,Kharif,2020,2594.09,2229.99,0.86,,0.3591111838577684,0.4610993819416275,0.273696736629131,5,26.20334623655914,22.48087311827957,31.096529032258065,6.191896774193549,3.25143440860215,77.9499376344086,0.7821634408602149,0.7971870967741935,16.71210752688172,True,False,True,medium
Solapur,Groundnut,Kharif,2021,2849.52,1815.14,0.64,0.86,0.3591111838577684,0.4695687039069781,0.273696736629131,5,26.205550537634405,22.138012903225807,31.470245161290325,4.101563440860216,3.537529032258065,75.38554623655914,0.7202580645161291,0.7346430107526881,17.004320430107526,False,False,False,medium
Solapur,Groundnut,Kharif,2022,3142.02,1228.84,0.39,0.64,0.3591111838577684,0.5193074282995692,0.273696736629131,5,26.00079139784946,21.97512043010753,31.217359139784943,4.631836559139785,3.379952688172043,75.27730322580643,0.7527698924731183,0.7499655913978495,16.447987096774195,True,False,True,medium
Solapur,Groundnut,Summer,2020,4970.36,7512.41,1.51,,0.2380809842429855,0.24700874961146,0.229153218874511,2,33.91201612903226,26.612473118279567,40.9703870967742,0.5175806451612903,2.632833333333333,32.05160215053763,0.5950860215053763,0.2705591397849463,24.518994623655917,False,False,False,low
Solapur,Groundnut,Summer,2021,5433.09,7118.26,1.31,1.51,0.2633435199267436,0.2661950790545954,0.2604919607988918,2,31.06965053763441,24.75078494623656,37.686220430107525,1.7738655913978494,2.5498870967741936,45.33668279569892,0.6072526881720429,0.4247043010752688,22.18140860215054,False,False,False,low
Solapur,Groundnut,Summer,2022,4346.0,6010.0,1.38,1.31,0.2661380746558501,0.2675505026606037,0.2647256466510966,2,32.29829032258064,25.371548387096773,39.38555376344086,1.3744677419354838,2.752295698924731,39.53215053763441,0.6056505376344086,0.3673333333333333,21.882252688172045,False,False,False,low
Solapur,Jowar,Kharif,2020,3112.67,1921.76,0.62,,0.3591111838577684,0.4610993819416275,0.273696736629131,5,26.20334623655914,22.48087311827957,31.096529032258065,6.191896774193549,3.25143440860215,77.9499376344086,0.7821634408602149,0.7971870967741935,16.71210752688172,True,False,True,medium
Solapur,Jowar,Kharif,2021,1199.19,1353.97,1.13,0.62,0.3591111838577684,0.4695687039069781,0.273696736629131,5,26.205550537634405,22.138012903225807,31.470245161290325,4.101563440860216,3.537529032258065,75.38554623655914,0.7202580645161291,0.7346430107526881,17.004320430107526,False,False,False,medium
Solapur,Jowar,Kharif,2022,313.64,156.14,0.5,1.13,0.3591111838577684,0.5193074282995692,0.273696736629131,5,26.00079139784946,21.97512043010753,31.217359139784943,4.631836559139785,3.379952688172043,75.27730322580643,0.7527698924731183,0.7499655913978495,16.447987096774195,True,False,True,medium
Solapur,Jowar,Rabi,2020,470931.63,374566.11,0.8,,0.3613473952810848,0.4230983134722872,0.2936950758736076,5,24.362596006144397,17.322673886328726,32.30375622119816,0.0328465437788018,1.960347311827957,54.01694792626728,0.6698279569892474,0.532889093701997,18.596559139784947,False,False,False,medium
Solapur,Jowar,Rabi,2021,458397.74,374300.09,0.82,0.8,0.3587332215391632,0.4228120974460663,0.2856978455086197,5,24.3471356374808,17.483641013824887,32.08458371735791,0.3981182795698924,1.963710599078341,54.2941980030722,0.6532987711213517,0.5125505376344086,17.531590629800306,False,False,False,medium
Solapur,Jowar,Rabi,2022,251430.71,195660.86,0.78,0.82,0.3733814521603052,0.440968027191819,0.3064377326748264,5,24.13651198156682,16.572094777265743,32.700489400921654,0.045421505376344,1.960839324116744,48.1983603686636,0.6434576036866358,0.4639036866359447,19.06297035330261,False,False,False,medium
Solapur,Linseed,Rabi,2020,216.2,129.72,0.6,,0.3613473952810848,0.4230983134722872,0.2936950758736076,5,24.362596006144397,17.322673886328726,32.30375622119816,0.0328465437788018,1.960347311827957,54.01694792626728,0.6698279569892474,0.532889093701997,18.596559139784947,False,False,False,medium
Solapur,Linseed,Rabi,2021,191.39,180.39,0.94,0.6,0.3587332215391632,0.4228120974460663,0.2856978455086197,5,24.3471356374808,17.483641013824887,32.08458371735791,0.3981182795698924,1.963710599078341,54.2941980030722,0.6532987711213517,0.5125505376344086,17.531590629800306,False,False,False,medium
Solapur,Linseed,Rabi,2022,24.94,9.41,0.38,0.94,0.3733814521603052,0.440968027191819,0.3064377326748264,5,24.13651198156682,16.572094777265743,32.700489400921654,0.045421505376344,1.960839324116744,48.1983603686636,0.6434576036866358,0.4639036866359447,19.06297035330261,False,False,False,medium
Solapur,Maize,Kharif,2020,34083.28,77099.78,2.26,,0.3591111838577684,0.4610993819416275,0.273696736629131,5,26.20334623655914,22.48087311827957,31.096529032258065,6.191896774193549,3.25143440860215,77.9499376344086,0.7821634408602149,0.7971870967741935,16.71210752688172,True,False,True,medium
Solapur,Maize,Kharif,2021,38307.18,88623.66,2.31,2.26,0.3591111838577684,0.4695687039069781,0.273696736629131,5,26.205550537634405,22.138012903225807,31.470245161290325,4.101563440860216,3.537529032258065,75.38554623655914,0.7202580645161291,0.7346430107526881,17.004320430107526,False,False,False,medium
Solapur,Maize,Kharif,2022,45110.0,101398.0,2.25,2.31,0.3591111838577684,0.5193074282995692,0.273696736629131,5,26.00079139784946,21.97512043010753,31.217359139784943,4.631836559139785,3.379952688172043,75.27730322580643,0.7527698924731183,0.7499655913978495,16.447987096774195,True,False,True,medium
Solapur,Maize,Rabi,2020,47272.41,74627.11,1.58,,0.3613473952810848,0.4230983134722872,0.2936950758736076,5,24.362596006144397,17.322673886328726,32.30375622119816,0.0328465437788018,1.960347311827957,54.01694792626728,0.6698279569892474,0.532889093701997,18.596559139784947,False,False,False,medium
Solapur,Maize,Rabi,2021,56247.79,125275.08,2.23,1.58,0.3587332215391632,0.4228120974460663,0.2856978455086197,5,24.3471356374808,17.483641013824887,32.08458371735791,0.3981182795698924,1.963710599078341,54.2941980030722,0.6532987711213517,0.5125505376344086,17.531590629800306,False,False,False,medium
Solapur,Maize,Rabi,2022,64532.28,159717.39,2.48,2.23,0.3733814521603052,0.440968027191819,0.3064377326748264,5,24.13651198156682,16.572094777265743,32.700489400921654,0.045421505376344,1.960839324116744,48.1983603686636,0.6434576036866358,0.4639036866359447,19.06297035330261,False,False,False,medium
Solapur,Maize,Summer,2020,5273.29,7414.25,1.41,,0.2380809842429855,0.24700874961146,0.229153218874511,2,33.91201612903226,26.612473118279567,40.9703870967742,0.5175806451612903,2.632833333333333,32.05160215053763,0.5950860215053763,0.2705591397849463,24.518994623655917,False,False,False,low
Solapur,Maize,Summer,2021,6237.04,8769.28,1.41,1.41,0.2633435199267436,0.2661950790545954,0.2604919607988918,2,31.06965053763441,24.75078494623656,37.686220430107525,1.7738655913978494,2.5498870967741936,45.33668279569892,0.6072526881720429,0.4247043010752688,22.18140860215054,False,False,False,low
Solapur,Maize,Summer,2022,9667.41,15537.46,1.61,1.41,0.2661380746558501,0.2675505026606037,0.2647256466510966,2,32.29829032258064,25.371548387096773,39.38555376344086,1.3744677419354838,2.752295698924731,39.53215053763441,0.6056505376344086,0.3673333333333333,21.882252688172045,False,False,False,low
Solapur,Moong(Green Gram),Kharif,2020,17083.29,9943.34,0.58,,0.3591111838577684,0.4610993819416275,0.273696736629131,5,26.20334623655914,22.48087311827957,31.096529032258065,6.191896774193549,3.25143440860215,77.9499376344086,0.7821634408602149,0.7971870967741935,16.71210752688172,True,False,True,medium
Solapur,Moong(Green Gram),Kharif,2021,18548.52,9528.38,0.51,0.58,0.3591111838577684,0.4695687039069781,0.273696736629131,5,26.205550537634405,22.138012903225807,31.470245161290325,4.101563440860216,3.537529032258065,75.38554623655914,0.7202580645161291,0.7346430107526881,17.004320430107526,False,False,False,medium
Solapur,Moong(Green Gram),Kharif,2022,10500.98,4480.77,0.43,0.51,0.3591111838577684,0.5193074282995692,0.273696736629131,5,26.00079139784946,21.97512043010753,31.217359139784943,4.631836559139785,3.379952688172043,75.27730322580643,0.7527698924731183,0.7499655913978495,16.447987096774195,True,False,True,medium
Solapur,Moong(Green Gram),Summer,2021,8.0,1.47,0.18,,0.2633435199267436,0.2661950790545954,0.2604919607988918,2,31.06965053763441,24.75078494623656,37.686220430107525,1.7738655913978494,2.5498870967741936,45.33668279569892,0.6072526881720429,0.4247043010752688,22.18140860215054,False,False,False,low
Solapur,Moong(Green Gram),Summer,2022,9.0,1.66,0.18,0.18,0.2661380746558501,0.2675505026606037,0.2647256466510966,2,32.29829032258064,25.371548387096773,39.38555376344086,1.3744677419354838,2.752295698924731,39.53215053763441,0.6056505376344086,0.3673333333333333,21.882252688172045,False,False,False,low
Solapur,Niger seed,Kharif,2020,157.7,67.01,0.42,,0.3591111838577684,0.4610993819416275,0.273696736629131,5,26.20334623655914,22.48087311827957,31.096529032258065,6.191896774193549,3.25143440860215,77.9499376344086,0.7821634408602149,0.7971870967741935,16.71210752688172,True,False,True,medium
Solapur,Niger seed,Kharif,2021,28.0,4.79,0.17,0.42,0.3591111838577684,0.4695687039069781,0.273696736629131,5,26.205550537634405,22.138012903225807,31.470245161290325,4.101563440860216,3.537529032258065,75.38554623655914,0.7202580645161291,0.7346430107526881,17.004320430107526,False,False,False,medium
Solapur,Niger seed,Kharif,2022,8.32,3.79,0.46,0.17,0.3591111838577684,0.5193074282995692,0.273696736629131,5,26.00079139784946,21.97512043010753,31.217359139784943,4.631836559139785,3.379952688172043,75.27730322580643,0.7527698924731183,0.7499655913978495,16.447987096774195,True,False,True,medium
Solapur,Other  Rabi pulses,Rabi,2020,270.0,147.69,0.55,,0.3613473952810848,0.4230983134722872,0.2936950758736076,5,24.362596006144397,17.322673886328726,32.30375622119816,0.0328465437788018,1.960347311827957,54.01694792626728,0.6698279569892474,0.532889093701997,18.596559139784947,False,False,False,medium
Solapur,Other  Rabi pulses,Rabi,2021,12.0,2.78,0.23,0.55,0.3587332215391632,0.4228120974460663,0.2856978455086197,5,24.3471356374808,17.483641013824887,32.08458371735791,0.3981182795698924,1.963710599078341,54.2941980030722,0.6532987711213517,0.5125505376344086,17.531590629800306,False,False,False,medium
Solapur,Other  Rabi pulses,Rabi,2022,33.0,12.21,0.37,0.23,0.3733814521603052,0.440968027191819,0.3064377326748264,5,24.13651198156682,16.572094777265743,32.700489400921654,0.045421505376344,1.960839324116744,48.1983603686636,0.6434576036866358,0.4639036866359447,19.06297035330261,False,False,False,medium
Solapur,Other Cereals,Kharif,2020,886.0,256.94,0.29,,0.3591111838577684,0.4610993819416275,0.273696736629131,5,26.20334623655914,22.48087311827957,31.096529032258065,6.191896774193549,3.25143440860215,77.9499376344086,0.7821634408602149,0.7971870967741935,16.71210752688172,True,False,True,medium
Solapur,Other Cereals,Kharif,2021,1.0,0.27,0.27,0.29,0.3591111838577684,0.4695687039069781,0.273696736629131,5,26.205550537634405,22.138012903225807,31.470245161290325,4.101563440860216,3.537529032258065,75.38554623655914,0.7202580645161291,0.7346430107526881,17.004320430107526,False,False,False,medium
Solapur,Other Cereals,Rabi,2020,374.0,71.56,0.19,,0.3613473952810848,0.4230983134722872,0.2936950758736076,5,24.362596006144397,17.322673886328726,32.30375622119816,0.0328465437788018,1.960347311827957,54.01694792626728,0.6698279569892474,0.532889093701997,18.596559139784947,False,False,False,medium
Solapur,Other Cereals,Summer,2020,164.0,177.71,1.08,,0.2380809842429855,0.24700874961146,0.229153218874511,2,33.91201612903226,26.612473118279567,40.9703870967742,0.5175806451612903,2.632833333333333,32.05160215053763,0.5950860215053763,0.2705591397849463,24.518994623655917,False,False,False,low
Solapur,Other Kharif pulses,Kharif,2020,2279.0,1198.75,0.53,,0.3591111838577684,0.4610993819416275,0.273696736629131,5,26.20334623655914,22.48087311827957,31.096529032258065,6.191896774193549,3.25143440860215,77.9499376344086,0.7821634408602149,0.7971870967741935,16.71210752688172,True,False,True,medium
Solapur,Other Kharif pulses,Kharif,2021,240.0,56.4,0.24,0.53,0.3591111838577684,0.4695687039069781,0.273696736629131,5,26.205550537634405,22.138012903225807,31.470245161290325,4.101563440860216,3.537529032258065,75.38554623655914,0.7202580645161291,0.7346430107526881,17.004320430107526,False,False,False,medium
Solapur,Other Kharif pulses,Kharif,2022,316.0,92.0,0.29,0.24,0.3591111838577684,0.5193074282995692,0.273696736629131,5,26.00079139784946,21.97512043010753,31.217359139784943,4.631836559139785,3.379952688172043,75.27730322580643,0.7527698924731183,0.7499655913978495,16.447987096774195,True,False,True,medium
Solapur,Other Summer Pulses,Summer,2020,219.0,124.28,0.57,,0.2380809842429855,0.24700874961146,0.229153218874511,2,33.91201612903226,26.612473118279567,40.9703870967742,0.5175806451612903,2.632833333333333,32.05160215053763,0.5950860215053763,0.2705591397849463,24.518994623655917,False,False,False,low
Solapur,Other Summer Pulses,Summer,2022,1.0,0.76,0.76,0.57,0.2661380746558501,0.2675505026606037,0.2647256466510966,2,32.29829032258064,25.371548387096773,39.38555376344086,1.3744677419354838,2.752295698924731,39.53215053763441,0.6056505376344086,0.3673333333333333,21.882252688172045,False,False,False,low
Solapur,Ragi,Kharif,2020,4.0,3.15,0.79,,0.3591111838577684,0.4610993819416275,0.273696736629131,5,26.20334623655914,22.48087311827957,31.096529032258065,6.191896774193549,3.25143440860215,77.9499376344086,0.7821634408602149,0.7971870967741935,16.71210752688172,True,False,True,medium
Solapur,Ragi,Kharif,2021,4.0,4.73,1.18,0.79,0.3591111838577684,0.4695687039069781,0.273696736629131,5,26.205550537634405,22.138012903225807,31.470245161290325,4.101563440860216,3.537529032258065,75.38554623655914,0.7202580645161291,0.7346430107526881,17.004320430107526,False,False,False,medium
Solapur,Rice,Kharif,2020,1486.58,2802.66,1.89,,0.3591111838577684,0.4610993819416275,0.273696736629131,5,26.20334623655914,22.48087311827957,31.096529032258065,6.191896774193549,3.25143440860215,77.9499376344086,0.7821634408602149,0.7971870967741935,16.71210752688172,True,False,True,medium
Solapur,Rice,Kharif,2021,52.0,20.0,0.38,1.89,0.3591111838577684,0.4695687039069781,0.273696736629131,5,26.205550537634405,22.138012903225807,31.470245161290325,4.101563440860216,3.537529032258065,75.38554623655914,0.7202580645161291,0.7346430107526881,17.004320430107526,False,False,False,medium
Solapur,Rice,Summer,2021,7.0,21.79,3.11,,0.2633435199267436,0.2661950790545954,0.2604919607988918,2,31.06965053763441,24.75078494623656,37.686220430107525,1.7738655913978494,2.5498870967741936,45.33668279569892,0.6072526881720429,0.4247043010752688,22.18140860215054,False,False,False,low
Solapur,Rice,Summer,2022,8.75,34.61,3.95,3.11,0.2661380746558501,0.2675505026606037,0.2647256466510966,2,32.29829032258064,25.371548387096773,39.38555376344086,1.3744677419354838,2.752295698924731,39.53215053763441,0.6056505376344086,0.3673333333333333,21.882252688172045,False,False,False,low
Solapur,Safflower,Rabi,2020,1195.51,621.67,0.52,,0.3613473952810848,0.4230983134722872,0.2936950758736076,5,24.362596006144397,17.322673886328726,32.30375622119816,0.0328465437788018,1.960347311827957,54.01694792626728,0.6698279569892474,0.532889093701997,18.596559139784947,False,False,False,medium
Solapur,Safflower,Rabi,2021,1043.59,731.24,0.7,0.52,0.3587332215391632,0.4228120974460663,0.2856978455086197,5,24.3471356374808,17.483641013824887,32.08458371735791,0.3981182795698924,1.963710599078341,54.2941980030722,0.6532987711213517,0.5125505376344086,17.531590629800306,False,False,False,medium
Solapur,Safflower,Rabi,2022,1224.27,792.96,0.65,0.7,0.3733814521603052,0.440968027191819,0.3064377326748264,5,24.13651198156682,16.572094777265743,32.700489400921654,0.045421505376344,1.960839324116744,48.1983603686636,0.6434576036866358,0.4639036866359447,19.06297035330261,False,False,False,medium
Solapur,Sesamum,Kharif,2020,109.48,32.48,0.3,,0.3591111838577684,0.4610993819416275,0.273696736629131,5,26.20334623655914,22.48087311827957,31.096529032258065,6.191896774193549,3.25143440860215,77.9499376344086,0.7821634408602149,0.7971870967741935,16.71210752688172,True,False,True,medium
Solapur,Sesamum,Kharif,2021,88.77,16.95,0.19,0.3,0.3591111838577684,0.4695687039069781,0.273696736629131,5,26.205550537634405,22.138012903225807,31.470245161290325,4.101563440860216,3.537529032258065,75.38554623655914,0.7202580645161291,0.7346430107526881,17.004320430107526,False,False,False,medium
Solapur,Sesamum,Kharif,2022,132.16,45.11,0.34,0.19,0.3591111838577684,0.5193074282995692,0.273696736629131,5,26.00079139784946,21.97512043010753,31.217359139784943,4.631836559139785,3.379952688172043,75.27730322580643,0.7527698924731183,0.7499655913978495,16.447987096774195,True,False,True,medium
Solapur,Sesamum,Rabi,2020,193.67,67.6,0.35,,0.3613473952810848,0.4230983134722872,0.2936950758736076,5,24.362596006144397,17.322673886328726,32.30375622119816,0.0328465437788018,1.960347311827957,54.01694792626728,0.6698279569892474,0.532889093701997,18.596559139784947,False,False,False,medium
Solapur,Sesamum,Rabi,2021,197.27,140.95,0.71,0.35,0.3587332215391632,0.4228120974460663,0.2856978455086197,5,24.3471356374808,17.483641013824887,32.08458371735791,0.3981182795698924,1.963710599078341,54.2941980030722,0.6532987711213517,0.5125505376344086,17.531590629800306,False,False,False,medium
Solapur,Sesamum,Summer,2020,14.0,2.88,0.21,,0.2380809842429855,0.24700874961146,0.229153218874511,2,33.91201612903226,26.612473118279567,40.9703870967742,0.5175806451612903,2.632833333333333,32.05160215053763,0.5950860215053763,0.2705591397849463,24.518994623655917,False,False,False,low
Solapur,Sesamum,Summer,2021,0.8,0.15,0.19,0.21,0.2633435199267436,0.2661950790545954,0.2604919607988918,2,31.06965053763441,24.75078494623656,37.686220430107525,1.7738655913978494,2.5498870967741936,45.33668279569892,0.6072526881720429,0.4247043010752688,22.18140860215054,False,False,False,low
Solapur,Sesamum,Summer,2022,1.0,0.2,0.2,0.19,0.2661380746558501,0.2675505026606037,0.2647256466510966,2,32.29829032258064,25.371548387096773,39.38555376344086,1.3744677419354838,2.752295698924731,39.53215053763441,0.6056505376344086,0.3673333333333333,21.882252688172045,False,False,False,low
Solapur,Soyabean,Kharif,2020,39088.7,48707.78,1.25,,0.3591111838577684,0.4610993819416275,0.273696736629131,5,26.20334623655914,22.48087311827957,31.096529032258065,6.191896774193549,3.25143440860215,77.9499376344086,0.7821634408602149,0.7971870967741935,16.71210752688172,True,False,True,medium
Solapur,Soyabean,Kharif,2021,50475.36,59061.22,1.17,1.25,0.3591111838577684,0.4695687039069781,0.273696736629131,5,26.205550537634405,22.138012903225807,31.470245161290325,4.101563440860216,3.537529032258065,75.38554623655914,0.7202580645161291,0.7346430107526881,17.004320430107526,False,False,False,medium
Solapur,Soyabean,Kharif,2022,86495.0,80432.0,0.93,1.17,0.3591111838577684,0.5193074282995692,0.273696736629131,5,26.00079139784946,21.97512043010753,31.217359139784943,4.631836559139785,3.379952688172043,75.27730322580643,0.7527698924731183,0.7499655913978495,16.447987096774195,True,False,True,medium
Solapur,Soyabean,Summer,2021,1017.9,1526.85,1.5,,0.2633435199267436,0.2661950790545954,0.2604919607988918,2,31.06965053763441,24.75078494623656,37.686220430107525,1.7738655913978494,2.5498870967741936,45.33668279569892,0.6072526881720429,0.4247043010752688,22.18140860215054,False,False,False,low
Solapur,Soyabean,Summer,2022,342.5,513.75,1.5,1.5,0.2661380746558501,0.2675505026606037,0.2647256466510966,2,32.29829032258064,25.371548387096773,39.38555376344086,1.3744677419354838,2.752295698924731,39.53215053763441,0.6056505376344086,0.3673333333333333,21.882252688172045,False,False,False,low
Solapur,Sugarcane,Whole Year,2020,215000.0,22608354.26,105.16,,0.3446234073128777,0.4610993819416275,0.2604919607988918,12,26.66222698059572,21.01807644296132,33.14527345198368,2.7201958657767897,2.6486494870844144,61.49320562971203,0.7058464034111975,0.6135234210851563,18.84610205784205,True,False,True,high
Solapur,Sugarcane,Whole Year,2021,254125.0,2687769.41,102.66,105.16,0.3446234073128777,0.4695687039069781,0.2604919607988918,12,26.390242063492067,20.84712756016385,32.83006778033795,2.174055235535074,2.710969086021505,61.72195769329237,0.6742912186379928,0.5937871223758321,18.11860304659498,False,False,False,high
Solapur,Sugarcane,Whole Year,2022,230050.0,2058059.5,87.19,102.66,0.3446234073128777,0.5193074282995692,0.2604919607988918,12,26.304451676907323,20.403882680491552,33.09602188940092,2.171295698924731,2.664289810547875,59.66929755504352,0.6850841653865847,0.5821729390681004,18.158427995391705,True,False,True,high
Solapur,Sunflower,Kharif,2020,2265.5,1360.42,0.6,,0.3591111838577684,0.4610993819416275,0.273696736629131,5,26.20334623655914,22.48087311827957,31.096529032258065,6.191896774193549,3.25143440860215,77.9499376344086,0.7821634408602149,0.7971870967741935,16.71210752688172,True,False,True,medium
Solapur,Sunflower,Kharif,2021,2333.82,1311.61,0.56,0.6,0.3591111838577684,0.4695687039069781,0.273696736629131,5,26.205550537634405,22.138012903225807,31.470245161290325,4.101563440860216,3.537529032258065,75.38554623655914,0.7202580645161291,0.7346430107526881,17.004320430107526,False,False,False,medium
Solapur,Sunflower,Kharif,2022,2237.0,1044.0,0.47,0.56,0.3591111838577684,0.5193074282995692,0.273696736629131,5,26.00079139784946,21.97512043010753,31.217359139784943,4.631836559139785,3.379952688172043,75.27730322580643,0.7527698924731183,0.7499655913978495,16.447987096774195,True,False,True,medium
Solapur,Sunflower,Rabi,2020,693.87,270.82,0.39,,0.3613473952810848,0.4230983134722872,0.2936950758736076,5,24.362596006144397,17.322673886328726,32.30375622119816,0.0328465437788018,1.960347311827957,54.01694792626728,0.6698279569892474,0.532889093701997,18.596559139784947,False,False,False,medium
Solapur,Sunflower,Rabi,2021,479.37,632.19,1.32,0.39,0.3587332215391632,0.4228120974460663,0.2856978455086197,5,24.3471356374808,17.483641013824887,32.08458371735791,0.3981182795698924,1.963710599078341,54.2941980030722,0.6532987711213517,0.5125505376344086,17.531590629800306,False,False,False,medium
Solapur,Sunflower,Rabi,2022,466.08,565.36,1.21,1.32,0.3733814521603052,0.440968027191819,0.3064377326748264,5,24.13651198156682,16.572094777265743,32.700489400921654,0.045421505376344,1.960839324116744,48.1983603686636,0.6434576036866358,0.4639036866359447,19.06297035330261,False,False,False,medium
Solapur,Sunflower,Summer,2020,59.1,17.33,0.29,,0.2380809842429855,0.24700874961146,0.229153218874511,2,33.91201612903226,26.612473118279567,40.9703870967742,0.5175806451612903,2.632833333333333,32.05160215053763,0.5950860215053763,0.2705591397849463,24.518994623655917,False,False,False,low
Solapur,Sunflower,Summer,2021,57.28,44.28,0.77,0.29,0.2633435199267436,0.2661950790545954,0.2604919607988918,2,31.06965053763441,24.75078494623656,37.686220430107525,1.7738655913978494,2.5498870967741936,45.33668279569892,0.6072526881720429,0.4247043010752688,22.18140860215054,False,False,False,low
Solapur,Sunflower,Summer,2022,67.0,57.0,0.85,0.77,0.2661380746558501,0.2675505026606037,0.2647256466510966,2,32.29829032258064,25.371548387096773,39.38555376344086,1.3744677419354838,2.752295698924731,39.53215053763441,0.6056505376344086,0.3673333333333333,21.882252688172045,False,False,False,low
Solapur,Urad,Kharif,2020,36963.81,24081.42,0.65,,0.3591111838577684,0.4610993819416275,0.273696736629131,5,26.20334623655914,22.48087311827957,31.096529032258065,6.191896774193549,3.25143440860215,77.9499376344086,0.7821634408602149,0.7971870967741935,16.71210752688172,True,False,True,medium
Solapur,Urad,Kharif,2021,39998.47,23479.1,0.59,0.65,0.3591111838577684,0.4695687039069781,0.273696736629131,5,26.205550537634405,22.138012903225807,31.470245161290325,4.101563440860216,3.537529032258065,75.38554623655914,0.7202580645161291,0.7346430107526881,17.004320430107526,False,False,False,medium
Solapur,Urad,Kharif,2022,43099.32,20541.14,0.48,0.59,0.3591111838577684,0.5193074282995692,0.273696736629131,5,26.00079139784946,21.97512043010753,31.217359139784943,4.631836559139785,3.379952688172043,75.27730322580643,0.7527698924731183,0.7499655913978495,16.447987096774195,True,False,True,medium
Solapur,Urad,Summer,2021,2.0,1.08,0.54,,0.2633435199267436,0.2661950790545954,0.2604919607988918,2,31.06965053763441,24.75078494623656,37.686220430107525,1.7738655913978494,2.5498870967741936,45.33668279569892,0.6072526881720429,0.4247043010752688,22.18140860215054,False,False,False,low
Solapur,Urad,Summer,2022,21.0,11.32,0.54,0.54,0.2661380746558501,0.2675505026606037,0.2647256466510966,2,32.29829032258064,25.371548387096773,39.38555376344086,1.3744677419354838,2.752295698924731,39.53215053763441,0.6056505376344086,0.3673333333333333,21.882252688172045,False,False,False,low
Solapur,Wheat,Rabi,2020,86028.52,121511.19,1.41,,0.3613473952810848,0.4230983134722872,0.2936950758736076,5,24.362596006144397,17.322673886328726,32.30375622119816,0.0328465437788018,1.960347311827957,54.01694792626728,0.6698279569892474,0.532889093701997,18.596559139784947,False,False,False,medium
Solapur,Wheat,Rabi,2021,88879.6,126400.12,1.42,1.41,0.3587332215391632,0.4228120974460663,0.2856978455086197,5,24.3471356374808,17.483641013824887,32.08458371735791,0.3981182795698924,1.963710599078341,54.2941980030722,0.6532987711213517,0.5125505376344086,17.531590629800306,False,False,False,medium
Solapur,Wheat,Rabi,2022,84845.01,132188.53,1.56,1.42,0.3733814521603052,0.440968027191819,0.3064377326748264,5,24.13651198156682,16.572094777265743,32.700489400921654,0.045421505376344,1.960839324116744,48.1983603686636,0.6434576036866358,0.4639036866359447,19.06297035330261,False,False,False,medium
Solapur,other oilseeds,Kharif,2020,157.0,39.41,0.25,,0.3591111838577684,0.4610993819416275,0.273696736629131,5,26.20334623655914,22.48087311827957,31.096529032258065,6.191896774193549,3.25143440860215,77.9499376344086,0.7821634408602149,0.7971870967741935,16.71210752688172,True,False,True,medium
Solapur,other oilseeds,Kharif,2021,19.0,6.0,0.32,0.25,0.3591111838577684,0.4695687039069781,0.273696736629131,5,26.205550537634405,22.138012903225807,31.470245161290325,4.101563440860216,3.537529032258065,75.38554623655914,0.7202580645161291,0.7346430107526881,17.004320430107526,False,False,False,medium
Solapur,other oilseeds,Rabi,2020,297.0,53.92,0.18,,0.3613473952810848,0.4230983134722872,0.2936950758736076,5,24.362596006144397,17.322673886328726,32.30375622119816,0.0328465437788018,1.960347311827957,54.01694792626728,0.6698279569892474,0.532889093701997,18.596559139784947,False,False,False,medium
Solapur,other oilseeds,Rabi,2021,205.8,30.46,0.15,0.18,0.3587332215391632,0.4228120974460663,0.2856978455086197,5,24.3471356374808,17.483641013824887,32.08458371735791,0.3981182795698924,1.963710599078341,54.2941980030722,0.6532987711213517,0.5125505376344086,17.531590629800306,False,False,False,medium
Solapur,other oilseeds,Rabi,2022,375.0,79.36,0.21,0.15,0.3733814521603052,0.440968027191819,0.3064377326748264,5,24.13651198156682,16.572094777265743,32.700489400921654,0.045421505376344,1.960839324116744,48.1983603686636,0.6434576036866358,0.4639036866359447,19.06297035330261,False,False,False,medium
Thane,Arhar/Tur,Kharif,2020,744.4,492.79,0.66,,0.4114655664617643,0.6634318029126219,0.241067837336053,5,26.97523870967742,24.92462580645161,29.651838709677424,19.46536344086021,2.6101827956989245,87.65678494623656,0.925178494623656,0.9127913978494624,14.236303225806452,True,False,True,medium
Thane,Arhar/Tur,Kharif,2021,1244.09,748.32,0.6,0.66,0.4114655664617643,0.5886942088255214,0.241067837336053,5,26.6745870967742,24.5368129032258,29.42104086021505,17.886886021505372,2.6736451612903225,87.49536774193548,0.9528301075268816,0.9320086021505376,14.338843010752688,True,False,True,medium
Thane,Arhar/Tur,Kharif,2022,1256.0,806.0,0.64,0.6,0.4114655664617643,0.6482186093109911,0.241067837336053,5,26.586956989247312,24.36801720430108,29.56617419354839,18.748604301075268,3.0302129032258067,85.98809677419354,0.8981075268817204,0.8701526881720429,14.24939569892473,True,False,True,medium
Thane,Gram,Rabi,2020,2011.72,1844.05,0.92,,0.4081174214711155,0.5283351180060794,0.2833689178019716,5,25.50800614439324,19.698770967741936,33.17649278033794,0.2317115207373271,1.878442857142857,58.556480491551454,0.6202531490015362,0.5574076804915513,18.41070414746544,False,False,False,medium
Thane,Gram,Rabi,2021,3148.2,2892.25,0.92,0.92,0.4153199754219428,0.5158441124338764,0.3162488719147641,5,24.50190614439324,18.753763594470048,31.89909846390169,0.8440459293394775,1.9094821812596008,64.11767542242703,0.6423599078341014,0.6012804915514594,17.86310491551459,False,False,False,medium
Thane,Gram,Rabi,2022,3356.96,2907.23,0.87,0.92,0.4108892604236801,0.5542600757360354,0.295596447007373,5,24.806186943164363,18.63234331797235,32.90614316436252,0.1461614439324116,2.125009062980032,55.37469769585253,0.6049752688172043,0.5325331797235023,18.876435791090632,False,False,False,medium
Thane,Groundnut,Kharif,2020,19.96,18.7,0.94,,0.4009920640763048,0.6634318029126219,0.2429167809553046,5,26.97523870967742,24.92462580645161,29.651838709677424,19.46536344086021,2.6101827956989245,87.65678494623656,0.925178494623656,0.9127913978494624,14.236303225806452,True,False,True,medium
Thane,Groundnut,Summer,2020,10.0,27.04,2.7,,0.2685379237320313,0.2781900096589682,0.2588858378050944,2,31.876908602150536,25.787736559139788,39.91329032258064,0.2053440860215053,2.598279569892473,54.21814516129032,0.4867258064516129,0.2168440860215053,25.59383870967742,False,False,False,low
Thane,Groundnut,Summer,2021,21.0,82.7,3.94,2.7,0.2614859355757393,0.2787474339251333,0.2442244372263453,2,30.888317204301075,25.853516129032258,37.53533870967742,5.428155913978495,2.429424731182796,58.05240322580645,0.5354139784946237,0.3573440860215053,22.42502688172043,False,False,False,low
Thane,Groundnut,Summer,2022,21.0,49.0,2.33,3.94,0.2925176807766713,0.3010133452114631,0.2840220163418794,2,31.46216666666667,26.08615591397849,38.90317204301076,0.1968817204301075,2.7388602150537635,56.24883333333334,0.4837849462365591,0.2099408602150537,23.42939247311828,False,False,False,low
Thane,Jowar,Rabi,2022,27.5,18.4,0.67,,0.4108892604236801,0.5542600757360354,0.295596447007373,5,24.806186943164363,18.63234331797235,32.90614316436252,0.1461614439324116,2.125009062980032,55.37469769585253,0.6049752688172043,0.5325331797235023,18.876435791090632,False,False,False,medium
Thane,Maize,Rabi,2021,101.8,250.79,2.46,,0.4153199754219428,0.5158441124338764,0.3162488719147641,5,24.50190614439324,18.753763594470048,31.89909846390169,0.8440459293394775,1.9094821812596008,64.11767542242703,0.6423599078341014,0.6012804915514594,17.86310491551459,False,False,False,medium
Thane,Maize,Rabi,2022,103.85,285.44,2.75,2.46,0.4108892604236801,0.5542600757360354,0.295596447007373,5,24.806186943164363,18.63234331797235,32.90614316436252,0.1461614439324116,2.125009062980032,55.37469769585253,0.6049752688172043,0.5325331797235023,18.876435791090632,False,False,False,medium
Thane,Maize,Summer,2021,15.0,30.01,2.0,,0.2614859355757393,0.2787474339251333,0.2442244372263453,2,30.888317204301075,25.853516129032258,37.53533870967742,5.428155913978495,2.429424731182796,58.05240322580645,0.5354139784946237,0.3573440860215053,22.42502688172043,False,False,False,low
Thane,Maize,Summer,2022,75.0,174.62,2.33,2.0,0.2925176807766713,0.3010133452114631,0.2840220163418794,2,31.46216666666667,26.08615591397849,38.90317204301076,0.1968817204301075,2.7388602150537635,56.24883333333334,0.4837849462365591,0.2099408602150537,23.42939247311828,False,False,False,low
Thane,Moong(Green Gram),Kharif,2020,68.54,24.92,0.36,,0.4114655664617643,0.6634318029126219,0.241067837336053,5,26.97523870967742,24.92462580645161,29.651838709677424,19.46536344086021,2.6101827956989245,87.65678494623656,0.925178494623656,0.9127913978494624,14.236303225806452,True,False,True,medium
Thane,Moong(Green Gram),Kharif,2021,68.54,43.54,0.64,0.36,0.4114655664617643,0.5886942088255214,0.241067837336053,5,26.6745870967742,24.5368129032258,29.42104086021505,17.886886021505372,2.6736451612903225,87.49536774193548,0.9528301075268816,0.9320086021505376,14.338843010752688,True,False,True,medium
Thane,Niger seed,Kharif,2020,96.0,10.79,0.11,,0.4009920640763048,0.6634318029126219,0.2723615137428504,5,26.97523870967742,24.92462580645161,29.651838709677424,19.46536344086021,2.6101827956989245,87.65678494623656,0.925178494623656,0.9127913978494624,14.236303225806452,True,False,True,medium
Thane,Niger seed,Kharif,2021,81.0,13.86,0.17,0.11,0.4009920640763048,0.5886942088255214,0.2723615137428504,5,26.6745870967742,24.5368129032258,29.42104086021505,17.886886021505372,2.6736451612903225,87.49536774193548,0.9528301075268816,0.9320086021505376,14.338843010752688,True,False,True,medium
Thane,Niger seed,Kharif,2022,81.0,36.94,0.46,0.17,0.4009920640763048,0.6482186093109911,0.2723615137428504,5,26.586956989247312,24.36801720430108,29.56617419354839,18.748604301075268,3.0302129032258067,85.98809677419354,0.8981075268817204,0.8701526881720429,14.24939569892473,True,False,True,medium
Thane,Other  Rabi pulses,Rabi,2020,26.52,19.44,0.73,,0.4081174214711155,0.5283351180060794,0.2833689178019716,5,25.50800614439324,19.698770967741936,33.17649278033794,0.2317115207373271,1.878442857142857,58.556480491551454,0.6202531490015362,0.5574076804915513,18.41070414746544,False,False,False,medium
Thane,Other  Rabi pulses,Rabi,2021,2924.38,1947.64,0.67,0.73,0.4153199754219428,0.5158441124338764,0.3162488719147641,5,24.50190614439324,18.753763594470048,31.89909846390169,0.8440459293394775,1.9094821812596008,64.11767542242703,0.6423599078341014,0.6012804915514594,17.86310491551459,False,False,False,medium
Thane,Other  Rabi pulses,Rabi,2022,2965.38,2520.57,0.85,0.67,0.4108892604236801,0.5542600757360354,0.295596447007373,5,24.806186943164363,18.63234331797235,32.90614316436252,0.1461614439324116,2.125009062980032,55.37469769585253,0.6049752688172043,0.5325331797235023,18.876435791090632,False,False,False,medium
Thane,Other Cereals,Kharif,2020,818.18,425.45,0.52,,0.4009920640763048,0.6634318029126219,0.2537155251933066,5,26.97523870967742,24.92462580645161,29.651838709677424,19.46536344086021,2.6101827956989245,87.65678494623656,0.925178494623656,0.9127913978494624,14.236303225806452,True,False,True,medium
Thane,Other Cereals,Kharif,2021,1324.5,780.13,0.59,0.52,0.4009920640763048,0.5886942088255214,0.2537155251933066,5,26.6745870967742,24.5368129032258,29.42104086021505,17.886886021505372,2.6736451612903225,87.49536774193548,0.9528301075268816,0.9320086021505376,14.338843010752688,True,False,True,medium
Thane,Other Cereals,Kharif,2022,1802.4,1441.92,0.8,0.59,0.4009920640763048,0.6482186093109911,0.2537155251933066,5,26.586956989247312,24.36801720430108,29.56617419354839,18.748604301075268,3.0302129032258067,85.98809677419354,0.8981075268817204,0.8701526881720429,14.24939569892473,True,False,True,medium
Thane,Other Kharif pulses,Kharif,2020,16.37,8.35,0.51,,0.4009920640763048,0.6634318029126219,0.2537155251933066,5,26.97523870967742,24.92462580645161,29.651838709677424,19.46536344086021,2.6101827956989245,87.65678494623656,0.925178494623656,0.9127913978494624,14.236303225806452,True,False,True,medium
Thane,Other Kharif pulses,Kharif,2021,14.13,8.17,0.58,0.51,0.4009920640763048,0.5886942088255214,0.2537155251933066,5,26.6745870967742,24.5368129032258,29.42104086021505,17.886886021505372,2.6736451612903225,87.49536774193548,0.9528301075268816,0.9320086021505376,14.338843010752688,True,False,True,medium
Thane,Other Kharif pulses,Kharif,2022,53.0,40.0,0.75,0.58,0.4009920640763048,0.6482186093109911,0.2537155251933066,5,26.586956989247312,24.36801720430108,29.56617419354839,18.748604301075268,3.0302129032258067,85.98809677419354,0.8981075268817204,0.8701526881720429,14.24939569892473,True,False,True,medium
Thane,Ragi,Kharif,2020,2126.3,1847.43,0.87,,0.366957985075254,0.6634318029126219,0.2878671519862098,5,26.97523870967742,24.92462580645161,29.651838709677424,19.46536344086021,2.6101827956989245,87.65678494623656,0.925178494623656,0.9127913978494624,14.236303225806452,True,False,True,medium
Thane,Ragi,Kharif,2021,2302.3,2335.22,1.01,0.87,0.366957985075254,0.5886942088255214,0.2878671519862098,5,26.6745870967742,24.5368129032258,29.42104086021505,17.886886021505372,2.6736451612903225,87.49536774193548,0.9528301075268816,0.9320086021505376,14.338843010752688,True,False,True,medium
Thane,Ragi,Kharif,2022,2302.0,2364.0,1.03,1.01,0.366957985075254,0.6482186093109911,0.2878671519862098,5,26.586956989247312,24.36801720430108,29.56617419354839,18.748604301075268,3.0302129032258067,85.98809677419354,0.8981075268817204,0.8701526881720429,14.24939569892473,True,False,True,medium
Thane,Rice,Kharif,2020,54826.65,106385.8,1.94,,0.42158207299695205,0.6634318029126219,0.2723615137428504,5,26.97523870967742,24.92462580645161,29.651838709677424,19.46536344086021,2.6101827956989245,87.65678494623656,0.925178494623656,0.9127913978494624,14.236303225806452,True,False,True,medium
Thane,Rice,Kharif,2021,54907.01,129080.02,2.35,1.94,0.42158207299695205,0.5886942088255214,0.2723615137428504,5,26.6745870967742,24.5368129032258,29.42104086021505,17.886886021505372,2.6736451612903225,87.49536774193548,0.9528301075268816,0.9320086021505376,14.338843010752688,True,False,True,medium
Thane,Rice,Kharif,2022,54889.22,146850.0,2.68,2.35,0.42158207299695205,0.6482186093109911,0.2723615137428504,5,26.586956989247312,24.36801720430108,29.56617419354839,18.748604301075268,3.0302129032258067,85.98809677419354,0.8981075268817204,0.8701526881720429,14.24939569892473,True,False,True,medium
Thane,Rice,Summer,2020,38.0,87.17,2.29,,0.2685379237320313,0.2781900096589682,0.2588858378050944,2,31.876908602150536,25.787736559139788,39.91329032258064,0.2053440860215053,2.598279569892473,54.21814516129032,0.4867258064516129,0.2168440860215053,25.59383870967742,False,False,False,low
Thane,Rice,Summer,2021,38.0,171.39,4.51,2.29,0.2614859355757393,0.2787474339251333,0.2442244372263453,2,30.888317204301075,25.853516129032258,37.53533870967742,5.428155913978495,2.429424731182796,58.05240322580645,0.5354139784946237,0.3573440860215053,22.42502688172043,False,False,False,low
Thane,Rice,Summer,2022,54.72,131.83,2.41,4.51,0.2925176807766713,0.3010133452114631,0.2840220163418794,2,31.46216666666667,26.08615591397849,38.90317204301076,0.1968817204301075,2.7388602150537635,56.24883333333334,0.4837849462365591,0.2099408602150537,23.42939247311828,False,False,False,low
Thane,Sesamum,Kharif,2021,30.7,5.86,0.19,,0.4114655664617643,0.5886942088255214,0.2447657245745562,5,26.6745870967742,24.5368129032258,29.42104086021505,17.886886021505372,2.6736451612903225,87.49536774193548,0.9528301075268816,0.9320086021505376,14.338843010752688,True,False,True,medium
Thane,Sesamum,Rabi,2021,85.1,60.8,0.71,,0.4153199754219428,0.5158441124338764,0.3162488719147641,5,24.50190614439324,18.753763594470048,31.89909846390169,0.8440459293394775,1.9094821812596008,64.11767542242703,0.6423599078341014,0.6012804915514594,17.86310491551459,False,False,False,medium
Thane,Sesamum,Rabi,2022,60.3,20.2,0.34,0.71,0.4108892604236801,0.5542600757360354,0.295596447007373,5,24.806186943164363,18.63234331797235,32.90614316436252,0.1461614439324116,2.125009062980032,55.37469769585253,0.6049752688172043,0.5325331797235023,18.876435791090632,False,False,False,medium
Thane,Sugarcane,Whole Year,2022,11.0,882.2,80.2,,0.3730108423266771,0.6482186093109911,0.20171800959583375,12,26.46306125192012,22.116397017409117,32.22778744239631,7.884897273425499,2.548504672299027,70.81886834357398,0.7161472734254991,0.6401079109062979,17.59505894777266,True,False,True,high
Thane,Urad,Kharif,2020,585.8,270.17,0.46,,0.4114655664617643,0.6634318029126219,0.241067837336053,5,26.97523870967742,24.92462580645161,29.651838709677424,19.46536344086021,2.6101827956989245,87.65678494623656,0.925178494623656,0.9127913978494624,14.236303225806452,True,False,True,medium
Thane,Urad,Kharif,2021,585.8,451.3,0.77,0.46,0.4114655664617643,0.5886942088255214,0.241067837336053,5,26.6745870967742,24.5368129032258,29.42104086021505,17.886886021505372,2.6736451612903225,87.49536774193548,0.9528301075268816,0.9320086021505376,14.338843010752688,True,False,True,medium
Thane,Urad,Kharif,2022,577.08,594.74,1.03,0.77,0.4114655664617643,0.6482186093109911,0.241067837336053,5,26.586956989247312,24.36801720430108,29.56617419354839,18.748604301075268,3.0302129032258067,85.98809677419354,0.8981075268817204,0.8701526881720429,14.24939569892473,True,False,True,medium
Thane,other oilseeds,Kharif,2021,1.0,0.1,0.1,,0.4009920640763048,0.5886942088255214,0.2492406248839314,5,26.6745870967742,24.5368129032258,29.42104086021505,17.886886021505372,2.6736451612903225,87.49536774193548,0.9528301075268816,0.9320086021505376,14.338843010752688,True,False,True,medium
Thane,other oilseeds,Rabi,2022,30.08,14.08,0.47,,0.4108892604236801,0.5542600757360354,0.295596447007373,5,24.806186943164363,18.63234331797235,32.90614316436252,0.1461614439324116,2.125009062980032,55.37469769585253,0.6049752688172043,0.5325331797235023,18.876435791090632,False,False,False,medium
Wardha,Arhar/Tur,Kharif,2020,71632.5,132842.79,1.85,,0.4879230018044831,0.6310941116201905,0.1953326834705414,5,27.271036559139787,23.83894623655914,31.27307311827957,6.756587096774195,2.062440860215053,81.00555268817205,0.8113397849462366,0.8256193548387097,16.19537419354839,False,False,False,medium
Wardha,Arhar/Tur,Kharif,2021,78312.92,109121.23,1.39,1.85,0.4879230018044831,0.5765848502058548,0.1953326834705414,5,27.071713978494625,23.596509677419355,31.049270967741933,7.469053763440861,2.3323655913978496,80.85891612903227,0.8077677419354838,0.8239311827956989,16.210812903225808,True,False,True,medium
Wardha,Arhar/Tur,Kharif,2022,76863.0,50153.0,0.65,1.39,0.4879230018044831,0.6126704175035771,0.1953326834705414,5,27.15067741935484,23.75411612903226,31.042374193548387,9.59789247311828,2.381563440860215,80.33264301075269,0.8564494623655914,0.8318365591397849,15.89998494623656,True,False,True,medium
Wardha,Cotton(lint),Kharif,2020,243500.0,594900.0,2.44,,0.4879230018044831,0.6310941116201905,0.1953326834705414,5,27.271036559139787,23.83894623655914,31.27307311827957,6.756587096774195,2.062440860215053,81.00555268817205,0.8113397849462366,0.8256193548387097,16.19537419354839,False,False,False,medium
Wardha,Cotton(lint),Kharif,2021,253100.0,752100.0,2.97,2.44,0.4879230018044831,0.5765848502058548,0.1953326834705414,5,27.071713978494625,23.596509677419355,31.049270967741933,7.469053763440861,2.3323655913978496,80.85891612903227,0.8077677419354838,0.8239311827956989,16.210812903225808,True,False,True,medium
Wardha,Cotton(lint),Kharif,2022,254370.99,625617.97,2.46,2.97,0.4879230018044831,0.6126704175035771,0.1953326834705414,5,27.15067741935484,23.75411612903226,31.042374193548387,9.59789247311828,2.381563440860215,80.33264301075269,0.8564494623655914,0.8318365591397849,15.89998494623656,True,False,True,medium
Wardha,Gram,Rabi,2020,47736.67,80663.59,1.69,,0.4188091379609077,0.5526424390708043,0.2582627671354973,5,22.915082488479264,15.516726420890937,31.36906405529954,0.1903482334869431,1.66548509984639,50.29021966205837,0.6065294930875575,0.4601706605222734,17.529560215053767,False,False,False,medium
Wardha,Gram,Rabi,2021,33089.84,50149.97,1.52,1.69,0.4189032474388775,0.5290254519772517,0.274542112730841,5,22.443409831029182,15.469778648233486,30.022991705069124,0.668962826420891,1.6258178187403995,58.075647619047615,0.638731797235023,0.5632411674347159,17.071175422427036,False,False,False,medium
Wardha,Gram,Rabi,2022,85792.13,118150.35,1.38,1.52,0.4117425143914991,0.5321606102853268,0.256503316697289,5,22.77264485407066,15.152777265745009,31.005873271889403,0.0996774193548387,1.5562635944700465,51.99045268817205,0.6232188940092165,0.4889635944700461,17.892311213517665,False,False,False,medium
Wardha,Groundnut,Kharif,2020,316.91,324.33,1.02,,0.4879230018044831,0.6310941116201905,0.1953326834705414,5,27.271036559139787,23.83894623655914,31.27307311827957,6.756587096774195,2.062440860215053,81.00555268817205,0.8113397849462366,0.8256193548387097,16.19537419354839,False,False,False,medium
Wardha,Groundnut,Kharif,2021,395.27,515.6,1.3,1.02,0.4879230018044831,0.5765848502058548,0.1953326834705414,5,27.071713978494625,23.596509677419355,31.049270967741933,7.469053763440861,2.3323655913978496,80.85891612903227,0.8077677419354838,0.8239311827956989,16.210812903225808,True,False,True,medium
Wardha,Groundnut,Kharif,2022,444.97,226.8,0.51,1.3,0.4879230018044831,0.6126704175035771,0.1953326834705414,5,27.15067741935484,23.75411612903226,31.042374193548387,9.59789247311828,2.381563440860215,80.33264301075269,0.8564494623655914,0.8318365591397849,15.89998494623656,True,False,True,medium
Wardha,Groundnut,Summer,2020,1284.76,2069.21,1.61,,0.2080317321886896,0.2379049551676143,0.1781585092097649,2,34.914768817204305,27.000591397849465,42.53324193548387,0.631483870967742,2.0928387096774195,27.006978494623656,0.5601559139784947,0.2756236559139785,24.805973118279567,False,False,False,low
Wardha,Groundnut,Summer,2021,1284.76,2652.14,2.06,1.61,0.1844345861487912,0.1998051023478316,0.1690640699497508,2,34.09975268817204,26.935682795698924,41.11769892473119,0.5276881720430107,2.2480967741935483,28.822586021505373,0.5588172043010753,0.2539569892473118,22.18483870967742,False,False,False,low
Wardha,Groundnut,Summer,2022,1479.0,2678.0,1.81,2.06,0.1838402801381033,0.195019865475524,0.1726606948006828,2,36.213086021505376,28.59847311827957,43.70167204301075,0.195768817204301,2.4226344086021507,22.412575268817204,0.5517741935483871,0.1533172043010752,23.21791397849462,False,False,False,low
Wardha,Jowar,Kharif,2020,739.66,159.39,0.22,,0.4879230018044831,0.6310941116201905,0.1953326834705414,5,27.271036559139787,23.83894623655914,31.27307311827957,6.756587096774195,2.062440860215053,81.00555268817205,0.8113397849462366,0.8256193548387097,16.19537419354839,False,False,False,medium
Wardha,Jowar,Kharif,2021,651.65,139.65,0.21,0.22,0.4879230018044831,0.5765848502058548,0.1953326834705414,5,27.071713978494625,23.596509677419355,31.049270967741933,7.469053763440861,2.3323655913978496,80.85891612903227,0.8077677419354838,0.8239311827956989,16.210812903225808,True,False,True,medium
Wardha,Jowar,Kharif,2022,306.78,11.22,0.04,0.21,0.4879230018044831,0.6126704175035771,0.1953326834705414,5,27.15067741935484,23.75411612903226,31.042374193548387,9.59789247311828,2.381563440860215,80.33264301075269,0.8564494623655914,0.8318365591397849,15.89998494623656,True,False,True,medium
Wardha,Jowar,Rabi,2020,4358.41,2657.86,0.61,,0.4188091379609077,0.5526424390708043,0.2582627671354973,5,22.915082488479264,15.516726420890937,31.36906405529954,0.1903482334869431,1.66548509984639,50.29021966205837,0.6065294930875575,0.4601706605222734,17.529560215053767,False,False,False,medium
Wardha,Jowar,Rabi,2021,1068.4,928.78,0.87,0.61,0.4189032474388775,0.5290254519772517,0.274542112730841,5,22.443409831029182,15.469778648233486,30.022991705069124,0.668962826420891,1.6258178187403995,58.075647619047615,0.638731797235023,0.5632411674347159,17.071175422427036,False,False,False,medium
Wardha,Jowar,Rabi,2022,1004.69,841.68,0.84,0.87,0.4117425143914991,0.5321606102853268,0.256503316697289,5,22.77264485407066,15.152777265745009,31.005873271889403,0.0996774193548387,1.5562635944700465,51.99045268817205,0.6232188940092165,0.4889635944700461,17.892311213517665,False,False,False,medium
Wardha,Jowar,Summer,2021,1189.61,989.07,0.83,,0.1844345861487912,0.1998051023478316,0.1690640699497508,2,34.09975268817204,26.935682795698924,41.11769892473119,0.5276881720430107,2.2480967741935483,28.822586021505373,0.5588172043010753,0.2539569892473118,22.18483870967742,False,False,False,low
Wardha,Linseed,Rabi,2021,95.6,30.75,0.32,,0.4189032474388775,0.5290254519772517,0.274542112730841,5,22.443409831029182,15.469778648233486,30.022991705069124,0.668962826420891,1.6258178187403995,58.075647619047615,0.638731797235023,0.5632411674347159,17.071175422427036,False,False,False,medium
Wardha,Linseed,Rabi,2022,83.0,27.21,0.33,0.32,0.4117425143914991,0.5321606102853268,0.256503316697289,5,22.77264485407066,15.152777265745009,31.005873271889403,0.0996774193548387,1.5562635944700465,51.99045268817205,0.6232188940092165,0.4889635944700461,17.892311213517665,False,False,False,medium
Wardha,Maize,Kharif,2020,6.3,21.52,3.42,,0.4879230018044831,0.6310941116201905,0.1953326834705414,5,27.271036559139787,23.83894623655914,31.27307311827957,6.756587096774195,2.062440860215053,81.00555268817205,0.8113397849462366,0.8256193548387097,16.19537419354839,False,False,False,medium
Wardha,Maize,Kharif,2021,0.82,2.42,2.95,3.42,0.4879230018044831,0.5765848502058548,0.1953326834705414,5,27.071713978494625,23.596509677419355,31.049270967741933,7.469053763440861,2.3323655913978496,80.85891612903227,0.8077677419354838,0.8239311827956989,16.210812903225808,True,False,True,medium
Wardha,Maize,Kharif,2022,1.0,2.0,2.0,2.95,0.4879230018044831,0.6126704175035771,0.1953326834705414,5,27.15067741935484,23.75411612903226,31.042374193548387,9.59789247311828,2.381563440860215,80.33264301075269,0.8564494623655914,0.8318365591397849,15.89998494623656,True,False,True,medium
Wardha,Maize,Rabi,2020,177.7,229.22,1.29,,0.4188091379609077,0.5526424390708043,0.2582627671354973,5,22.915082488479264,15.516726420890937,31.36906405529954,0.1903482334869431,1.66548509984639,50.29021966205837,0.6065294930875575,0.4601706605222734,17.529560215053767,False,False,False,medium
Wardha,Maize,Rabi,2021,375.68,817.67,2.18,1.29,0.4189032474388775,0.5290254519772517,0.274542112730841,5,22.443409831029182,15.469778648233486,30.022991705069124,0.668962826420891,1.6258178187403995,58.075647619047615,0.638731797235023,0.5632411674347159,17.071175422427036,False,False,False,medium
Wardha,Maize,Summer,2020,33.0,42.98,1.3,,0.2080317321886896,0.2379049551676143,0.1781585092097649,2,34.914768817204305,27.000591397849465,42.53324193548387,0.631483870967742,2.0928387096774195,27.006978494623656,0.5601559139784947,0.2756236559139785,24.805973118279567,False,False,False,low
Wardha,Maize,Summer,2021,33.0,22.44,0.68,1.3,0.1844345861487912,0.1998051023478316,0.1690640699497508,2,34.09975268817204,26.935682795698924,41.11769892473119,0.5276881720430107,2.2480967741935483,28.822586021505373,0.5588172043010753,0.2539569892473118,22.18483870967742,False,False,False,low
Wardha,Maize,Summer,2022,37.81,25.49,0.67,0.68,0.1838402801381033,0.195019865475524,0.1726606948006828,2,36.213086021505376,28.59847311827957,43.70167204301075,0.195768817204301,2.4226344086021507,22.412575268817204,0.5517741935483871,0.1533172043010752,23.21791397849462,False,False,False,low
Wardha,Moong(Green Gram),Kharif,2020,15.88,5.39,0.34,,0.4879230018044831,0.6310941116201905,0.1953326834705414,5,27.271036559139787,23.83894623655914,31.27307311827957,6.756587096774195,2.062440860215053,81.00555268817205,0.8113397849462366,0.8256193548387097,16.19537419354839,False,False,False,medium
Wardha,Moong(Green Gram),Kharif,2021,45.2,22.35,0.49,0.34,0.4879230018044831,0.5765848502058548,0.1953326834705414,5,27.071713978494625,23.596509677419355,31.049270967741933,7.469053763440861,2.3323655913978496,80.85891612903227,0.8077677419354838,0.8239311827956989,16.210812903225808,True,False,True,medium
Wardha,Moong(Green Gram),Kharif,2022,1.52,0.58,0.38,0.49,0.4879230018044831,0.6126704175035771,0.1953326834705414,5,27.15067741935484,23.75411612903226,31.042374193548387,9.59789247311828,2.381563440860215,80.33264301075269,0.8564494623655914,0.8318365591397849,15.89998494623656,True,False,True,medium
Wardha,Moong(Green Gram),Summer,2021,494.71,91.12,0.18,,0.1844345861487912,0.1998051023478316,0.1690640699497508,2,34.09975268817204,26.935682795698924,41.11769892473119,0.5276881720430107,2.2480967741935483,28.822586021505373,0.5588172043010753,0.2539569892473118,22.18483870967742,False,False,False,low
Wardha,Moong(Green Gram),Summer,2022,138.55,25.52,0.18,0.18,0.1838402801381033,0.195019865475524,0.1726606948006828,2,36.213086021505376,28.59847311827957,43.70167204301075,0.195768817204301,2.4226344086021507,22.412575268817204,0.5517741935483871,0.1533172043010752,23.21791397849462,False,False,False,low
Wardha,Other Cereals,Kharif,2021,1499.42,524.8,0.35,,0.4009920640763048,0.5765848502058548,0.2537155251933066,5,27.071713978494625,23.596509677419355,31.049270967741933,7.469053763440861,2.3323655913978496,80.85891612903227,0.8077677419354838,0.8239311827956989,16.210812903225808,True,False,True,medium
Wardha,Other Cereals,Summer,2022,1700.15,320.58,0.19,,0.1838402801381033,0.195019865475524,0.1726606948006828,2,36.213086021505376,28.59847311827957,43.70167204301075,0.195768817204301,2.4226344086021507,22.412575268817204,0.5517741935483871,0.1533172043010752,23.21791397849462,False,False,False,low
Wardha,Other Kharif pulses,Kharif,2022,202.4,113.67,0.56,,0.4009920640763048,0.6126704175035771,0.2537155251933066,5,27.15067741935484,23.75411612903226,31.042374193548387,9.59789247311828,2.381563440860215,80.33264301075269,0.8564494623655914,0.8318365591397849,15.89998494623656,True,False,True,medium
Wardha,Other Summer Pulses,Summer,2020,391.5,123.4,0.32,,0.2080317321886896,0.2379049551676143,0.1781585092097649,2,34.914768817204305,27.000591397849465,42.53324193548387,0.631483870967742,2.0928387096774195,27.006978494623656,0.5601559139784947,0.2756236559139785,24.805973118279567,False,False,False,low
Wardha,Safflower,Rabi,2021,340.0,279.41,0.82,,0.4189032474388775,0.5290254519772517,0.274542112730841,5,22.443409831029182,15.469778648233486,30.022991705069124,0.668962826420891,1.6258178187403995,58.075647619047615,0.638731797235023,0.5632411674347159,17.071175422427036,False,False,False,medium
Wardha,Safflower,Rabi,2022,29.8,26.1,0.88,0.82,0.4117425143914991,0.5321606102853268,0.256503316697289,5,22.77264485407066,15.152777265745009,31.005873271889403,0.0996774193548387,1.5562635944700465,51.99045268817205,0.6232188940092165,0.4889635944700461,17.892311213517665,False,False,False,medium
Wardha,Sesamum,Kharif,2020,22.0,4.36,0.2,,0.4879230018044831,0.6310941116201905,0.1953326834705414,5,27.271036559139787,23.83894623655914,31.27307311827957,6.756587096774195,2.062440860215053,81.00555268817205,0.8113397849462366,0.8256193548387097,16.19537419354839,False,False,False,medium
Wardha,Sesamum,Kharif,2021,17.12,2.34,0.14,0.2,0.4879230018044831,0.5765848502058548,0.1953326834705414,5,27.071713978494625,23.596509677419355,31.049270967741933,7.469053763440861,2.3323655913978496,80.85891612903227,0.8077677419354838,0.8239311827956989,16.210812903225808,True,False,True,medium
Wardha,Sesamum,Summer,2020,365.6,73.12,0.2,,0.2080317321886896,0.2379049551676143,0.1781585092097649,2,34.914768817204305,27.000591397849465,42.53324193548387,0.631483870967742,2.0928387096774195,27.006978494623656,0.5601559139784947,0.2756236559139785,24.805973118279567,False,False,False,low
Wardha,Sesamum,Summer,2021,279.3,53.53,0.19,0.2,0.1844345861487912,0.1998051023478316,0.1690640699497508,2,34.09975268817204,26.935682795698924,41.11769892473119,0.5276881720430107,2.2480967741935483,28.822586021505373,0.5588172043010753,0.2539569892473118,22.18483870967742,False,False,False,low
Wardha,Sesamum,Summer,2022,311.0,61.0,0.2,0.19,0.1838402801381033,0.195019865475524,0.1726606948006828,2,36.213086021505376,28.59847311827957,43.70167204301075,0.195768817204301,2.4226344086021507,22.412575268817204,0.5517741935483871,0.1533172043010752,23.21791397849462,False,False,False,low
Wardha,Soyabean,Kharif,2020,125726.64,68049.59,0.54,,0.4879230018044831,0.6310941116201905,0.1953326834705414,5,27.271036559139787,23.83894623655914,31.27307311827957,6.756587096774195,2.062440860215053,81.00555268817205,0.8113397849462366,0.8256193548387097,16.19537419354839,False,False,False,medium
Wardha,Soyabean,Kharif,2021,122286.73,197872.16,1.62,0.54,0.4879230018044831,0.5765848502058548,0.1953326834705414,5,27.071713978494625,23.596509677419355,31.049270967741933,7.469053763440861,2.3323655913978496,80.85891612903227,0.8077677419354838,0.8239311827956989,16.210812903225808,True,False,True,medium
Wardha,Soyabean,Kharif,2022,138520.0,165005.0,1.19,1.62,0.4879230018044831,0.6126704175035771,0.1953326834705414,5,27.15067741935484,23.75411612903226,31.042374193548387,9.59789247311828,2.381563440860215,80.33264301075269,0.8564494623655914,0.8318365591397849,15.89998494623656,True,False,True,medium
Wardha,Soyabean,Summer,2021,753.1,451.86,0.6,,0.1844345861487912,0.1998051023478316,0.1690640699497508,2,34.09975268817204,26.935682795698924,41.11769892473119,0.5276881720430107,2.2480967741935483,28.822586021505373,0.5588172043010753,0.2539569892473118,22.18483870967742,False,False,False,low
Wardha,Soyabean,Summer,2022,483.8,290.28,0.6,0.6,0.1838402801381033,0.195019865475524,0.1726606948006828,2,36.213086021505376,28.59847311827957,43.70167204301075,0.195768817204301,2.4226344086021507,22.412575268817204,0.5517741935483871,0.1533172043010752,23.21791397849462,False,False,False,low
Wardha,Sugarcane,Whole Year,2020,1407.0,96250.0,68.41,,0.4194519372388174,0.6310941116201905,0.1781585092097649,12,26.156461593128167,20.52552076381164,32.42752286491163,3.1389310035842293,1.9649979915956004,64.2128321591892,0.6922350451118527,0.6278638919787418,18.075854406130272,False,False,False,high
Wardha,Sugarcane,Whole Year,2021,532.0,33576.96,63.11,68.41,0.4194519372388174,0.5765848502058548,0.1781585092097649,12,26.62824673579109,21.06399353558628,32.71312167178699,3.3046244879672297,2.0353813364055298,60.14471159754225,0.6888810163850486,0.5856535458269329,17.45448342293907,True,False,True,high
Wardha,Sugarcane,Whole Year,2022,1784.0,89200.0,50.0,63.11,0.4194519372388174,0.6126704175035771,0.1781585092097649,12,26.621854454685096,20.87612103174603,32.83910586277522,4.281463901689708,2.046787890424988,61.02227880184332,0.7137260624679979,0.6047985151049667,17.90416897081413,True,False,True,high
Wardha,Urad,Kharif,2020,23.05,6.73,0.29,,0.4879230018044831,0.6310941116201905,0.1953326834705414,5,27.271036559139787,23.83894623655914,31.27307311827957,6.756587096774195,2.062440860215053,81.00555268817205,0.8113397849462366,0.8256193548387097,16.19537419354839,False,False,False,medium
Wardha,Urad,Kharif,2021,62.56,24.79,0.4,0.29,0.4879230018044831,0.5765848502058548,0.1953326834705414,5,27.071713978494625,23.596509677419355,31.049270967741933,7.469053763440861,2.3323655913978496,80.85891612903227,0.8077677419354838,0.8239311827956989,16.210812903225808,True,False,True,medium
Wardha,Urad,Kharif,2022,16.7,7.7,0.46,0.4,0.4879230018044831,0.6126704175035771,0.1953326834705414,5,27.15067741935484,23.75411612903226,31.042374193548387,9.59789247311828,2.381563440860215,80.33264301075269,0.8564494623655914,0.8318365591397849,15.89998494623656,True,False,True,medium
Wardha,Wheat,Rabi,2020,15888.04,34245.79,2.16,,0.4188091379609077,0.5526424390708043,0.2582627671354973,5,22.915082488479264,15.516726420890937,31.36906405529954,0.1903482334869431,1.66548509984639,50.29021966205837,0.6065294930875575,0.4601706605222734,17.529560215053767,False,False,False,medium
Wardha,Wheat,Rabi,2021,15808.8,36380.0,2.3,2.16,0.4189032474388775,0.5290254519772517,0.274542112730841,5,22.443409831029182,15.469778648233486,30.022991705069124,0.668962826420891,1.6258178187403995,58.075647619047615,0.638731797235023,0.5632411674347159,17.071175422427036,False,False,False,medium
Wardha,Wheat,Rabi,2022,16423.62,27082.55,1.65,2.3,0.4117425143914991,0.5321606102853268,0.256503316697289,5,22.77264485407066,15.152777265745009,31.005873271889403,0.0996774193548387,1.5562635944700465,51.99045268817205,0.6232188940092165,0.4889635944700461,17.892311213517665,False,False,False,medium
Wardha,other oilseeds,Rabi,2021,96.6,50.79,0.53,,0.4189032474388775,0.5290254519772517,0.274542112730841,5,22.443409831029182,15.469778648233486,30.022991705069124,0.668962826420891,1.6258178187403995,58.075647619047615,0.638731797235023,0.5632411674347159,17.071175422427036,False,False,False,medium
Wardha,other oilseeds,Rabi,2022,13.6,9.52,0.7,0.53,0.4117425143914991,0.5321606102853268,0.256503316697289,5,22.77264485407066,15.152777265745009,31.005873271889403,0.0996774193548387,1.5562635944700465,51.99045268817205,0.6232188940092165,0.4889635944700461,17.892311213517665,False,False,False,medium
Wardha,other oilseeds,Summer,2020,924.8,819.07,0.89,,0.2080317321886896,0.2379049551676143,0.1781585092097649,2,34.914768817204305,27.000591397849465,42.53324193548387,0.631483870967742,2.0928387096774195,27.006978494623656,0.5601559139784947,0.2756236559139785,24.805973118279567,False,False,False,low
Wardha,other oilseeds,Summer,2022,1.0,0.2,0.2,0.89,0.1838402801381033,0.195019865475524,0.1726606948006828,2,36.213086021505376,28.59847311827957,43.70167204301075,0.195768817204301,2.4226344086021507,22.412575268817204,0.5517741935483871,0.1533172043010752,23.21791397849462,False,False,False,low
Washim,Arhar/Tur,Kharif,2020,62655.72,53497.59,0.85,,0.3513118012410184,0.5560987741397371,0.1047212290418199,5,26.20498494623656,22.83515268817204,30.258593548387097,5.755840860215054,2.4009548387096773,80.94703870967741,0.7860623655913977,0.8033118279569893,16.63078064516129,True,False,True,medium
Washim,Arhar/Tur,Kharif,2021,66198.05,36859.07,0.56,0.85,0.3513118012410184,0.5952226225177184,0.1047212290418199,5,25.9337247311828,22.45827096774193,30.09970107526881,7.507825806451613,2.593425806451613,80.7233935483871,0.8190494623655914,0.8324924731182796,16.500088172043007,False,False,False,medium
Washim,Arhar/Tur,Kharif,2022,63628.0,39666.0,0.62,0.56,0.3513118012410184,0.6031497571326592,0.1047212290418199,5,25.761883870967743,22.342789247311828,29.84355053763441,7.6906989247311826,2.8444666666666665,81.12029032258064,0.8548365591397851,0.8400408602150538,16.30343655913979,True,False,True,medium
Washim,Bajra,Kharif,2020,164.48,77.65,0.47,,0.3513118012410184,0.5560987741397371,0.1047212290418199,5,26.20498494623656,22.83515268817204,30.258593548387097,5.755840860215054,2.4009548387096773,80.94703870967741,0.7860623655913977,0.8033118279569893,16.63078064516129,True,False,True,medium
Washim,Bajra,Kharif,2021,2.0,0.72,0.36,0.47,0.3513118012410184,0.5952226225177184,0.1047212290418199,5,25.9337247311828,22.45827096774193,30.09970107526881,7.507825806451613,2.593425806451613,80.7233935483871,0.8190494623655914,0.8324924731182796,16.500088172043007,False,False,False,medium
Washim,Bajra,Summer,2022,5.0,4.41,0.88,,0.1696938568880361,0.1987118538254184,0.140675859950654,2,34.20999462365592,26.23918817204301,41.8176935483871,0.1633279569892473,2.887462365591398,23.43491397849462,0.5703225806451613,0.1587150537634408,23.75121505376344,False,False,False,low
Washim,Cotton(lint),Kharif,2020,21800.0,81800.0,3.75,,0.3513118012410184,0.5560987741397371,0.1047212290418199,5,26.20498494623656,22.83515268817204,30.258593548387097,5.755840860215054,2.4009548387096773,80.94703870967741,0.7860623655913977,0.8033118279569893,16.63078064516129,True,False,True,medium
Washim,Cotton(lint),Kharif,2021,18200.0,60400.0,3.32,3.75,0.3513118012410184,0.5952226225177184,0.1047212290418199,5,25.9337247311828,22.45827096774193,30.09970107526881,7.507825806451613,2.593425806451613,80.7233935483871,0.8190494623655914,0.8324924731182796,16.500088172043007,False,False,False,medium
Washim,Cotton(lint),Kharif,2022,19518.47,41327.47,2.12,3.32,0.3513118012410184,0.6031497571326592,0.1047212290418199,5,25.761883870967743,22.342789247311828,29.84355053763441,7.6906989247311826,2.8444666666666665,81.12029032258064,0.8548365591397851,0.8400408602150538,16.30343655913979,True,False,True,medium
Washim,Gram,Rabi,2020,66284.34,104518.56,1.58,,0.372029939182986,0.5194775554608381,0.2386387865556171,5,23.29417235023041,16.28013748079877,31.659925652841785,0.1362875576036866,1.789043625192012,46.230008755760366,0.6034537634408601,0.4145195084485407,17.924488018433177,False,False,False,medium
Washim,Gram,Rabi,2021,81031.37,103100.26,1.27,1.58,0.3795899051588564,0.481942353720542,0.2432634989041516,5,22.08104377880184,15.669243164362518,29.626585099846388,0.1843566820276497,1.7990708141321043,56.87479462365592,0.6585973886328725,0.5600585253456221,17.151278955453147,False,False,False,medium
Washim,Gram,Rabi,2022,83721.06,96729.64,1.16,1.27,0.3873238434231779,0.4765642646434763,0.2186074659267846,5,22.47907941628264,15.32641305683564,30.658955453149,0.1118064516129032,1.628336559139785,49.96225883256528,0.6335431643625192,0.4968539170506913,18.292144546851,False,False,False,medium
Washim,Groundnut,Kharif,2020,7.78,7.08,0.91,,0.3513118012410184,0.5560987741397371,0.1047212290418199,5,26.20498494623656,22.83515268817204,30.258593548387097,5.755840860215054,2.4009548387096773,80.94703870967741,0.7860623655913977,0.8033118279569893,16.63078064516129,True,False,True,medium
Washim,Groundnut,Kharif,2021,4.6,5.82,1.27,0.91,0.3513118012410184,0.5952226225177184,0.1047212290418199,5,25.9337247311828,22.45827096774193,30.09970107526881,7.507825806451613,2.593425806451613,80.7233935483871,0.8190494623655914,0.8324924731182796,16.500088172043007,False,False,False,medium
Washim,Groundnut,Kharif,2022,8.28,8.56,1.03,1.27,0.3513118012410184,0.6031497571326592,0.1047212290418199,5,25.761883870967743,22.342789247311828,29.84355053763441,7.6906989247311826,2.8444666666666665,81.12029032258064,0.8548365591397851,0.8400408602150538,16.30343655913979,True,False,True,medium
Washim,Groundnut,Summer,2020,7994.32,25445.05,3.18,,0.1884301388312529,0.2235000574926983,0.1533602201698077,2,33.908,26.24617741935484,41.42592473118279,0.2155860215053763,2.69694623655914,25.020080645161293,0.5721451612903226,0.2251774193548387,24.97584946236559,False,False,False,low
Washim,Groundnut,Summer,2021,9727.45,20570.39,2.11,3.18,0.1919486185942138,0.2069568013871237,0.176940435801304,2,32.53022580645161,25.524274193548383,39.27605913978495,0.5133817204301075,2.678758064516129,30.51634408602151,0.5724193548387096,0.2505268817204301,22.324946236559136,False,False,False,low
Washim,Groundnut,Summer,2022,2918.0,5850.0,2.0,2.11,0.1696938568880361,0.1987118538254184,0.140675859950654,2,34.20999462365592,26.23918817204301,41.8176935483871,0.1633279569892473,2.887462365591398,23.43491397849462,0.5703225806451613,0.1587150537634408,23.75121505376344,False,False,False,low
Washim,Jowar,Kharif,2020,5599.59,3215.42,0.57,,0.3513118012410184,0.5560987741397371,0.1047212290418199,5,26.20498494623656,22.83515268817204,30.258593548387097,5.755840860215054,2.4009548387096773,80.94703870967741,0.7860623655913977,0.8033118279569893,16.63078064516129,True,False,True,medium
Washim,Jowar,Kharif,2021,6441.91,4895.21,0.76,0.57,0.3513118012410184,0.5952226225177184,0.1047212290418199,5,25.9337247311828,22.45827096774193,30.09970107526881,7.507825806451613,2.593425806451613,80.7233935483871,0.8190494623655914,0.8324924731182796,16.500088172043007,False,False,False,medium
Washim,Jowar,Kharif,2022,364.11,170.19,0.47,0.76,0.3513118012410184,0.6031497571326592,0.1047212290418199,5,25.761883870967743,22.342789247311828,29.84355053763441,7.6906989247311826,2.8444666666666665,81.12029032258064,0.8548365591397851,0.8400408602150538,16.30343655913979,True,False,True,medium
Washim,Jowar,Rabi,2020,345.47,382.73,1.11,,0.372029939182986,0.5194775554608381,0.2386387865556171,5,23.29417235023041,16.28013748079877,31.659925652841785,0.1362875576036866,1.789043625192012,46.230008755760366,0.6034537634408601,0.4145195084485407,17.924488018433177,False,False,False,medium
Washim,Jowar,Rabi,2021,541.59,466.2,0.86,1.11,0.3795899051588564,0.481942353720542,0.2432634989041516,5,22.08104377880184,15.669243164362518,29.626585099846388,0.1843566820276497,1.7990708141321043,56.87479462365592,0.6585973886328725,0.5600585253456221,17.151278955453147,False,False,False,medium
Washim,Jowar,Rabi,2022,438.92,540.3,1.23,0.86,0.3873238434231779,0.4765642646434763,0.2186074659267846,5,22.47907941628264,15.32641305683564,30.658955453149,0.1118064516129032,1.628336559139785,49.96225883256528,0.6335431643625192,0.4968539170506913,18.292144546851,False,False,False,medium
Washim,Jowar,Summer,2021,172.4,143.34,0.83,,0.1919486185942138,0.2069568013871237,0.176940435801304,2,32.53022580645161,25.524274193548383,39.27605913978495,0.5133817204301075,2.678758064516129,30.51634408602151,0.5724193548387096,0.2505268817204301,22.324946236559136,False,False,False,low
Washim,Jowar,Summer,2022,539.7,448.72,0.83,0.83,0.1696938568880361,0.1987118538254184,0.140675859950654,2,34.20999462365592,26.23918817204301,41.8176935483871,0.1633279569892473,2.887462365591398,23.43491397849462,0.5703225806451613,0.1587150537634408,23.75121505376344,False,False,False,low
Washim,Linseed,Rabi,2022,81.0,37.79,0.47,,0.3873238434231779,0.4765642646434763,0.2186074659267846,5,22.47907941628264,15.32641305683564,30.658955453149,0.1118064516129032,1.628336559139785,49.96225883256528,0.6335431643625192,0.4968539170506913,18.292144546851,False,False,False,medium
Washim,Maize,Kharif,2020,1146.8,3916.99,3.42,,0.3513118012410184,0.5560987741397371,0.1047212290418199,5,26.20498494623656,22.83515268817204,30.258593548387097,5.755840860215054,2.4009548387096773,80.94703870967741,0.7860623655913977,0.8033118279569893,16.63078064516129,True,False,True,medium
Washim,Maize,Kharif,2021,453.06,1337.19,2.95,3.42,0.3513118012410184,0.5952226225177184,0.1047212290418199,5,25.9337247311828,22.45827096774193,30.09970107526881,7.507825806451613,2.593425806451613,80.7233935483871,0.8190494623655914,0.8324924731182796,16.500088172043007,False,False,False,medium
Washim,Maize,Kharif,2022,362.0,1082.0,2.99,2.95,0.3513118012410184,0.6031497571326592,0.1047212290418199,5,25.761883870967743,22.342789247311828,29.84355053763441,7.6906989247311826,2.8444666666666665,81.12029032258064,0.8548365591397851,0.8400408602150538,16.30343655913979,True,False,True,medium
Washim,Maize,Rabi,2020,193.14,249.13,1.29,,0.372029939182986,0.5194775554608381,0.2386387865556171,5,23.29417235023041,16.28013748079877,31.659925652841785,0.1362875576036866,1.789043625192012,46.230008755760366,0.6034537634408601,0.4145195084485407,17.924488018433177,False,False,False,medium
Washim,Maize,Rabi,2021,304.23,662.16,2.18,1.29,0.3795899051588564,0.481942353720542,0.2432634989041516,5,22.08104377880184,15.669243164362518,29.626585099846388,0.1843566820276497,1.7990708141321043,56.87479462365592,0.6585973886328725,0.5600585253456221,17.151278955453147,False,False,False,medium
Washim,Maize,Rabi,2022,312.83,618.45,1.98,2.18,0.3873238434231779,0.4765642646434763,0.2186074659267846,5,22.47907941628264,15.32641305683564,30.658955453149,0.1118064516129032,1.628336559139785,49.96225883256528,0.6335431643625192,0.4968539170506913,18.292144546851,False,False,False,medium
Washim,Maize,Summer,2021,185.0,320.42,1.73,,0.1919486185942138,0.2069568013871237,0.176940435801304,2,32.53022580645161,25.524274193548383,39.27605913978495,0.5133817204301075,2.678758064516129,30.51634408602151,0.5724193548387096,0.2505268817204301,22.324946236559136,False,False,False,low
Washim,Maize,Summer,2022,192.18,252.14,1.31,1.73,0.1696938568880361,0.1987118538254184,0.140675859950654,2,34.20999462365592,26.23918817204301,41.8176935483871,0.1633279569892473,2.887462365591398,23.43491397849462,0.5703225806451613,0.1587150537634408,23.75121505376344,False,False,False,low
Washim,Moong(Green Gram),Kharif,2020,7532.77,5648.84,0.75,,0.3513118012410184,0.5560987741397371,0.1047212290418199,5,26.20498494623656,22.83515268817204,30.258593548387097,5.755840860215054,2.4009548387096773,80.94703870967741,0.7860623655913977,0.8033118279569893,16.63078064516129,True,False,True,medium
Washim,Moong(Green Gram),Kharif,2021,6152.24,4697.23,0.76,0.75,0.3513118012410184,0.5952226225177184,0.1047212290418199,5,25.9337247311828,22.45827096774193,30.09970107526881,7.507825806451613,2.593425806451613,80.7233935483871,0.8190494623655914,0.8324924731182796,16.500088172043007,False,False,False,medium
Washim,Moong(Green Gram),Kharif,2022,2552.74,1229.91,0.48,0.76,0.3513118012410184,0.6031497571326592,0.1047212290418199,5,25.761883870967743,22.342789247311828,29.84355053763441,7.6906989247311826,2.8444666666666665,81.12029032258064,0.8548365591397851,0.8400408602150538,16.30343655913979,True,False,True,medium
Washim,Moong(Green Gram),Summer,2021,6261.0,1153.21,0.18,,0.1919486185942138,0.2069568013871237,0.176940435801304,2,32.53022580645161,25.524274193548383,39.27605913978495,0.5133817204301075,2.678758064516129,30.51634408602151,0.5724193548387096,0.2505268817204301,22.324946236559136,False,False,False,low
Washim,Moong(Green Gram),Summer,2022,2588.4,476.76,0.18,0.18,0.1696938568880361,0.1987118538254184,0.140675859950654,2,34.20999462365592,26.23918817204301,41.8176935483871,0.1633279569892473,2.887462365591398,23.43491397849462,0.5703225806451613,0.1587150537634408,23.75121505376344,False,False,False,low
Washim,Niger seed,Kharif,2020,2.0,0.07,0.04,,0.4009920640763048,0.5560987741397371,0.2723615137428504,5,26.20498494623656,22.83515268817204,30.258593548387097,5.755840860215054,2.4009548387096773,80.94703870967741,0.7860623655913977,0.8033118279569893,16.63078064516129,True,False,True,medium
Washim,Other  Rabi pulses,Rabi,2020,311.4,256.59,0.82,,0.372029939182986,0.5194775554608381,0.2386387865556171,5,23.29417235023041,16.28013748079877,31.659925652841785,0.1362875576036866,1.789043625192012,46.230008755760366,0.6034537634408601,0.4145195084485407,17.924488018433177,False,False,False,medium
Washim,Other  Rabi pulses,Rabi,2021,112.0,44.8,0.4,0.82,0.3795899051588564,0.481942353720542,0.2432634989041516,5,22.08104377880184,15.669243164362518,29.626585099846388,0.1843566820276497,1.7990708141321043,56.87479462365592,0.6585973886328725,0.5600585253456221,17.151278955453147,False,False,False,medium
Washim,Other  Rabi pulses,Rabi,2022,675.0,413.1,0.61,0.4,0.3873238434231779,0.4765642646434763,0.2186074659267846,5,22.47907941628264,15.32641305683564,30.658955453149,0.1118064516129032,1.628336559139785,49.96225883256528,0.6335431643625192,0.4968539170506913,18.292144546851,False,False,False,medium
Washim,Other Cereals,Kharif,2020,206.0,135.34,0.66,,0.3513118012410184,0.5560987741397371,0.1047212290418199,5,26.20498494623656,22.83515268817204,30.258593548387097,5.755840860215054,2.4009548387096773,80.94703870967741,0.7860623655913977,0.8033118279569893,16.63078064516129,True,False,True,medium
Washim,Other Cereals,Kharif,2021,84.0,29.48,0.35,0.66,0.3513118012410184,0.5952226225177184,0.1047212290418199,5,25.9337247311828,22.45827096774193,30.09970107526881,7.507825806451613,2.593425806451613,80.7233935483871,0.8190494623655914,0.8324924731182796,16.500088172043007,False,False,False,medium
Washim,Other Cereals,Kharif,2022,107.4,54.56,0.51,0.35,0.3513118012410184,0.6031497571326592,0.1047212290418199,5,25.761883870967743,22.342789247311828,29.84355053763441,7.6906989247311826,2.8444666666666665,81.12029032258064,0.8548365591397851,0.8400408602150538,16.30343655913979,True,False,True,medium
Washim,Other Cereals,Rabi,2020,291.0,94.9,0.33,,0.372029939182986,0.5194775554608381,0.2386387865556171,5,23.29417235023041,16.28013748079877,31.659925652841785,0.1362875576036866,1.789043625192012,46.230008755760366,0.6034537634408601,0.4145195084485407,17.924488018433177,False,False,False,medium
Washim,Other Cereals,Rabi,2021,19.0,6.47,0.34,0.33,0.3795899051588564,0.481942353720542,0.2432634989041516,5,22.08104377880184,15.669243164362518,29.626585099846388,0.1843566820276497,1.7990708141321043,56.87479462365592,0.6585973886328725,0.5600585253456221,17.151278955453147,False,False,False,medium
Washim,Other Cereals,Rabi,2022,277.8,93.91,0.34,0.34,0.3873238434231779,0.4765642646434763,0.2186074659267846,5,22.47907941628264,15.32641305683564,30.658955453149,0.1118064516129032,1.628336559139785,49.96225883256528,0.6335431643625192,0.4968539170506913,18.292144546851,False,False,False,medium
Washim,Other Cereals,Summer,2020,940.4,937.58,1.0,,0.1884301388312529,0.2235000574926983,0.1533602201698077,2,33.908,26.24617741935484,41.42592473118279,0.2155860215053763,2.69694623655914,25.020080645161293,0.5721451612903226,0.2251774193548387,24.97584946236559,False,False,False,low
Washim,Other Cereals,Summer,2022,36.0,6.79,0.19,1.0,0.1696938568880361,0.1987118538254184,0.140675859950654,2,34.20999462365592,26.23918817204301,41.8176935483871,0.1633279569892473,2.887462365591398,23.43491397849462,0.5703225806451613,0.1587150537634408,23.75121505376344,False,False,False,low
Washim,Other Kharif pulses,Kharif,2020,143.0,98.96,0.69,,0.3513118012410184,0.5560987741397371,0.1047212290418199,5,26.20498494623656,22.83515268817204,30.258593548387097,5.755840860215054,2.4009548387096773,80.94703870967741,0.7860623655913977,0.8033118279569893,16.63078064516129,True,False,True,medium
Washim,Other Kharif pulses,Kharif,2021,177.55,74.57,0.42,0.69,0.3513118012410184,0.5952226225177184,0.1047212290418199,5,25.9337247311828,22.45827096774193,30.09970107526881,7.507825806451613,2.593425806451613,80.7233935483871,0.8190494623655914,0.8324924731182796,16.500088172043007,False,False,False,medium
Washim,Other Kharif pulses,Kharif,2022,315.0,175.9,0.56,0.42,0.3513118012410184,0.6031497571326592,0.1047212290418199,5,25.761883870967743,22.342789247311828,29.84355053763441,7.6906989247311826,2.8444666666666665,81.12029032258064,0.8548365591397851,0.8400408602150538,16.30343655913979,True,False,True,medium
Washim,Other Summer Pulses,Summer,2020,3883.4,1147.93,0.3,,0.1884301388312529,0.2235000574926983,0.1533602201698077,2,33.908,26.24617741935484,41.42592473118279,0.2155860215053763,2.69694623655914,25.020080645161293,0.5721451612903226,0.2251774193548387,24.97584946236559,False,False,False,low
Washim,Other Summer Pulses,Summer,2022,1.0,0.33,0.33,0.3,0.1696938568880361,0.1987118538254184,0.140675859950654,2,34.20999462365592,26.23918817204301,41.8176935483871,0.1633279569892473,2.887462365591398,23.43491397849462,0.5703225806451613,0.1587150537634408,23.75121505376344,False,False,False,low
Washim,Safflower,Rabi,2020,52.53,36.35,0.69,,0.372029939182986,0.5194775554608381,0.2386387865556171,5,23.29417235023041,16.28013748079877,31.659925652841785,0.1362875576036866,1.789043625192012,46.230008755760366,0.6034537634408601,0.4145195084485407,17.924488018433177,False,False,False,medium
Washim,Safflower,Rabi,2021,625.0,551.25,0.88,0.69,0.3795899051588564,0.481942353720542,0.2432634989041516,5,22.08104377880184,15.669243164362518,29.626585099846388,0.1843566820276497,1.7990708141321043,56.87479462365592,0.6585973886328725,0.5600585253456221,17.151278955453147,False,False,False,medium
Washim,Safflower,Rabi,2022,652.75,618.61,0.95,0.88,0.3873238434231779,0.4765642646434763,0.2186074659267846,5,22.47907941628264,15.32641305683564,30.658955453149,0.1118064516129032,1.628336559139785,49.96225883256528,0.6335431643625192,0.4968539170506913,18.292144546851,False,False,False,medium
Washim,Sesamum,Kharif,2020,303.37,60.19,0.2,,0.3513118012410184,0.5560987741397371,0.1047212290418199,5,26.20498494623656,22.83515268817204,30.258593548387097,5.755840860215054,2.4009548387096773,80.94703870967741,0.7860623655913977,0.8033118279569893,16.63078064516129,True,False,True,medium
Washim,Sesamum,Kharif,2021,323.59,44.24,0.14,0.2,0.3513118012410184,0.5952226225177184,0.1047212290418199,5,25.9337247311828,22.45827096774193,30.09970107526881,7.507825806451613,2.593425806451613,80.7233935483871,0.8190494623655914,0.8324924731182796,16.500088172043007,False,False,False,medium
Washim,Sesamum,Kharif,2022,299.83,66.75,0.22,0.14,0.3513118012410184,0.6031497571326592,0.1047212290418199,5,25.761883870967743,22.342789247311828,29.84355053763441,7.6906989247311826,2.8444666666666665,81.12029032258064,0.8548365591397851,0.8400408602150538,16.30343655913979,True,False,True,medium
Washim,Sesamum,Rabi,2021,12.0,8.57,0.71,,0.3795899051588564,0.481942353720542,0.2432634989041516,5,22.08104377880184,15.669243164362518,29.626585099846388,0.1843566820276497,1.7990708141321043,56.87479462365592,0.6585973886328725,0.5600585253456221,17.151278955453147,False,False,False,medium
Washim,Sesamum,Rabi,2022,12.0,4.02,0.34,0.71,0.3873238434231779,0.4765642646434763,0.2186074659267846,5,22.47907941628264,15.32641305683564,30.658955453149,0.1118064516129032,1.628336559139785,49.96225883256528,0.6335431643625192,0.4968539170506913,18.292144546851,False,False,False,medium
Washim,Sesamum,Summer,2020,218.2,40.91,0.19,,0.1884301388312529,0.2235000574926983,0.1533602201698077,2,33.908,26.24617741935484,41.42592473118279,0.2155860215053763,2.69694623655914,25.020080645161293,0.5721451612903226,0.2251774193548387,24.97584946236559,False,False,False,low
Washim,Sesamum,Summer,2021,194.0,36.38,0.19,0.19,0.1919486185942138,0.2069568013871237,0.176940435801304,2,32.53022580645161,25.524274193548383,39.27605913978495,0.5133817204301075,2.678758064516129,30.51634408602151,0.5724193548387096,0.2505268817204301,22.324946236559136,False,False,False,low
Washim,Sesamum,Summer,2022,168.0,32.0,0.19,0.19,0.1696938568880361,0.1987118538254184,0.140675859950654,2,34.20999462365592,26.23918817204301,41.8176935483871,0.1633279569892473,2.887462365591398,23.43491397849462,0.5703225806451613,0.1587150537634408,23.75121505376344,False,False,False,low
Washim,Soyabean,Kharif,2020,300024.48,525344.34,1.75,,0.3513118012410184,0.5560987741397371,0.1047212290418199,5,26.20498494623656,22.83515268817204,30.258593548387097,5.755840860215054,2.4009548387096773,80.94703870967741,0.7860623655913977,0.8033118279569893,16.63078064516129,True,False,True,medium
Washim,Soyabean,Kharif,2021,305430.59,502677.67,1.65,1.75,0.3513118012410184,0.5952226225177184,0.1047212290418199,5,25.9337247311828,22.45827096774193,30.09970107526881,7.507825806451613,2.593425806451613,80.7233935483871,0.8190494623655914,0.8324924731182796,16.500088172043007,False,False,False,medium
Washim,Soyabean,Kharif,2022,308198.0,422755.0,1.37,1.65,0.3513118012410184,0.6031497571326592,0.1047212290418199,5,25.761883870967743,22.342789247311828,29.84355053763441,7.6906989247311826,2.8444666666666665,81.12029032258064,0.8548365591397851,0.8400408602150538,16.30343655913979,True,False,True,medium
Washim,Soyabean,Summer,2021,2506.0,1253.0,0.5,,0.1919486185942138,0.2069568013871237,0.176940435801304,2,32.53022580645161,25.524274193548383,39.27605913978495,0.5133817204301075,2.678758064516129,30.51634408602151,0.5724193548387096,0.2505268817204301,22.324946236559136,False,False,False,low
Washim,Soyabean,Summer,2022,348.4,209.04,0.6,0.5,0.1696938568880361,0.1987118538254184,0.140675859950654,2,34.20999462365592,26.23918817204301,41.8176935483871,0.1633279569892473,2.887462365591398,23.43491397849462,0.5703225806451613,0.1587150537634408,23.75121505376344,False,False,False,low
Washim,Sugarcane,Whole Year,2022,117.0,5850.0,50.0,,0.3730108423266771,0.6031497571326592,0.20171800959583375,12,25.66349763184844,20.0614812467998,31.958748271889405,3.279983742959549,2.36912448796723,60.25790456989248,0.719717549923195,0.6027949948796724,18.2816610343062,True,False,True,high
Washim,Urad,Kharif,2020,11140.67,9557.48,0.86,,0.3513118012410184,0.5560987741397371,0.1047212290418199,5,26.20498494623656,22.83515268817204,30.258593548387097,5.755840860215054,2.4009548387096773,80.94703870967741,0.7860623655913977,0.8033118279569893,16.63078064516129,True,False,True,medium
Washim,Urad,Kharif,2021,10473.77,7850.09,0.75,0.86,0.3513118012410184,0.5952226225177184,0.1047212290418199,5,25.9337247311828,22.45827096774193,30.09970107526881,7.507825806451613,2.593425806451613,80.7233935483871,0.8190494623655914,0.8324924731182796,16.500088172043007,False,False,False,medium
Washim,Urad,Kharif,2022,6116.66,3350.1,0.55,0.75,0.3513118012410184,0.6031497571326592,0.1047212290418199,5,25.761883870967743,22.342789247311828,29.84355053763441,7.6906989247311826,2.8444666666666665,81.12029032258064,0.8548365591397851,0.8400408602150538,16.30343655913979,True,False,True,medium
Washim,Urad,Summer,2021,158.0,85.15,0.54,,0.1919486185942138,0.2069568013871237,0.176940435801304,2,32.53022580645161,25.524274193548383,39.27605913978495,0.5133817204301075,2.678758064516129,30.51634408602151,0.5724193548387096,0.2505268817204301,22.324946236559136,False,False,False,low
Washim,Urad,Summer,2022,117.4,63.27,0.54,0.54,0.1696938568880361,0.1987118538254184,0.140675859950654,2,34.20999462365592,26.23918817204301,41.8176935483871,0.1633279569892473,2.887462365591398,23.43491397849462,0.5703225806451613,0.1587150537634408,23.75121505376344,False,False,False,low
Washim,Wheat,Rabi,2020,35972.26,87004.67,2.42,,0.372029939182986,0.5194775554608381,0.2386387865556171,5,23.29417235023041,16.28013748079877,31.659925652841785,0.1362875576036866,1.789043625192012,46.230008755760366,0.6034537634408601,0.4145195084485407,17.924488018433177,False,False,False,medium
Washim,Wheat,Rabi,2021,36795.45,72370.03,1.97,2.42,0.3795899051588564,0.481942353720542,0.2432634989041516,5,22.08104377880184,15.669243164362518,29.626585099846388,0.1843566820276497,1.7990708141321043,56.87479462365592,0.6585973886328725,0.5600585253456221,17.151278955453147,False,False,False,medium
Washim,Wheat,Rabi,2022,38654.02,90782.83,2.35,1.97,0.3873238434231779,0.4765642646434763,0.2186074659267846,5,22.47907941628264,15.32641305683564,30.658955453149,0.1118064516129032,1.628336559139785,49.96225883256528,0.6335431643625192,0.4968539170506913,18.292144546851,False,False,False,medium
Washim,other oilseeds,Kharif,2020,4967.53,2652.66,0.53,,0.3513118012410184,0.5560987741397371,0.1047212290418199,5,26.20498494623656,22.83515268817204,30.258593548387097,5.755840860215054,2.4009548387096773,80.94703870967741,0.7860623655913977,0.8033118279569893,16.63078064516129,True,False,True,medium
Washim,other oilseeds,Kharif,2021,322.0,97.0,0.3,0.53,0.3513118012410184,0.5952226225177184,0.1047212290418199,5,25.9337247311828,22.45827096774193,30.09970107526881,7.507825806451613,2.593425806451613,80.7233935483871,0.8190494623655914,0.8324924731182796,16.500088172043007,False,False,False,medium
Washim,other oilseeds,Kharif,2022,468.9,195.53,0.42,0.3,0.3513118012410184,0.6031497571326592,0.1047212290418199,5,25.761883870967743,22.342789247311828,29.84355053763441,7.6906989247311826,2.8444666666666665,81.12029032258064,0.8548365591397851,0.8400408602150538,16.30343655913979,True,False,True,medium
Washim,other oilseeds,Rabi,2020,413.9,70.59,0.17,,0.372029939182986,0.5194775554608381,0.2386387865556171,5,23.29417235023041,16.28013748079877,31.659925652841785,0.1362875576036866,1.789043625192012,46.230008755760366,0.6034537634408601,0.4145195084485407,17.924488018433177,False,False,False,medium
Washim,other oilseeds,Rabi,2021,118.0,29.12,0.25,0.17,0.3795899051588564,0.481942353720542,0.2432634989041516,5,22.08104377880184,15.669243164362518,29.626585099846388,0.1843566820276497,1.7990708141321043,56.87479462365592,0.6585973886328725,0.5600585253456221,17.151278955453147,False,False,False,medium
Washim,other oilseeds,Rabi,2022,475.7,117.87,0.25,0.25,0.3873238434231779,0.4765642646434763,0.2186074659267846,5,22.47907941628264,15.32641305683564,30.658955453149,0.1118064516129032,1.628336559139785,49.96225883256528,0.6335431643625192,0.4968539170506913,18.292144546851,False,False,False,medium
Washim,other oilseeds,Summer,2020,798.4,159.68,0.2,,0.1884301388312529,0.2235000574926983,0.1533602201698077,2,33.908,26.24617741935484,41.42592473118279,0.2155860215053763,2.69694623655914,25.020080645161293,0.5721451612903226,0.2251774193548387,24.97584946236559,False,False,False,low
Washim,other oilseeds,Summer,2021,611.0,122.2,0.2,0.2,0.1919486185942138,0.2069568013871237,0.176940435801304,2,32.53022580645161,25.524274193548383,39.27605913978495,0.5133817204301075,2.678758064516129,30.51634408602151,0.5724193548387096,0.2505268817204301,22.324946236559136,False,False,False,low
Washim,other oilseeds,Summer,2022,9.0,1.8,0.2,0.2,0.1696938568880361,0.1987118538254184,0.140675859950654,2,34.20999462365592,26.23918817204301,41.8176935483871,0.1633279569892473,2.887462365591398,23.43491397849462,0.5703225806451613,0.1587150537634408,23.75121505376344,False,False,False,low
Yavatmal,Arhar/Tur,Kharif,2020,137562.24,79938.93,0.58,,0.4762281725751833,0.6030627334466075,0.1871936881891159,5,27.14150967741936,23.657815053763443,31.20243010752688,6.108959139784948,2.154279569892473,80.36677204301076,0.7977827956989247,0.8155397849462366,16.19537419354839,False,False,False,medium
Yavatmal,Arhar/Tur,Kharif,2021,137562.25,139075.43,1.01,0.58,0.4114655664617643,0.5737471118845295,0.1470742183393892,5,26.820587096774197,23.357720430107527,30.798733333333335,7.627572043010753,2.419963440860215,80.7442,0.8220666666666666,0.8385053763440862,16.210812903225808,False,False,False,medium
Yavatmal,Arhar/Tur,Kharif,2022,133003.0,54279.0,0.41,1.01,0.4438468695184738,0.6287936463754271,0.16713395326425254,5,26.81891182795699,23.39530322580645,30.7718623655914,8.332270967741936,2.563352688172043,80.62689032258064,0.8587311827956989,0.841883870967742,15.89998494623656,True,False,True,medium
Yavatmal,Bajra,Kharif,2020,58.08,27.42,0.47,,0.4762281725751833,0.6030627334466075,0.1871936881891159,5,27.14150967741936,23.657815053763443,31.20243010752688,6.108959139784948,2.154279569892473,80.36677204301076,0.7977827956989247,0.8155397849462366,16.19537419354839,False,False,False,medium
Yavatmal,Bajra,Kharif,2021,58.08,21.03,0.36,0.47,0.4114655664617643,0.5737471118845295,0.1470742183393892,5,26.820587096774197,23.357720430107527,30.798733333333335,7.627572043010753,2.419963440860215,80.7442,0.8220666666666666,0.8385053763440862,16.210812903225808,False,False,False,medium
Yavatmal,Bajra,Kharif,2022,40.0,14.0,0.35,0.36,0.4438468695184738,0.6287936463754271,0.16713395326425254,5,26.81891182795699,23.39530322580645,30.7718623655914,8.332270967741936,2.563352688172043,80.62689032258064,0.8587311827956989,0.841883870967742,15.89998494623656,True,False,True,medium
Yavatmal,Bajra,Summer,2021,68.36,62.21,0.91,,0.194939796933835,0.2091131074746181,0.180766486393052,2,33.84113440860215,26.739967741935484,40.878193548387095,0.6127956989247312,2.428505376344086,28.6492311827957,0.5784731182795698,0.2638333333333333,22.18483870967742,False,False,False,low
Yavatmal,Cotton(lint),Kharif,2020,473400.0,762000.0,1.61,,0.4762281725751833,0.6030627334466075,0.1871936881891159,5,27.14150967741936,23.657815053763443,31.20243010752688,6.108959139784948,2.154279569892473,80.36677204301076,0.7977827956989247,0.8155397849462366,16.19537419354839,False,False,False,medium
Yavatmal,Cotton(lint),Kharif,2021,473400.0,720800.0,1.52,1.61,0.4114655664617643,0.5737471118845295,0.1470742183393892,5,26.820587096774197,23.357720430107527,30.798733333333335,7.627572043010753,2.419963440860215,80.7442,0.8220666666666666,0.8385053763440862,16.210812903225808,False,False,False,medium
Yavatmal,Cotton(lint),Kharif,2022,467608.19,569835.59,1.22,1.52,0.4438468695184738,0.6287936463754271,0.16713395326425254,5,26.81891182795699,23.39530322580645,30.7718623655914,8.332270967741936,2.563352688172043,80.62689032258064,0.8587311827956989,0.841883870967742,15.89998494623656,True,False,True,medium
Yavatmal,Gram,Rabi,2020,123818.66,142517.28,1.15,,0.403219581740306,0.5837882723808185,0.2647458553525479,5,23.16181044546851,15.749783410138246,31.74672242703533,0.1562362519201229,1.7051130568356374,47.46865284178188,0.6083522273425499,0.4174490015360983,17.529560215053767,False,False,False,medium
Yavatmal,Gram,Rabi,2021,123818.66,127919.53,1.03,1.15,0.4058955234742766,0.5408017018097697,0.27437019274668,5,22.350753456221195,15.414386175115208,29.875185867895546,0.2995674347158218,1.6427880184331798,57.075155606758834,0.6612542242703533,0.5717254992319508,17.071175422427036,False,False,False,medium
Yavatmal,Gram,Rabi,2022,141324.66,96410.27,0.68,1.03,0.4042550140066273,0.5470936378189392,0.2553308021768336,5,22.8092643625192,15.202963901689708,31.146091551459296,0.1035483870967741,1.5658761904761902,50.36792242703533,0.6281388632872503,0.4750534562211982,17.892311213517665,False,False,False,medium
Yavatmal,Groundnut,Summer,2020,10569.89,11421.41,1.08,,0.2006114195216896,0.2307095569314762,0.1705132821119031,2,34.977774193548385,27.091349462365592,42.56972043010753,0.3602365591397849,2.3584408602150537,24.812053763440854,0.5767311827956989,0.2469569892473118,24.805973118279567,False,False,False,low
Yavatmal,Groundnut,Summer,2021,10729.3,13573.94,1.27,1.08,0.194939796933835,0.2091131074746181,0.180766486393052,2,33.84113440860215,26.739967741935484,40.878193548387095,0.6127956989247312,2.428505376344086,28.6492311827957,0.5784731182795698,0.2638333333333333,22.18483870967742,False,False,False,low
Yavatmal,Groundnut,Summer,2022,7940.0,10413.0,1.31,1.27,0.1995791180848145,0.2190358164889721,0.1801224196806569,2,35.873521505376345,28.118510752688174,43.472913978494624,0.1781935483870967,2.6613387096774197,21.3030376344086,0.5711290322580644,0.152521505376344,23.21791397849462,False,False,False,low
Yavatmal,Jowar,Kharif,2020,14057.03,5299.64,0.38,,0.4762281725751833,0.6030627334466075,0.1871936881891159,5,27.14150967741936,23.657815053763443,31.20243010752688,6.108959139784948,2.154279569892473,80.36677204301076,0.7977827956989247,0.8155397849462366,16.19537419354839,False,False,False,medium
Yavatmal,Jowar,Kharif,2021,14057.03,3538.15,0.25,0.38,0.4114655664617643,0.5737471118845295,0.1470742183393892,5,26.820587096774197,23.357720430107527,30.798733333333335,7.627572043010753,2.419963440860215,80.7442,0.8220666666666666,0.8385053763440862,16.210812903225808,False,False,False,medium
Yavatmal,Jowar,Kharif,2022,4901.09,1093.43,0.22,0.25,0.4438468695184738,0.6287936463754271,0.16713395326425254,5,26.81891182795699,23.39530322580645,30.7718623655914,8.332270967741936,2.563352688172043,80.62689032258064,0.8587311827956989,0.841883870967742,15.89998494623656,True,False,True,medium
Yavatmal,Jowar,Rabi,2020,2758.99,3056.56,1.11,,0.403219581740306,0.5837882723808185,0.2647458553525479,5,23.16181044546851,15.749783410138246,31.74672242703533,0.1562362519201229,1.7051130568356374,47.46865284178188,0.6083522273425499,0.4174490015360983,17.529560215053767,False,False,False,medium
Yavatmal,Jowar,Rabi,2021,2758.98,2374.9,0.86,1.11,0.4058955234742766,0.5408017018097697,0.27437019274668,5,22.350753456221195,15.414386175115208,29.875185867895546,0.2995674347158218,1.6427880184331798,57.075155606758834,0.6612542242703533,0.5717254992319508,17.071175422427036,False,False,False,medium
Yavatmal,Jowar,Rabi,2022,2386.09,2936.99,1.23,0.86,0.4042550140066273,0.5470936378189392,0.2553308021768336,5,22.8092643625192,15.202963901689708,31.146091551459296,0.1035483870967741,1.5658761904761902,50.36792242703533,0.6281388632872503,0.4750534562211982,17.892311213517665,False,False,False,medium
Yavatmal,Jowar,Summer,2021,1717.79,1428.21,0.83,,0.194939796933835,0.2091131074746181,0.180766486393052,2,33.84113440860215,26.739967741935484,40.878193548387095,0.6127956989247312,2.428505376344086,28.6492311827957,0.5784731182795698,0.2638333333333333,22.18483870967742,False,False,False,low
Yavatmal,Jowar,Summer,2022,3935.4,3345.09,0.85,0.83,0.1995791180848145,0.2190358164889721,0.1801224196806569,2,35.873521505376345,28.118510752688174,43.472913978494624,0.1781935483870967,2.6613387096774197,21.3030376344086,0.5711290322580644,0.152521505376344,23.21791397849462,False,False,False,low
Yavatmal,Linseed,Rabi,2020,16.7,10.02,0.6,,0.403219581740306,0.5837882723808185,0.2647458553525479,5,23.16181044546851,15.749783410138246,31.74672242703533,0.1562362519201229,1.7051130568356374,47.46865284178188,0.6083522273425499,0.4174490015360983,17.529560215053767,False,False,False,medium
Yavatmal,Linseed,Rabi,2021,16.7,5.37,0.32,0.6,0.4058955234742766,0.5408017018097697,0.27437019274668,5,22.350753456221195,15.414386175115208,29.875185867895546,0.2995674347158218,1.6427880184331798,57.075155606758834,0.6612542242703533,0.5717254992319508,17.071175422427036,False,False,False,medium
Yavatmal,Maize,Kharif,2020,644.0,2199.51,3.42,,0.4762281725751833,0.6030627334466075,0.1871936881891159,5,27.14150967741936,23.657815053763443,31.20243010752688,6.108959139784948,2.154279569892473,80.36677204301076,0.7977827956989247,0.8155397849462366,16.19537419354839,False,False,False,medium
Yavatmal,Maize,Kharif,2021,644.0,1900.76,2.95,3.42,0.4114655664617643,0.5737471118845295,0.1470742183393892,5,26.820587096774197,23.357720430107527,30.798733333333335,7.627572043010753,2.419963440860215,80.7442,0.8220666666666666,0.8385053763440862,16.210812903225808,False,False,False,medium
Yavatmal,Maize,Kharif,2022,410.0,1226.0,2.99,2.95,0.4438468695184738,0.6287936463754271,0.16713395326425254,5,26.81891182795699,23.39530322580645,30.7718623655914,8.332270967741936,2.563352688172043,80.62689032258064,0.8587311827956989,0.841883870967742,15.89998494623656,True,False,True,medium
Yavatmal,Maize,Rabi,2020,349.31,450.58,1.29,,0.403219581740306,0.5837882723808185,0.2647458553525479,5,23.16181044546851,15.749783410138246,31.74672242703533,0.1562362519201229,1.7051130568356374,47.46865284178188,0.6083522273425499,0.4174490015360983,17.529560215053767,False,False,False,medium
Yavatmal,Maize,Rabi,2021,349.31,760.27,2.18,1.29,0.4058955234742766,0.5408017018097697,0.27437019274668,5,22.350753456221195,15.414386175115208,29.875185867895546,0.2995674347158218,1.6427880184331798,57.075155606758834,0.6612542242703533,0.5717254992319508,17.071175422427036,False,False,False,medium
Yavatmal,Maize,Rabi,2022,509.68,1007.61,1.98,2.18,0.4042550140066273,0.5470936378189392,0.2553308021768336,5,22.8092643625192,15.202963901689708,31.146091551459296,0.1035483870967741,1.5658761904761902,50.36792242703533,0.6281388632872503,0.4750534562211982,17.892311213517665,False,False,False,medium
Yavatmal,Maize,Summer,2021,959.0,1660.99,1.73,,0.194939796933835,0.2091131074746181,0.180766486393052,2,33.84113440860215,26.739967741935484,40.878193548387095,0.6127956989247312,2.428505376344086,28.6492311827957,0.5784731182795698,0.2638333333333333,22.18483870967742,False,False,False,low
Yavatmal,Maize,Summer,2022,671.3,355.12,0.53,1.73,0.1995791180848145,0.2190358164889721,0.1801224196806569,2,35.873521505376345,28.118510752688174,43.472913978494624,0.1781935483870967,2.6613387096774197,21.3030376344086,0.5711290322580644,0.152521505376344,23.21791397849462,False,False,False,low
Yavatmal,Moong(Green Gram),Kharif,2020,5610.0,1858.55,0.33,,0.4762281725751833,0.6030627334466075,0.1871936881891159,5,27.14150967741936,23.657815053763443,31.20243010752688,6.108959139784948,2.154279569892473,80.36677204301076,0.7977827956989247,0.8155397849462366,16.19537419354839,False,False,False,medium
Yavatmal,Moong(Green Gram),Kharif,2021,5610.0,1827.74,0.33,0.33,0.4114655664617643,0.5737471118845295,0.1470742183393892,5,26.820587096774197,23.357720430107527,30.798733333333335,7.627572043010753,2.419963440860215,80.7442,0.8220666666666666,0.8385053763440862,16.210812903225808,False,False,False,medium
Yavatmal,Moong(Green Gram),Kharif,2022,4714.37,1422.33,0.3,0.33,0.4438468695184738,0.6287936463754271,0.16713395326425254,5,26.81891182795699,23.39530322580645,30.7718623655914,8.332270967741936,2.563352688172043,80.62689032258064,0.8587311827956989,0.841883870967742,15.89998494623656,True,False,True,medium
Yavatmal,Moong(Green Gram),Summer,2021,1524.4,280.78,0.18,,0.194939796933835,0.2091131074746181,0.180766486393052,2,33.84113440860215,26.739967741935484,40.878193548387095,0.6127956989247312,2.428505376344086,28.6492311827957,0.5784731182795698,0.2638333333333333,22.18483870967742,False,False,False,low
Yavatmal,Moong(Green Gram),Summer,2022,1195.9,220.27,0.18,0.18,0.1995791180848145,0.2190358164889721,0.1801224196806569,2,35.873521505376345,28.118510752688174,43.472913978494624,0.1781935483870967,2.6613387096774197,21.3030376344086,0.5711290322580644,0.152521505376344,23.21791397849462,False,False,False,low
Yavatmal,Other  Rabi pulses,Rabi,2020,2.0,1.64,0.82,,0.403219581740306,0.5837882723808185,0.2647458553525479,5,23.16181044546851,15.749783410138246,31.74672242703533,0.1562362519201229,1.7051130568356374,47.46865284178188,0.6083522273425499,0.4174490015360983,17.529560215053767,False,False,False,medium
Yavatmal,Other  Rabi pulses,Rabi,2022,150.8,70.94,0.47,0.82,0.4042550140066273,0.5470936378189392,0.2553308021768336,5,22.8092643625192,15.202963901689708,31.146091551459296,0.1035483870967741,1.5658761904761902,50.36792242703533,0.6281388632872503,0.4750534562211982,17.892311213517665,False,False,False,medium
Yavatmal,Other Cereals,Rabi,2020,23.8,8.47,0.36,,0.403219581740306,0.5837882723808185,0.2647458553525479,5,23.16181044546851,15.749783410138246,31.74672242703533,0.1562362519201229,1.7051130568356374,47.46865284178188,0.6083522273425499,0.4174490015360983,17.529560215053767,False,False,False,medium
Yavatmal,Other Cereals,Rabi,2022,7.0,2.37,0.34,0.36,0.4042550140066273,0.5470936378189392,0.2553308021768336,5,22.8092643625192,15.202963901689708,31.146091551459296,0.1035483870967741,1.5658761904761902,50.36792242703533,0.6281388632872503,0.4750534562211982,17.892311213517665,False,False,False,medium
Yavatmal,Other Cereals,Summer,2020,2255.2,425.24,0.19,,0.2006114195216896,0.2307095569314762,0.1705132821119031,2,34.977774193548385,27.091349462365592,42.56972043010753,0.3602365591397849,2.3584408602150537,24.812053763440854,0.5767311827956989,0.2469569892473118,24.805973118279567,False,False,False,low
Yavatmal,Other Cereals,Summer,2021,257.0,157.85,0.61,0.19,0.194939796933835,0.2091131074746181,0.180766486393052,2,33.84113440860215,26.739967741935484,40.878193548387095,0.6127956989247312,2.428505376344086,28.6492311827957,0.5784731182795698,0.2638333333333333,22.18483870967742,False,False,False,low
Yavatmal,Other Summer Pulses,Summer,2020,2043.5,556.34,0.27,,0.2006114195216896,0.2307095569314762,0.1705132821119031,2,34.977774193548385,27.091349462365592,42.56972043010753,0.3602365591397849,2.3584408602150537,24.812053763440854,0.5767311827956989,0.2469569892473118,24.805973118279567,False,False,False,low
Yavatmal,Sesamum,Kharif,2020,868.84,172.38,0.2,,0.4762281725751833,0.6030627334466075,0.1871936881891159,5,27.14150967741936,23.657815053763443,31.20243010752688,6.108959139784948,2.154279569892473,80.36677204301076,0.7977827956989247,0.8155397849462366,16.19537419354839,False,False,False,medium
Yavatmal,Sesamum,Kharif,2021,868.84,118.77,0.14,0.2,0.4114655664617643,0.5737471118845295,0.1470742183393892,5,26.820587096774197,23.357720430107527,30.798733333333335,7.627572043010753,2.419963440860215,80.7442,0.8220666666666666,0.8385053763440862,16.210812903225808,False,False,False,medium
Yavatmal,Sesamum,Kharif,2022,605.99,134.9,0.22,0.14,0.4438468695184738,0.6287936463754271,0.16713395326425254,5,26.81891182795699,23.39530322580645,30.7718623655914,8.332270967741936,2.563352688172043,80.62689032258064,0.8587311827956989,0.841883870967742,15.89998494623656,True,False,True,medium
Yavatmal,Sesamum,Rabi,2020,98.98,27.22,0.28,,0.403219581740306,0.5837882723808185,0.2647458553525479,5,23.16181044546851,15.749783410138246,31.74672242703533,0.1562362519201229,1.7051130568356374,47.46865284178188,0.6083522273425499,0.4174490015360983,17.529560215053767,False,False,False,medium
Yavatmal,Sesamum,Rabi,2021,98.97,70.71,0.71,0.28,0.4058955234742766,0.5408017018097697,0.27437019274668,5,22.350753456221195,15.414386175115208,29.875185867895546,0.2995674347158218,1.6427880184331798,57.075155606758834,0.6612542242703533,0.5717254992319508,17.071175422427036,False,False,False,medium
Yavatmal,Sesamum,Rabi,2022,93.91,31.46,0.34,0.71,0.4042550140066273,0.5470936378189392,0.2553308021768336,5,22.8092643625192,15.202963901689708,31.146091551459296,0.1035483870967741,1.5658761904761902,50.36792242703533,0.6281388632872503,0.4750534562211982,17.892311213517665,False,False,False,medium
Yavatmal,Sesamum,Summer,2020,2035.0,288.29,0.14,,0.2006114195216896,0.2307095569314762,0.1705132821119031,2,34.977774193548385,27.091349462365592,42.56972043010753,0.3602365591397849,2.3584408602150537,24.812053763440854,0.5767311827956989,0.2469569892473118,24.805973118279567,False,False,False,low
Yavatmal,Sesamum,Summer,2021,2482.3,351.67,0.14,0.14,0.194939796933835,0.2091131074746181,0.180766486393052,2,33.84113440860215,26.739967741935484,40.878193548387095,0.6127956989247312,2.428505376344086,28.6492311827957,0.5784731182795698,0.2638333333333333,22.18483870967742,False,False,False,low
Yavatmal,Sesamum,Summer,2022,5445.0,848.0,0.16,0.14,0.1995791180848145,0.2190358164889721,0.1801224196806569,2,35.873521505376345,28.118510752688174,43.472913978494624,0.1781935483870967,2.6613387096774197,21.3030376344086,0.5711290322580644,0.152521505376344,23.21791397849462,False,False,False,low
Yavatmal,Soyabean,Kharif,2020,285068.58,285074.34,1.0,,0.4762281725751833,0.6030627334466075,0.1871936881891159,5,27.14150967741936,23.657815053763443,31.20243010752688,6.108959139784948,2.154279569892473,80.36677204301076,0.7977827956989247,0.8155397849462366,16.19537419354839,False,False,False,medium
Yavatmal,Soyabean,Kharif,2021,285068.58,286693.47,1.01,1.0,0.4114655664617643,0.5737471118845295,0.1470742183393892,5,26.820587096774197,23.357720430107527,30.798733333333335,7.627572043010753,2.419963440860215,80.7442,0.8220666666666666,0.8385053763440862,16.210812903225808,False,False,False,medium
Yavatmal,Soyabean,Kharif,2022,281907.0,230092.0,0.82,1.01,0.4438468695184738,0.6287936463754271,0.16713395326425254,5,26.81891182795699,23.39530322580645,30.7718623655914,8.332270967741936,2.563352688172043,80.62689032258064,0.8587311827956989,0.841883870967742,15.89998494623656,True,False,True,medium
Yavatmal,Soyabean,Summer,2021,2363.9,1181.95,0.5,,0.194939796933835,0.2091131074746181,0.180766486393052,2,33.84113440860215,26.739967741935484,40.878193548387095,0.6127956989247312,2.428505376344086,28.6492311827957,0.5784731182795698,0.2638333333333333,22.18483870967742,False,False,False,low
Yavatmal,Soyabean,Summer,2022,1005.3,653.45,0.65,0.5,0.1995791180848145,0.2190358164889721,0.1801224196806569,2,35.873521505376345,28.118510752688174,43.472913978494624,0.1781935483870967,2.6613387096774197,21.3030376344086,0.5711290322580644,0.152521505376344,23.21791397849462,False,False,False,low
Yavatmal,Sugarcane,Whole Year,2020,10960.0,827719.91,75.52,,0.410548517378369,0.6030627334466075,0.1705132821119031,12,26.26146344703992,20.56095754542084,32.639919200346064,2.772328451365715,2.0553961500432583,61.91914995056237,0.6870643925349152,0.6011785626004202,18.075854406130272,False,False,False,high
Yavatmal,Sugarcane,Whole Year,2021,12011.0,1184561.8,98.62,75.52,0.368656205081562,0.5737471118845295,0.1470742183393892,12,26.495216717869948,20.964820148489498,32.560827892985145,3.375403097798259,2.108883128520225,59.42521108550947,0.7068761520737327,0.5866413850486432,17.45448342293907,False,False,False,high
Yavatmal,Sugarcane,Whole Year,2022,12000.0,763560.0,63.63,98.62,0.3896023612299655,0.6287936463754271,0.15879375022564612,12,26.43269566052227,20.665257680491557,32.71765540194572,3.594299155145929,2.1690416026625705,60.35488293650793,0.7209087941628264,0.6057503200204813,17.90416897081413,True,False,True,high
Yavatmal,Urad,Kharif,2020,6919.5,2700.25,0.39,,0.4762281725751833,0.6030627334466075,0.1871936881891159,5,27.14150967741936,23.657815053763443,31.20243010752688,6.108959139784948,2.154279569892473,80.36677204301076,0.7977827956989247,0.8155397849462366,16.19537419354839,False,False,False,medium
Yavatmal,Urad,Kharif,2021,6919.5,2463.34,0.36,0.39,0.4114655664617643,0.5737471118845295,0.1470742183393892,5,26.820587096774197,23.357720430107527,30.798733333333335,7.627572043010753,2.419963440860215,80.7442,0.8220666666666666,0.8385053763440862,16.210812903225808,False,False,False,medium
Yavatmal,Urad,Kharif,2022,6135.43,1911.8,0.31,0.36,0.4438468695184738,0.6287936463754271,0.16713395326425254,5,26.81891182795699,23.39530322580645,30.7718623655914,8.332270967741936,2.563352688172043,80.62689032258064,0.8587311827956989,0.841883870967742,15.89998494623656,True,False,True,medium
Yavatmal,Urad,Summer,2022,29.3,12.73,0.43,,0.1995791180848145,0.2190358164889721,0.1801224196806569,2,35.873521505376345,28.118510752688174,43.472913978494624,0.1781935483870967,2.6613387096774197,21.3030376344086,0.5711290322580644,0.152521505376344,23.21791397849462,False,False,False,low
Yavatmal,Wheat,Rabi,2020,48889.86,69842.26,1.43,,0.403219581740306,0.5837882723808185,0.2647458553525479,5,23.16181044546851,15.749783410138246,31.74672242703533,0.1562362519201229,1.7051130568356374,47.46865284178188,0.6083522273425499,0.4174490015360983,17.529560215053767,False,False,False,medium
Yavatmal,Wheat,Rabi,2021,48889.84,95659.82,1.96,1.43,0.4058955234742766,0.5408017018097697,0.27437019274668,5,22.350753456221195,15.414386175115208,29.875185867895546,0.2995674347158218,1.6427880184331798,57.075155606758834,0.6612542242703533,0.5717254992319508,17.071175422427036,False,False,False,medium
Yavatmal,Wheat,Rabi,2022,54634.88,55339.67,1.01,1.96,0.4042550140066273,0.5470936378189392,0.2553308021768336,5,22.8092643625192,15.202963901689708,31.146091551459296,0.1035483870967741,1.5658761904761902,50.36792242703533,0.6281388632872503,0.4750534562211982,17.892311213517665,False,False,False,medium
Yavatmal,other oilseeds,Rabi,2020,14.5,5.8,0.4,,0.403219581740306,0.5837882723808185,0.2647458553525479,5,23.16181044546851,15.749783410138246,31.74672242703533,0.1562362519201229,1.7051130568356374,47.46865284178188,0.6083522273425499,0.4174490015360983,17.529560215053767,False,False,False,medium
Yavatmal,other oilseeds,Rabi,2021,1118.45,34.0,0.03,0.4,0.4058955234742766,0.5408017018097697,0.27437019274668,5,22.350753456221195,15.414386175115208,29.875185867895546,0.2995674347158218,1.6427880184331798,57.075155606758834,0.6612542242703533,0.5717254992319508,17.071175422427036,False,False,False,medium
Yavatmal,other oilseeds,Rabi,2022,713.0,273.31,0.38,0.03,0.4042550140066273,0.5470936378189392,0.2553308021768336,5,22.8092643625192,15.202963901689708,31.146091551459296,0.1035483870967741,1.5658761904761902,50.36792242703533,0.6281388632872503,0.4750534562211982,17.892311213517665,False,False,False,medium
Yavatmal,other oilseeds,Summer,2020,756.7,97.74,0.13,,0.2006114195216896,0.2307095569314762,0.1705132821119031,2,34.977774193548385,27.091349462365592,42.56972043010753,0.3602365591397849,2.3584408602150537,24.812053763440854,0.5767311827956989,0.2469569892473118,24.805973118279567,False,False,False,low
Yavatmal,other oilseeds,Summer,2022,36.0,7.2,0.2,0.13,0.1995791180848145,0.2190358164889721,0.1801224196806569,2,35.873521505376345,28.118510752688174,43.472913978494624,0.1781935483870967,2.6613387096774197,21.3030376344086,0.5711290322580644,0.152521505376344,23.21791397849462,False,False,False,low
